ISO-10303-21;
HEADER;
/* Generated by software containing ST-Developer
 * from STEP Tools, Inc. (www.steptools.com) 
 */

FILE_DESCRIPTION(
/* description */ (''),
/* implementation_level */ '2;1');

FILE_NAME(
/* name */ 'Sherrifs macro pad assembled.step',
/* time_stamp */ '2026-02-12T11:54:03+01:00',
/* author */ (''),
/* organization */ (''),
/* preprocessor_version */ 'ST-DEVELOPER v20.1',
/* originating_system */ 'Autodesk Translation Framework v14.21.0.0',
/* authorisation */ '');

FILE_SCHEMA (('AUTOMOTIVE_DESIGN { 1 0 10303 214 3 1 1 }'));
ENDSEC;

DATA;
#10=MECHANICAL_DESIGN_GEOMETRIC_PRESENTATION_REPRESENTATION('',(#45,#46,
#47,#48,#49,#50,#51),#17553);
#11=ITEM_DEFINED_TRANSFORMATION($,$,#9193,#9380);
#12=ITEM_DEFINED_TRANSFORMATION($,$,#9382,#9549);
#13=ITEM_DEFINED_TRANSFORMATION($,$,#9192,#9631);
#14=ITEM_DEFINED_TRANSFORMATION($,$,#9381,#9632);
#15=ITEM_DEFINED_TRANSFORMATION($,$,#9550,#9633);
#16=ITEM_DEFINED_TRANSFORMATION($,$,#9616,#9634);
#17=(
REPRESENTATION_RELATIONSHIP($,$,#17580,#17579)
REPRESENTATION_RELATIONSHIP_WITH_TRANSFORMATION(#11)
SHAPE_REPRESENTATION_RELATIONSHIP()
);
#18=(
REPRESENTATION_RELATIONSHIP($,$,#17582,#17581)
REPRESENTATION_RELATIONSHIP_WITH_TRANSFORMATION(#12)
SHAPE_REPRESENTATION_RELATIONSHIP()
);
#19=(
REPRESENTATION_RELATIONSHIP($,$,#17579,#17578)
REPRESENTATION_RELATIONSHIP_WITH_TRANSFORMATION(#13)
SHAPE_REPRESENTATION_RELATIONSHIP()
);
#20=(
REPRESENTATION_RELATIONSHIP($,$,#17581,#17578)
REPRESENTATION_RELATIONSHIP_WITH_TRANSFORMATION(#14)
SHAPE_REPRESENTATION_RELATIONSHIP()
);
#21=(
REPRESENTATION_RELATIONSHIP($,$,#17583,#17578)
REPRESENTATION_RELATIONSHIP_WITH_TRANSFORMATION(#15)
SHAPE_REPRESENTATION_RELATIONSHIP()
);
#22=(
REPRESENTATION_RELATIONSHIP($,$,#17584,#17578)
REPRESENTATION_RELATIONSHIP_WITH_TRANSFORMATION(#16)
SHAPE_REPRESENTATION_RELATIONSHIP()
);
#23=CONTEXT_DEPENDENT_SHAPE_REPRESENTATION(#17,#17568);
#24=CONTEXT_DEPENDENT_SHAPE_REPRESENTATION(#18,#17571);
#25=CONTEXT_DEPENDENT_SHAPE_REPRESENTATION(#19,#17574);
#26=CONTEXT_DEPENDENT_SHAPE_REPRESENTATION(#20,#17575);
#27=CONTEXT_DEPENDENT_SHAPE_REPRESENTATION(#21,#17576);
#28=CONTEXT_DEPENDENT_SHAPE_REPRESENTATION(#22,#17577);
#29=NEXT_ASSEMBLY_USAGE_OCCURRENCE('Shreyas'' Fun MacroPad:1',
'Shreyas'' Fun MacroPad:1','Shreyas'' Fun MacroPad:1',#17587,#17588,
'Shreyas'' Fun MacroPad:1');
#30=NEXT_ASSEMBLY_USAGE_OCCURRENCE('test macropad 1_PCB:1',
'test macropad 1_PCB:1','test macropad 1_PCB:1',#17589,#17590,
'test macropad 1_PCB:1');
#31=NEXT_ASSEMBLY_USAGE_OCCURRENCE('sherrifs macro pad v3:1',
'sherrifs macro pad v3:1','sherrifs macro pad v3:1',#17586,#17587,
'sherrifs macro pad v3:1');
#32=NEXT_ASSEMBLY_USAGE_OCCURRENCE('sherrifs pcb assembled v2:1',
'sherrifs pcb assembled v2:1','sherrifs pcb assembled v2:1',#17586,#17589,
'sherrifs pcb assembled v2:1');
#33=NEXT_ASSEMBLY_USAGE_OCCURRENCE(
'sherrifs macro pad top plate v2 v5:1',
'sherrifs macro pad top plate v2 v5:1',
'sherrifs macro pad top plate v2 v5:1',#17586,#17591,
'sherrifs macro pad top plate v2 v5:1');
#34=NEXT_ASSEMBLY_USAGE_OCCURRENCE('rotary encoder v1:1',
'rotary encoder v1:1','rotary encoder v1:1',#17586,#17592,
'rotary encoder v1:1');
#35=SHAPE_REPRESENTATION_RELATIONSHIP('SRR','None',#17580,#40);
#36=SHAPE_REPRESENTATION_RELATIONSHIP('SRR','None',#17579,#41);
#37=SHAPE_REPRESENTATION_RELATIONSHIP('SRR','None',#17582,#42);
#38=SHAPE_REPRESENTATION_RELATIONSHIP('SRR','None',#17583,#43);
#39=SHAPE_REPRESENTATION_RELATIONSHIP('SRR','None',#17584,#44);
#40=ADVANCED_BREP_SHAPE_REPRESENTATION('',(#52),#17548);
#41=ADVANCED_BREP_SHAPE_REPRESENTATION('',(#53,#54,#55),#17547);
#42=ADVANCED_BREP_SHAPE_REPRESENTATION('',(#56),#17550);
#43=ADVANCED_BREP_SHAPE_REPRESENTATION('',(#57),#17551);
#44=ADVANCED_BREP_SHAPE_REPRESENTATION('',(#58),#17552);
#45=STYLED_ITEM('',(#17617),#52);
#46=STYLED_ITEM('',(#17617),#53);
#47=STYLED_ITEM('',(#17617),#54);
#48=STYLED_ITEM('',(#17617),#55);
#49=STYLED_ITEM('',(#17618),#56);
#50=STYLED_ITEM('',(#17617),#57);
#51=STYLED_ITEM('',(#17617),#58);
#52=MANIFOLD_SOLID_BREP('K\X\F6rper1',#9139);
#53=MANIFOLD_SOLID_BREP('K\X\F6rper1',#9140);
#54=MANIFOLD_SOLID_BREP('K\X\F6rper2',#9141);
#55=MANIFOLD_SOLID_BREP('K\X\F6rper4',#9142);
#56=MANIFOLD_SOLID_BREP('K\X\F6rper1',#9143);
#57=MANIFOLD_SOLID_BREP('K\X\F6rper1',#9144);
#58=MANIFOLD_SOLID_BREP('K\X\F6rper1',#9145);
#59=CONICAL_SURFACE('',#9346,1.7,0.0174532925199433);
#60=CONICAL_SURFACE('',#9349,1.7,0.0174532925199433);
#61=CONICAL_SURFACE('',#9352,1.7,0.0174532925199433);
#62=CONICAL_SURFACE('',#9355,1.7,0.0174532925199433);
#63=CYLINDRICAL_SURFACE('',#9312,1.7);
#64=CYLINDRICAL_SURFACE('',#9317,5.);
#65=CYLINDRICAL_SURFACE('',#9327,5.);
#66=CYLINDRICAL_SURFACE('',#9328,5.);
#67=CYLINDRICAL_SURFACE('',#9329,5.);
#68=CYLINDRICAL_SURFACE('',#9337,3.);
#69=CYLINDRICAL_SURFACE('',#9338,2.99987234431915);
#70=CYLINDRICAL_SURFACE('',#9340,3.);
#71=CYLINDRICAL_SURFACE('',#9342,3.);
#72=CYLINDRICAL_SURFACE('',#9356,1.7);
#73=CYLINDRICAL_SURFACE('',#9359,2.99987234431915);
#74=CYLINDRICAL_SURFACE('',#9364,1.7);
#75=CYLINDRICAL_SURFACE('',#9367,3.);
#76=CYLINDRICAL_SURFACE('',#9375,1.7);
#77=CYLINDRICAL_SURFACE('',#9377,3.);
#78=CYLINDRICAL_SURFACE('',#9493,0.85);
#79=CYLINDRICAL_SURFACE('',#9494,2.);
#80=CYLINDRICAL_SURFACE('',#9495,0.85);
#81=CYLINDRICAL_SURFACE('',#9496,0.85);
#82=CYLINDRICAL_SURFACE('',#9497,0.75);
#83=CYLINDRICAL_SURFACE('',#9498,0.75);
#84=CYLINDRICAL_SURFACE('',#9499,2.);
#85=CYLINDRICAL_SURFACE('',#9500,0.85);
#86=CYLINDRICAL_SURFACE('',#9501,0.85);
#87=CYLINDRICAL_SURFACE('',#9502,0.75);
#88=CYLINDRICAL_SURFACE('',#9503,0.75);
#89=CYLINDRICAL_SURFACE('',#9504,0.75);
#90=CYLINDRICAL_SURFACE('',#9505,2.);
#91=CYLINDRICAL_SURFACE('',#9506,0.85);
#92=CYLINDRICAL_SURFACE('',#9507,0.85);
#93=CYLINDRICAL_SURFACE('',#9508,2.);
#94=CYLINDRICAL_SURFACE('',#9509,0.75);
#95=CYLINDRICAL_SURFACE('',#9510,0.75);
#96=CYLINDRICAL_SURFACE('',#9511,0.85);
#97=CYLINDRICAL_SURFACE('',#9512,0.85);
#98=CYLINDRICAL_SURFACE('',#9513,2.);
#99=CYLINDRICAL_SURFACE('',#9514,0.85);
#100=CYLINDRICAL_SURFACE('',#9515,0.75);
#101=CYLINDRICAL_SURFACE('',#9516,0.75);
#102=CYLINDRICAL_SURFACE('',#9517,0.75);
#103=CYLINDRICAL_SURFACE('',#9518,0.4445);
#104=CYLINDRICAL_SURFACE('',#9519,0.4445);
#105=CYLINDRICAL_SURFACE('',#9520,0.4445);
#106=CYLINDRICAL_SURFACE('',#9521,0.4445);
#107=CYLINDRICAL_SURFACE('',#9522,0.4445);
#108=CYLINDRICAL_SURFACE('',#9523,0.4445);
#109=CYLINDRICAL_SURFACE('',#9524,0.4445);
#110=CYLINDRICAL_SURFACE('',#9525,0.4445);
#111=CYLINDRICAL_SURFACE('',#9526,0.75);
#112=CYLINDRICAL_SURFACE('',#9528,0.75);
#113=CYLINDRICAL_SURFACE('',#9530,0.5);
#114=CYLINDRICAL_SURFACE('',#9531,0.5);
#115=CYLINDRICAL_SURFACE('',#9532,0.5);
#116=CYLINDRICAL_SURFACE('',#9533,0.4445);
#117=CYLINDRICAL_SURFACE('',#9534,0.4445);
#118=CYLINDRICAL_SURFACE('',#9535,0.4445);
#119=CYLINDRICAL_SURFACE('',#9536,0.4445);
#120=CYLINDRICAL_SURFACE('',#9537,0.4445);
#121=CYLINDRICAL_SURFACE('',#9538,0.4445);
#122=CYLINDRICAL_SURFACE('',#9539,0.5);
#123=CYLINDRICAL_SURFACE('',#9540,0.5);
#124=CYLINDRICAL_SURFACE('',#9541,0.75);
#125=CYLINDRICAL_SURFACE('',#9543,0.75);
#126=CYLINDRICAL_SURFACE('',#9545,0.5);
#127=CYLINDRICAL_SURFACE('',#9546,0.5);
#128=CYLINDRICAL_SURFACE('',#9547,0.5);
#129=CYLINDRICAL_SURFACE('',#9548,0.5);
#130=CYLINDRICAL_SURFACE('',#9551,8.);
#131=CYLINDRICAL_SURFACE('',#9554,5.);
#132=CYLINDRICAL_SURFACE('',#9566,5.);
#133=CYLINDRICAL_SURFACE('',#9569,5.);
#134=CYLINDRICAL_SURFACE('',#9571,5.);
#135=CYLINDRICAL_SURFACE('',#9606,1.7);
#136=CYLINDRICAL_SURFACE('',#9608,1.7);
#137=CYLINDRICAL_SURFACE('',#9610,1.7);
#138=CYLINDRICAL_SURFACE('',#9612,1.7);
#139=CYLINDRICAL_SURFACE('',#9617,3.35000000000004);
#140=CYLINDRICAL_SURFACE('',#9622,5.24999999999999);
#141=CYLINDRICAL_SURFACE('',#9626,7.25000000000001);
#142=CIRCLE('',#9295,5.);
#143=CIRCLE('',#9296,5.);
#144=CIRCLE('',#9297,5.);
#145=CIRCLE('',#9298,5.);
#146=CIRCLE('',#9299,3.);
#147=CIRCLE('',#9300,3.);
#148=CIRCLE('',#9301,3.);
#149=CIRCLE('',#9302,2.99987234431915);
#150=CIRCLE('',#9313,1.7);
#151=CIRCLE('',#9314,1.7);
#152=CIRCLE('',#9316,3.);
#153=CIRCLE('',#9318,5.);
#154=CIRCLE('',#9320,5.);
#155=CIRCLE('',#9321,5.);
#156=CIRCLE('',#9322,5.);
#157=CIRCLE('',#9323,1.52719485721065);
#158=CIRCLE('',#9324,1.52719485721065);
#159=CIRCLE('',#9325,1.52719485721065);
#160=CIRCLE('',#9326,1.52719485721065);
#161=CIRCLE('',#9339,2.99987234431915);
#162=CIRCLE('',#9341,3.);
#163=CIRCLE('',#9343,3.);
#164=CIRCLE('',#9347,1.7);
#165=CIRCLE('',#9350,1.7);
#166=CIRCLE('',#9353,1.7);
#167=CIRCLE('',#9357,1.7);
#168=CIRCLE('',#9358,1.7);
#169=CIRCLE('',#9360,2.99987234431915);
#170=CIRCLE('',#9361,2.99987234431915);
#171=CIRCLE('',#9365,1.7);
#172=CIRCLE('',#9366,1.7);
#173=CIRCLE('',#9368,3.);
#174=CIRCLE('',#9369,3.);
#175=CIRCLE('',#9373,3.);
#176=CIRCLE('',#9374,1.7);
#177=CIRCLE('',#9376,1.7);
#178=CIRCLE('',#9378,3.);
#179=CIRCLE('',#9387,0.85);
#180=CIRCLE('',#9388,2.);
#181=CIRCLE('',#9389,0.85);
#182=CIRCLE('',#9390,0.85);
#183=CIRCLE('',#9391,0.75);
#184=CIRCLE('',#9392,0.75);
#185=CIRCLE('',#9393,2.);
#186=CIRCLE('',#9394,0.85);
#187=CIRCLE('',#9395,0.85);
#188=CIRCLE('',#9396,0.75);
#189=CIRCLE('',#9397,0.75);
#190=CIRCLE('',#9398,0.75);
#191=CIRCLE('',#9399,2.);
#192=CIRCLE('',#9400,0.85);
#193=CIRCLE('',#9401,0.85);
#194=CIRCLE('',#9402,2.);
#195=CIRCLE('',#9403,0.75);
#196=CIRCLE('',#9404,0.75);
#197=CIRCLE('',#9405,0.85);
#198=CIRCLE('',#9406,0.85);
#199=CIRCLE('',#9407,2.);
#200=CIRCLE('',#9408,0.85);
#201=CIRCLE('',#9409,0.75);
#202=CIRCLE('',#9410,0.75);
#203=CIRCLE('',#9411,0.75);
#204=CIRCLE('',#9412,0.4445);
#205=CIRCLE('',#9413,0.4445);
#206=CIRCLE('',#9414,0.4445);
#207=CIRCLE('',#9415,0.4445);
#208=CIRCLE('',#9416,0.4445);
#209=CIRCLE('',#9417,0.4445);
#210=CIRCLE('',#9418,0.4445);
#211=CIRCLE('',#9419,0.4445);
#212=CIRCLE('',#9420,0.75);
#213=CIRCLE('',#9421,0.75);
#214=CIRCLE('',#9422,0.5);
#215=CIRCLE('',#9423,0.5);
#216=CIRCLE('',#9424,0.5);
#217=CIRCLE('',#9425,0.4445);
#218=CIRCLE('',#9426,0.4445);
#219=CIRCLE('',#9427,0.4445);
#220=CIRCLE('',#9428,0.4445);
#221=CIRCLE('',#9429,0.4445);
#222=CIRCLE('',#9430,0.4445);
#223=CIRCLE('',#9431,0.5);
#224=CIRCLE('',#9432,0.5);
#225=CIRCLE('',#9433,0.75);
#226=CIRCLE('',#9434,0.75);
#227=CIRCLE('',#9435,0.5);
#228=CIRCLE('',#9436,0.5);
#229=CIRCLE('',#9437,0.5);
#230=CIRCLE('',#9438,0.5);
#231=CIRCLE('',#9440,0.85);
#232=CIRCLE('',#9441,2.);
#233=CIRCLE('',#9442,0.85);
#234=CIRCLE('',#9443,0.85);
#235=CIRCLE('',#9444,0.75);
#236=CIRCLE('',#9445,0.75);
#237=CIRCLE('',#9446,2.);
#238=CIRCLE('',#9447,0.85);
#239=CIRCLE('',#9448,0.85);
#240=CIRCLE('',#9449,0.75);
#241=CIRCLE('',#9450,0.75);
#242=CIRCLE('',#9451,0.75);
#243=CIRCLE('',#9452,2.);
#244=CIRCLE('',#9453,0.85);
#245=CIRCLE('',#9454,0.85);
#246=CIRCLE('',#9455,2.);
#247=CIRCLE('',#9456,0.75);
#248=CIRCLE('',#9457,0.75);
#249=CIRCLE('',#9458,0.85);
#250=CIRCLE('',#9459,0.85);
#251=CIRCLE('',#9460,2.);
#252=CIRCLE('',#9461,0.85);
#253=CIRCLE('',#9462,0.75);
#254=CIRCLE('',#9463,0.75);
#255=CIRCLE('',#9464,0.75);
#256=CIRCLE('',#9465,0.4445);
#257=CIRCLE('',#9466,0.4445);
#258=CIRCLE('',#9467,0.4445);
#259=CIRCLE('',#9468,0.4445);
#260=CIRCLE('',#9469,0.4445);
#261=CIRCLE('',#9470,0.4445);
#262=CIRCLE('',#9471,0.4445);
#263=CIRCLE('',#9472,0.4445);
#264=CIRCLE('',#9473,0.75);
#265=CIRCLE('',#9474,0.75);
#266=CIRCLE('',#9475,0.5);
#267=CIRCLE('',#9476,0.5);
#268=CIRCLE('',#9477,0.5);
#269=CIRCLE('',#9478,0.4445);
#270=CIRCLE('',#9479,0.4445);
#271=CIRCLE('',#9480,0.4445);
#272=CIRCLE('',#9481,0.4445);
#273=CIRCLE('',#9482,0.4445);
#274=CIRCLE('',#9483,0.4445);
#275=CIRCLE('',#9484,0.5);
#276=CIRCLE('',#9485,0.5);
#277=CIRCLE('',#9486,0.75);
#278=CIRCLE('',#9487,0.75);
#279=CIRCLE('',#9488,0.5);
#280=CIRCLE('',#9489,0.5);
#281=CIRCLE('',#9490,0.5);
#282=CIRCLE('',#9491,0.5);
#283=CIRCLE('',#9552,8.);
#284=CIRCLE('',#9553,8.);
#285=CIRCLE('',#9555,5.);
#286=CIRCLE('',#9556,5.);
#287=CIRCLE('',#9559,5.);
#288=CIRCLE('',#9560,5.);
#289=CIRCLE('',#9561,5.);
#290=CIRCLE('',#9562,1.7);
#291=CIRCLE('',#9563,1.7);
#292=CIRCLE('',#9564,1.7);
#293=CIRCLE('',#9565,1.7);
#294=CIRCLE('',#9567,5.);
#295=CIRCLE('',#9570,5.);
#296=CIRCLE('',#9572,5.);
#297=CIRCLE('',#9607,1.7);
#298=CIRCLE('',#9609,1.7);
#299=CIRCLE('',#9611,1.7);
#300=CIRCLE('',#9613,1.7);
#301=CIRCLE('',#9618,3.35000007912882);
#302=CIRCLE('',#9619,3.35000000000004);
#303=CIRCLE('',#9623,5.24999999999999);
#304=CIRCLE('',#9624,5.24999999999999);
#305=CIRCLE('',#9627,7.25000000000001);
#306=CIRCLE('',#9628,7.25000000000001);
#307=FACE_BOUND('',#1702,.T.);
#308=FACE_BOUND('',#1740,.T.);
#309=FACE_BOUND('',#1763,.T.);
#310=FACE_BOUND('',#1814,.T.);
#311=FACE_BOUND('',#1837,.T.);
#312=FACE_BOUND('',#1879,.T.);
#313=FACE_BOUND('',#1911,.T.);
#314=FACE_BOUND('',#1912,.T.);
#315=FACE_BOUND('',#1913,.T.);
#316=FACE_BOUND('',#1914,.T.);
#317=FACE_BOUND('',#1915,.T.);
#318=FACE_BOUND('',#1916,.T.);
#319=FACE_BOUND('',#1917,.T.);
#320=FACE_BOUND('',#1918,.T.);
#321=FACE_BOUND('',#1919,.T.);
#322=FACE_BOUND('',#1920,.T.);
#323=FACE_BOUND('',#1921,.T.);
#324=FACE_BOUND('',#1922,.T.);
#325=FACE_BOUND('',#1923,.T.);
#326=FACE_BOUND('',#1924,.T.);
#327=FACE_BOUND('',#1925,.T.);
#328=FACE_BOUND('',#1926,.T.);
#329=FACE_BOUND('',#1927,.T.);
#330=FACE_BOUND('',#1928,.T.);
#331=FACE_BOUND('',#1929,.T.);
#332=FACE_BOUND('',#1930,.T.);
#333=FACE_BOUND('',#1942,.T.);
#334=FACE_BOUND('',#1945,.T.);
#335=FACE_BOUND('',#1946,.T.);
#336=FACE_BOUND('',#1947,.T.);
#337=FACE_BOUND('',#1948,.T.);
#338=FACE_BOUND('',#1967,.T.);
#339=FACE_BOUND('',#1970,.T.);
#340=FACE_BOUND('',#1973,.T.);
#341=FACE_BOUND('',#1978,.T.);
#342=FACE_BOUND('',#1980,.T.);
#343=FACE_BOUND('',#1984,.T.);
#344=FACE_BOUND('',#1986,.T.);
#345=FACE_BOUND('',#1988,.T.);
#346=FACE_BOUND('',#1992,.T.);
#347=FACE_BOUND('',#1997,.T.);
#348=FACE_BOUND('',#1998,.T.);
#349=FACE_BOUND('',#1999,.T.);
#350=FACE_BOUND('',#2000,.T.);
#351=FACE_BOUND('',#2001,.T.);
#352=FACE_BOUND('',#2002,.T.);
#353=FACE_BOUND('',#2003,.T.);
#354=FACE_BOUND('',#2004,.T.);
#355=FACE_BOUND('',#2005,.T.);
#356=FACE_BOUND('',#2006,.T.);
#357=FACE_BOUND('',#2007,.T.);
#358=FACE_BOUND('',#2008,.T.);
#359=FACE_BOUND('',#2009,.T.);
#360=FACE_BOUND('',#2010,.T.);
#361=FACE_BOUND('',#2011,.T.);
#362=FACE_BOUND('',#2012,.T.);
#363=FACE_BOUND('',#2013,.T.);
#364=FACE_BOUND('',#2014,.T.);
#365=FACE_BOUND('',#2015,.T.);
#366=FACE_BOUND('',#2016,.T.);
#367=FACE_BOUND('',#2017,.T.);
#368=FACE_BOUND('',#2018,.T.);
#369=FACE_BOUND('',#2019,.T.);
#370=FACE_BOUND('',#2020,.T.);
#371=FACE_BOUND('',#2021,.T.);
#372=FACE_BOUND('',#2022,.T.);
#373=FACE_BOUND('',#2023,.T.);
#374=FACE_BOUND('',#2024,.T.);
#375=FACE_BOUND('',#2025,.T.);
#376=FACE_BOUND('',#2026,.T.);
#377=FACE_BOUND('',#2027,.T.);
#378=FACE_BOUND('',#2028,.T.);
#379=FACE_BOUND('',#2029,.T.);
#380=FACE_BOUND('',#2030,.T.);
#381=FACE_BOUND('',#2031,.T.);
#382=FACE_BOUND('',#2032,.T.);
#383=FACE_BOUND('',#2033,.T.);
#384=FACE_BOUND('',#2034,.T.);
#385=FACE_BOUND('',#2035,.T.);
#386=FACE_BOUND('',#2036,.T.);
#387=FACE_BOUND('',#2037,.T.);
#388=FACE_BOUND('',#2038,.T.);
#389=FACE_BOUND('',#2039,.T.);
#390=FACE_BOUND('',#2040,.T.);
#391=FACE_BOUND('',#2041,.T.);
#392=FACE_BOUND('',#2042,.T.);
#393=FACE_BOUND('',#2043,.T.);
#394=FACE_BOUND('',#2044,.T.);
#395=FACE_BOUND('',#2045,.T.);
#396=FACE_BOUND('',#2046,.T.);
#397=FACE_BOUND('',#2048,.T.);
#398=FACE_BOUND('',#2049,.T.);
#399=FACE_BOUND('',#2050,.T.);
#400=FACE_BOUND('',#2051,.T.);
#401=FACE_BOUND('',#2052,.T.);
#402=FACE_BOUND('',#2053,.T.);
#403=FACE_BOUND('',#2054,.T.);
#404=FACE_BOUND('',#2055,.T.);
#405=FACE_BOUND('',#2056,.T.);
#406=FACE_BOUND('',#2057,.T.);
#407=FACE_BOUND('',#2058,.T.);
#408=FACE_BOUND('',#2059,.T.);
#409=FACE_BOUND('',#2060,.T.);
#410=FACE_BOUND('',#2061,.T.);
#411=FACE_BOUND('',#2062,.T.);
#412=FACE_BOUND('',#2063,.T.);
#413=FACE_BOUND('',#2064,.T.);
#414=FACE_BOUND('',#2065,.T.);
#415=FACE_BOUND('',#2066,.T.);
#416=FACE_BOUND('',#2067,.T.);
#417=FACE_BOUND('',#2068,.T.);
#418=FACE_BOUND('',#2069,.T.);
#419=FACE_BOUND('',#2070,.T.);
#420=FACE_BOUND('',#2071,.T.);
#421=FACE_BOUND('',#2072,.T.);
#422=FACE_BOUND('',#2073,.T.);
#423=FACE_BOUND('',#2074,.T.);
#424=FACE_BOUND('',#2075,.T.);
#425=FACE_BOUND('',#2076,.T.);
#426=FACE_BOUND('',#2077,.T.);
#427=FACE_BOUND('',#2078,.T.);
#428=FACE_BOUND('',#2079,.T.);
#429=FACE_BOUND('',#2080,.T.);
#430=FACE_BOUND('',#2081,.T.);
#431=FACE_BOUND('',#2082,.T.);
#432=FACE_BOUND('',#2083,.T.);
#433=FACE_BOUND('',#2084,.T.);
#434=FACE_BOUND('',#2085,.T.);
#435=FACE_BOUND('',#2086,.T.);
#436=FACE_BOUND('',#2087,.T.);
#437=FACE_BOUND('',#2088,.T.);
#438=FACE_BOUND('',#2089,.T.);
#439=FACE_BOUND('',#2090,.T.);
#440=FACE_BOUND('',#2091,.T.);
#441=FACE_BOUND('',#2092,.T.);
#442=FACE_BOUND('',#2093,.T.);
#443=FACE_BOUND('',#2094,.T.);
#444=FACE_BOUND('',#2095,.T.);
#445=FACE_BOUND('',#2096,.T.);
#446=FACE_BOUND('',#2097,.T.);
#447=FACE_BOUND('',#2159,.T.);
#448=FACE_BOUND('',#2160,.T.);
#449=FACE_BOUND('',#2161,.T.);
#450=FACE_BOUND('',#2162,.T.);
#451=FACE_BOUND('',#2163,.T.);
#452=FACE_BOUND('',#2164,.T.);
#453=FACE_BOUND('',#2165,.T.);
#454=FACE_BOUND('',#2166,.T.);
#455=FACE_BOUND('',#2167,.T.);
#456=FACE_BOUND('',#2168,.T.);
#457=FACE_BOUND('',#2169,.T.);
#458=FACE_BOUND('',#2170,.T.);
#459=FACE_BOUND('',#2214,.T.);
#460=FACE_BOUND('',#2215,.T.);
#461=FACE_BOUND('',#2216,.T.);
#462=FACE_BOUND('',#2217,.T.);
#463=FACE_BOUND('',#2218,.T.);
#464=FACE_BOUND('',#2219,.T.);
#465=FACE_BOUND('',#2220,.T.);
#466=FACE_BOUND('',#2221,.T.);
#467=FACE_BOUND('',#2222,.T.);
#468=FACE_BOUND('',#2223,.T.);
#469=FACE_BOUND('',#2224,.T.);
#470=FACE_BOUND('',#2225,.T.);
#471=FACE_BOUND('',#2231,.T.);
#472=FACE_BOUND('',#2234,.T.);
#473=B_SPLINE_CURVE_WITH_KNOTS('',3,(#11271,#11272,#11273,#11274,#11275),
 .UNSPECIFIED.,.F.,.F.,(4,1,4),(0.,0.0175002571179083,0.0427296184234788),
 .UNSPECIFIED.);
#474=B_SPLINE_CURVE_WITH_KNOTS('',3,(#11278,#11279,#11280,#11281,#11282),
 .UNSPECIFIED.,.F.,.F.,(4,1,4),(0.,0.0175002571179083,0.0427296184234788),
 .UNSPECIFIED.);
#475=B_SPLINE_CURVE_WITH_KNOTS('',3,(#11294,#11295,#11296,#11297,#11298),
 .UNSPECIFIED.,.F.,.F.,(4,1,4),(0.,0.0140068951004858,0.0278453430691762),
 .UNSPECIFIED.);
#476=B_SPLINE_CURVE_WITH_KNOTS('',3,(#11301,#11302,#11303,#11304,#11305),
 .UNSPECIFIED.,.F.,.F.,(4,1,4),(0.,0.0140068951004858,0.0278453430691762),
 .UNSPECIFIED.);
#477=B_SPLINE_CURVE_WITH_KNOTS('',3,(#11317,#11318,#11319,#11320,#11321),
 .UNSPECIFIED.,.F.,.F.,(4,1,4),(0.,0.0111570047702266,0.0235211277510928),
 .UNSPECIFIED.);
#478=B_SPLINE_CURVE_WITH_KNOTS('',3,(#11324,#11325,#11326,#11327,#11328),
 .UNSPECIFIED.,.F.,.F.,(4,1,4),(0.,0.0111570047702266,0.0235211277510928),
 .UNSPECIFIED.);
#479=B_SPLINE_CURVE_WITH_KNOTS('',3,(#11340,#11341,#11342,#11343,#11344),
 .UNSPECIFIED.,.F.,.F.,(4,1,4),(0.,0.0175478375585003,0.0302915888022492),
 .UNSPECIFIED.);
#480=B_SPLINE_CURVE_WITH_KNOTS('',3,(#11347,#11348,#11349,#11350,#11351),
 .UNSPECIFIED.,.F.,.F.,(4,1,4),(0.,0.0175478375585003,0.0302915888022492),
 .UNSPECIFIED.);
#481=B_SPLINE_CURVE_WITH_KNOTS('',3,(#11381,#11382,#11383,#11384,#11385),
 .UNSPECIFIED.,.F.,.F.,(4,1,4),(0.,0.0300533157303728,0.067619949516338),
 .UNSPECIFIED.);
#482=B_SPLINE_CURVE_WITH_KNOTS('',3,(#11388,#11389,#11390,#11391,#11392),
 .UNSPECIFIED.,.F.,.F.,(4,1,4),(0.,0.0300533157303728,0.067619949516338),
 .UNSPECIFIED.);
#483=B_SPLINE_CURVE_WITH_KNOTS('',3,(#11404,#11405,#11406,#11407,#11408),
 .UNSPECIFIED.,.F.,.F.,(4,1,4),(0.,0.0307745496059862,0.0585712071640321),
 .UNSPECIFIED.);
#484=B_SPLINE_CURVE_WITH_KNOTS('',3,(#11411,#11412,#11413,#11414,#11415),
 .UNSPECIFIED.,.F.,.F.,(4,1,4),(0.,0.0307745496059862,0.0585712071640321),
 .UNSPECIFIED.);
#485=B_SPLINE_CURVE_WITH_KNOTS('',3,(#11427,#11428,#11429,#11430,#11431),
 .UNSPECIFIED.,.F.,.F.,(4,1,4),(0.,0.0191753252698482,0.0406436564180958),
 .UNSPECIFIED.);
#486=B_SPLINE_CURVE_WITH_KNOTS('',3,(#11434,#11435,#11436,#11437,#11438),
 .UNSPECIFIED.,.F.,.F.,(4,1,4),(0.,0.0191753252698482,0.0406436564180958),
 .UNSPECIFIED.);
#487=B_SPLINE_CURVE_WITH_KNOTS('',3,(#11450,#11451,#11452,#11453,#11454),
 .UNSPECIFIED.,.F.,.F.,(4,1,4),(0.,0.0226831495764409,0.0423013739283002),
 .UNSPECIFIED.);
#488=B_SPLINE_CURVE_WITH_KNOTS('',3,(#11457,#11458,#11459,#11460,#11461),
 .UNSPECIFIED.,.F.,.F.,(4,1,4),(0.,0.0226831495764409,0.0423013739283002),
 .UNSPECIFIED.);
#489=B_SPLINE_CURVE_WITH_KNOTS('',3,(#11504,#11505,#11506,#11507,#11508),
 .UNSPECIFIED.,.F.,.F.,(4,1,4),(0.,0.028979881581567,0.0729929984976221),
 .UNSPECIFIED.);
#490=B_SPLINE_CURVE_WITH_KNOTS('',3,(#11511,#11512,#11513,#11514,#11515),
 .UNSPECIFIED.,.F.,.F.,(4,1,4),(0.,0.028979881581567,0.0729929984976221),
 .UNSPECIFIED.);
#491=B_SPLINE_CURVE_WITH_KNOTS('',3,(#11527,#11528,#11529,#11530,#11531),
 .UNSPECIFIED.,.F.,.F.,(4,1,4),(0.,0.0149165338667744,0.0297570342851003),
 .UNSPECIFIED.);
#492=B_SPLINE_CURVE_WITH_KNOTS('',3,(#11534,#11535,#11536,#11537,#11538),
 .UNSPECIFIED.,.F.,.F.,(4,1,4),(0.,0.0149165338667744,0.0297570342851003),
 .UNSPECIFIED.);
#493=B_SPLINE_CURVE_WITH_KNOTS('',3,(#11550,#11551,#11552,#11553,#11554),
 .UNSPECIFIED.,.F.,.F.,(4,1,4),(0.,0.0139791253394705,0.024224431296819),
 .UNSPECIFIED.);
#494=B_SPLINE_CURVE_WITH_KNOTS('',3,(#11557,#11558,#11559,#11560,#11561),
 .UNSPECIFIED.,.F.,.F.,(4,1,4),(0.,0.0139791253394705,0.024224431296819),
 .UNSPECIFIED.);
#495=B_SPLINE_CURVE_WITH_KNOTS('',3,(#11579,#11580,#11581,#11582,#11583),
 .UNSPECIFIED.,.F.,.F.,(4,1,4),(0.,0.0194988503314447,0.0422142450986106),
 .UNSPECIFIED.);
#496=B_SPLINE_CURVE_WITH_KNOTS('',3,(#11586,#11587,#11588,#11589,#11590),
 .UNSPECIFIED.,.F.,.F.,(4,1,4),(0.,0.0194988503314447,0.0422142450986106),
 .UNSPECIFIED.);
#497=B_SPLINE_CURVE_WITH_KNOTS('',3,(#11602,#11603,#11604,#11605,#11606),
 .UNSPECIFIED.,.F.,.F.,(4,1,4),(0.,0.0149863639506883,0.0313524787451872),
 .UNSPECIFIED.);
#498=B_SPLINE_CURVE_WITH_KNOTS('',3,(#11609,#11610,#11611,#11612,#11613),
 .UNSPECIFIED.,.F.,.F.,(4,1,4),(0.,0.0149863639506883,0.0313524787451872),
 .UNSPECIFIED.);
#499=B_SPLINE_CURVE_WITH_KNOTS('',3,(#11625,#11626,#11627,#11628,#11629),
 .UNSPECIFIED.,.F.,.F.,(4,1,4),(0.,0.0225851508528633,0.0395190248855081),
 .UNSPECIFIED.);
#500=B_SPLINE_CURVE_WITH_KNOTS('',3,(#11632,#11633,#11634,#11635,#11636),
 .UNSPECIFIED.,.F.,.F.,(4,1,4),(0.,0.0225851508528633,0.0395190248855081),
 .UNSPECIFIED.);
#501=B_SPLINE_CURVE_WITH_KNOTS('',3,(#11690,#11691,#11692,#11693,#11694),
 .UNSPECIFIED.,.F.,.F.,(4,1,4),(0.,0.00638160899904321,0.0139629041187847),
 .UNSPECIFIED.);
#502=B_SPLINE_CURVE_WITH_KNOTS('',3,(#11698,#11699,#11700,#11701,#11702),
 .UNSPECIFIED.,.F.,.F.,(4,1,4),(0.,0.00638160899904321,0.0139629041187847),
 .UNSPECIFIED.);
#503=B_SPLINE_CURVE_WITH_KNOTS('',3,(#11715,#11716,#11717,#11718,#11719),
 .UNSPECIFIED.,.F.,.F.,(4,1,4),(0.,0.00971792054609893,0.0168395821322046),
 .UNSPECIFIED.);
#504=B_SPLINE_CURVE_WITH_KNOTS('',3,(#11722,#11723,#11724,#11725,#11726),
 .UNSPECIFIED.,.F.,.F.,(4,1,4),(0.,0.00971792054609893,0.0168395821322046),
 .UNSPECIFIED.);
#505=B_SPLINE_CURVE_WITH_KNOTS('',3,(#11738,#11739,#11740,#11741,#11742),
 .UNSPECIFIED.,.F.,.F.,(4,1,4),(0.,0.0136310478455398,0.0242900791638909),
 .UNSPECIFIED.);
#506=B_SPLINE_CURVE_WITH_KNOTS('',3,(#11745,#11746,#11747,#11748,#11749),
 .UNSPECIFIED.,.F.,.F.,(4,1,4),(0.,0.0136310478455398,0.0242900791638909),
 .UNSPECIFIED.);
#507=B_SPLINE_CURVE_WITH_KNOTS('',3,(#11767,#11768,#11769,#11770,#11771),
 .UNSPECIFIED.,.F.,.F.,(4,1,4),(0.,0.0268892417982222,0.0638725149508653),
 .UNSPECIFIED.);
#508=B_SPLINE_CURVE_WITH_KNOTS('',3,(#11774,#11775,#11776,#11777,#11778),
 .UNSPECIFIED.,.F.,.F.,(4,1,4),(0.,0.0268892417982222,0.0638725149508653),
 .UNSPECIFIED.);
#509=B_SPLINE_CURVE_WITH_KNOTS('',3,(#11790,#11791,#11792,#11793,#11794),
 .UNSPECIFIED.,.F.,.F.,(4,1,4),(0.,0.0182307838513767,0.0424300798365257),
 .UNSPECIFIED.);
#510=B_SPLINE_CURVE_WITH_KNOTS('',3,(#11797,#11798,#11799,#11800,#11801),
 .UNSPECIFIED.,.F.,.F.,(4,1,4),(0.,0.0182307838513767,0.0424300798365257),
 .UNSPECIFIED.);
#511=B_SPLINE_CURVE_WITH_KNOTS('',3,(#11813,#11814,#11815,#11816,#11817),
 .UNSPECIFIED.,.F.,.F.,(4,1,4),(0.,0.0132419158108413,0.0277225499636257),
 .UNSPECIFIED.);
#512=B_SPLINE_CURVE_WITH_KNOTS('',3,(#11820,#11821,#11822,#11823,#11824),
 .UNSPECIFIED.,.F.,.F.,(4,1,4),(0.,0.0132419158108413,0.0277225499636257),
 .UNSPECIFIED.);
#513=B_SPLINE_CURVE_WITH_KNOTS('',3,(#11836,#11837,#11838,#11839,#11840),
 .UNSPECIFIED.,.F.,.F.,(4,1,4),(0.,0.0150455510379639,0.0282888203544418),
 .UNSPECIFIED.);
#514=B_SPLINE_CURVE_WITH_KNOTS('',3,(#11843,#11844,#11845,#11846,#11847),
 .UNSPECIFIED.,.F.,.F.,(4,1,4),(0.,0.0150455510379639,0.0282888203544418),
 .UNSPECIFIED.);
#515=B_SPLINE_CURVE_WITH_KNOTS('',3,(#11859,#11860,#11861,#11862,#11863),
 .UNSPECIFIED.,.F.,.F.,(4,1,4),(0.,0.0139849120238961,0.029431791111652),
 .UNSPECIFIED.);
#516=B_SPLINE_CURVE_WITH_KNOTS('',3,(#11866,#11867,#11868,#11869,#11870),
 .UNSPECIFIED.,.F.,.F.,(4,1,4),(0.,0.0139849120238961,0.029431791111652),
 .UNSPECIFIED.);
#517=B_SPLINE_CURVE_WITH_KNOTS('',3,(#11941,#11942,#11943,#11944,#11945),
 .UNSPECIFIED.,.F.,.F.,(4,1,4),(0.,0.00705074433410537,0.0190760181441381),
 .UNSPECIFIED.);
#518=B_SPLINE_CURVE_WITH_KNOTS('',3,(#11946,#11947,#11948,#11949,#11950),
 .UNSPECIFIED.,.F.,.F.,(4,1,4),(0.,0.00705074433410537,0.0190760181441381),
 .UNSPECIFIED.);
#519=B_SPLINE_CURVE_WITH_KNOTS('',3,(#12043,#12044,#12045,#12046,#12047),
 .UNSPECIFIED.,.F.,.F.,(4,1,4),(0.,0.0151864792422795,0.0290745078534607),
 .UNSPECIFIED.);
#520=B_SPLINE_CURVE_WITH_KNOTS('',3,(#12051,#12052,#12053,#12054,#12055),
 .UNSPECIFIED.,.F.,.F.,(4,1,4),(0.,0.0151864792422795,0.0290745078534607),
 .UNSPECIFIED.);
#521=B_SPLINE_CURVE_WITH_KNOTS('',3,(#12068,#12069,#12070,#12071,#12072),
 .UNSPECIFIED.,.F.,.F.,(4,1,4),(0.,0.0178062205241551,0.0360468738732801),
 .UNSPECIFIED.);
#522=B_SPLINE_CURVE_WITH_KNOTS('',3,(#12075,#12076,#12077,#12078,#12079),
 .UNSPECIFIED.,.F.,.F.,(4,1,4),(0.,0.0178062205241551,0.0360468738732801),
 .UNSPECIFIED.);
#523=B_SPLINE_CURVE_WITH_KNOTS('',3,(#12091,#12092,#12093,#12094,#12095),
 .UNSPECIFIED.,.F.,.F.,(4,1,4),(0.,0.0237968278700053,0.0433997613182024),
 .UNSPECIFIED.);
#524=B_SPLINE_CURVE_WITH_KNOTS('',3,(#12098,#12099,#12100,#12101,#12102),
 .UNSPECIFIED.,.F.,.F.,(4,1,4),(0.,0.0237968278700053,0.0433997613182024),
 .UNSPECIFIED.);
#525=B_SPLINE_CURVE_WITH_KNOTS('',3,(#12114,#12115,#12116,#12117,#12118),
 .UNSPECIFIED.,.F.,.F.,(4,1,4),(0.,0.0208669647312503,0.0473028256592947),
 .UNSPECIFIED.);
#526=B_SPLINE_CURVE_WITH_KNOTS('',3,(#12121,#12122,#12123,#12124,#12125),
 .UNSPECIFIED.,.F.,.F.,(4,1,4),(0.,0.0208669647312503,0.0473028256592947),
 .UNSPECIFIED.);
#527=B_SPLINE_CURVE_WITH_KNOTS('',3,(#12137,#12138,#12139,#12140,#12141),
 .UNSPECIFIED.,.F.,.F.,(4,1,4),(0.,0.0190931828307136,0.0376847359198589),
 .UNSPECIFIED.);
#528=B_SPLINE_CURVE_WITH_KNOTS('',3,(#12144,#12145,#12146,#12147,#12148),
 .UNSPECIFIED.,.F.,.F.,(4,1,4),(0.,0.0190931828307136,0.0376847359198589),
 .UNSPECIFIED.);
#529=B_SPLINE_CURVE_WITH_KNOTS('',3,(#12160,#12161,#12162,#12163,#12164),
 .UNSPECIFIED.,.F.,.F.,(4,1,4),(0.,0.0125175788281232,0.02730912042409),
 .UNSPECIFIED.);
#530=B_SPLINE_CURVE_WITH_KNOTS('',3,(#12167,#12168,#12169,#12170,#12171),
 .UNSPECIFIED.,.F.,.F.,(4,1,4),(0.,0.0125175788281232,0.02730912042409),
 .UNSPECIFIED.);
#531=B_SPLINE_CURVE_WITH_KNOTS('',3,(#12183,#12184,#12185,#12186,#12187),
 .UNSPECIFIED.,.F.,.F.,(4,1,4),(0.,0.0132469869420355,0.0252608092092838),
 .UNSPECIFIED.);
#532=B_SPLINE_CURVE_WITH_KNOTS('',3,(#12190,#12191,#12192,#12193,#12194),
 .UNSPECIFIED.,.F.,.F.,(4,1,4),(0.,0.0132469869420355,0.0252608092092838),
 .UNSPECIFIED.);
#533=B_SPLINE_CURVE_WITH_KNOTS('',3,(#12212,#12213,#12214,#12215,#12216),
 .UNSPECIFIED.,.F.,.F.,(4,1,4),(0.,0.0334272020326205,0.0691696226548165),
 .UNSPECIFIED.);
#534=B_SPLINE_CURVE_WITH_KNOTS('',3,(#12219,#12220,#12221,#12222,#12223),
 .UNSPECIFIED.,.F.,.F.,(4,1,4),(0.,0.0334272020326205,0.0691696226548165),
 .UNSPECIFIED.);
#535=B_SPLINE_CURVE_WITH_KNOTS('',3,(#12235,#12236,#12237,#12238,#12239),
 .UNSPECIFIED.,.F.,.F.,(4,1,4),(0.,0.0471031570352801,0.084138745597104),
 .UNSPECIFIED.);
#536=B_SPLINE_CURVE_WITH_KNOTS('',3,(#12242,#12243,#12244,#12245,#12246),
 .UNSPECIFIED.,.F.,.F.,(4,1,4),(0.,0.0471031570352801,0.084138745597104),
 .UNSPECIFIED.);
#537=B_SPLINE_CURVE_WITH_KNOTS('',3,(#12258,#12259,#12260,#12261,#12262),
 .UNSPECIFIED.,.F.,.F.,(4,1,4),(0.,0.0287795987867846,0.0635052690154828),
 .UNSPECIFIED.);
#538=B_SPLINE_CURVE_WITH_KNOTS('',3,(#12265,#12266,#12267,#12268,#12269),
 .UNSPECIFIED.,.F.,.F.,(4,1,4),(0.,0.0287795987867846,0.0635052690154828),
 .UNSPECIFIED.);
#539=B_SPLINE_CURVE_WITH_KNOTS('',3,(#12281,#12282,#12283,#12284,#12285),
 .UNSPECIFIED.,.F.,.F.,(4,1,4),(0.,0.0186345187113382,0.0357760808093938),
 .UNSPECIFIED.);
#540=B_SPLINE_CURVE_WITH_KNOTS('',3,(#12288,#12289,#12290,#12291,#12292),
 .UNSPECIFIED.,.F.,.F.,(4,1,4),(0.,0.0186345187113382,0.0357760808093938),
 .UNSPECIFIED.);
#541=B_SPLINE_CURVE_WITH_KNOTS('',3,(#12304,#12305,#12306,#12307,#12308),
 .UNSPECIFIED.,.F.,.F.,(4,1,4),(0.,0.0184064493575804,0.0373338643855861),
 .UNSPECIFIED.);
#542=B_SPLINE_CURVE_WITH_KNOTS('',3,(#12311,#12312,#12313,#12314,#12315),
 .UNSPECIFIED.,.F.,.F.,(4,1,4),(0.,0.0184064493575804,0.0373338643855861),
 .UNSPECIFIED.);
#543=B_SPLINE_CURVE_WITH_KNOTS('',3,(#12327,#12328,#12329,#12330,#12331),
 .UNSPECIFIED.,.F.,.F.,(4,1,4),(0.,0.0308801246799869,0.0574292533070735),
 .UNSPECIFIED.);
#544=B_SPLINE_CURVE_WITH_KNOTS('',3,(#12334,#12335,#12336,#12337,#12338),
 .UNSPECIFIED.,.F.,.F.,(4,1,4),(0.,0.0308801246799869,0.0574292533070735),
 .UNSPECIFIED.);
#545=B_SPLINE_CURVE_WITH_KNOTS('',3,(#12350,#12351,#12352,#12353,#12354),
 .UNSPECIFIED.,.F.,.F.,(4,1,4),(0.,0.0236889705981811,0.0527408541880137),
 .UNSPECIFIED.);
#546=B_SPLINE_CURVE_WITH_KNOTS('',3,(#12357,#12358,#12359,#12360,#12361),
 .UNSPECIFIED.,.F.,.F.,(4,1,4),(0.,0.0236889705981811,0.0527408541880137),
 .UNSPECIFIED.);
#547=B_SPLINE_CURVE_WITH_KNOTS('',3,(#12373,#12374,#12375,#12376,#12377),
 .UNSPECIFIED.,.F.,.F.,(4,1,4),(0.,0.0216076541518286,0.0429906603002815),
 .UNSPECIFIED.);
#548=B_SPLINE_CURVE_WITH_KNOTS('',3,(#12380,#12381,#12382,#12383,#12384),
 .UNSPECIFIED.,.F.,.F.,(4,1,4),(0.,0.0216076541518286,0.0429906603002815),
 .UNSPECIFIED.);
#549=B_SPLINE_CURVE_WITH_KNOTS('',3,(#12396,#12397,#12398,#12399,#12400),
 .UNSPECIFIED.,.F.,.F.,(4,1,4),(0.,0.0229617829444053,0.0449418864229731),
 .UNSPECIFIED.);
#550=B_SPLINE_CURVE_WITH_KNOTS('',3,(#12403,#12404,#12405,#12406,#12407),
 .UNSPECIFIED.,.F.,.F.,(4,1,4),(0.,0.0229617829444053,0.0449418864229731),
 .UNSPECIFIED.);
#551=B_SPLINE_CURVE_WITH_KNOTS('',3,(#12419,#12420,#12421,#12422,#12423),
 .UNSPECIFIED.,.F.,.F.,(4,1,4),(0.,0.031758653432839,0.0581796383860818),
 .UNSPECIFIED.);
#552=B_SPLINE_CURVE_WITH_KNOTS('',3,(#12426,#12427,#12428,#12429,#12430),
 .UNSPECIFIED.,.F.,.F.,(4,1,4),(0.,0.031758653432839,0.0581796383860818),
 .UNSPECIFIED.);
#553=B_SPLINE_CURVE_WITH_KNOTS('',3,(#12442,#12443,#12444,#12445,#12446),
 .UNSPECIFIED.,.F.,.F.,(4,1,4),(0.,0.0273503092068006,0.0600862870158075),
 .UNSPECIFIED.);
#554=B_SPLINE_CURVE_WITH_KNOTS('',3,(#12449,#12450,#12451,#12452,#12453),
 .UNSPECIFIED.,.F.,.F.,(4,1,4),(0.,0.0273503092068006,0.0600862870158075),
 .UNSPECIFIED.);
#555=B_SPLINE_CURVE_WITH_KNOTS('',3,(#12465,#12466,#12467,#12468,#12469),
 .UNSPECIFIED.,.F.,.F.,(4,1,4),(0.,0.0233804849006922,0.0477793720228832),
 .UNSPECIFIED.);
#556=B_SPLINE_CURVE_WITH_KNOTS('',3,(#12472,#12473,#12474,#12475,#12476),
 .UNSPECIFIED.,.F.,.F.,(4,1,4),(0.,0.0233804849006922,0.0477793720228832),
 .UNSPECIFIED.);
#557=B_SPLINE_CURVE_WITH_KNOTS('',3,(#12488,#12489,#12490,#12491,#12492),
 .UNSPECIFIED.,.F.,.F.,(4,1,4),(0.,0.024687576347447,0.0483289040974662),
 .UNSPECIFIED.);
#558=B_SPLINE_CURVE_WITH_KNOTS('',3,(#12495,#12496,#12497,#12498,#12499),
 .UNSPECIFIED.,.F.,.F.,(4,1,4),(0.,0.024687576347447,0.0483289040974662),
 .UNSPECIFIED.);
#559=B_SPLINE_CURVE_WITH_KNOTS('',3,(#12516,#12517,#12518,#12519,#12520),
 .UNSPECIFIED.,.F.,.F.,(4,1,4),(0.,0.0144817224180372,0.0311468026973513),
 .UNSPECIFIED.);
#560=B_SPLINE_CURVE_WITH_KNOTS('',3,(#12521,#12522,#12523,#12524,#12525),
 .UNSPECIFIED.,.F.,.F.,(4,1,4),(0.,0.0144817224180372,0.0311468026973513),
 .UNSPECIFIED.);
#561=B_SPLINE_CURVE_WITH_KNOTS('',3,(#12539,#12540,#12541,#12542,#12543),
 .UNSPECIFIED.,.F.,.F.,(4,1,4),(0.,0.0169974326790434,0.0341199881990916),
 .UNSPECIFIED.);
#562=B_SPLINE_CURVE_WITH_KNOTS('',3,(#12547,#12548,#12549,#12550,#12551),
 .UNSPECIFIED.,.F.,.F.,(4,1,4),(0.,0.0169974326790434,0.0341199881990916),
 .UNSPECIFIED.);
#563=B_SPLINE_CURVE_WITH_KNOTS('',3,(#12564,#12565,#12566,#12567,#12568),
 .UNSPECIFIED.,.F.,.F.,(4,1,4),(0.,0.0167067004507654,0.0328933114362312),
 .UNSPECIFIED.);
#564=B_SPLINE_CURVE_WITH_KNOTS('',3,(#12571,#12572,#12573,#12574,#12575),
 .UNSPECIFIED.,.F.,.F.,(4,1,4),(0.,0.0167067004507654,0.0328933114362312),
 .UNSPECIFIED.);
#565=B_SPLINE_CURVE_WITH_KNOTS('',3,(#12587,#12588,#12589,#12590,#12591),
 .UNSPECIFIED.,.F.,.F.,(4,1,4),(0.,0.0247799585076806,0.0442045257872645),
 .UNSPECIFIED.);
#566=B_SPLINE_CURVE_WITH_KNOTS('',3,(#12594,#12595,#12596,#12597,#12598),
 .UNSPECIFIED.,.F.,.F.,(4,1,4),(0.,0.0247799585076806,0.0442045257872645),
 .UNSPECIFIED.);
#567=B_SPLINE_CURVE_WITH_KNOTS('',3,(#12610,#12611,#12612,#12613,#12614),
 .UNSPECIFIED.,.F.,.F.,(4,1,4),(0.,0.0198827212364198,0.046187454911827),
 .UNSPECIFIED.);
#568=B_SPLINE_CURVE_WITH_KNOTS('',3,(#12617,#12618,#12619,#12620,#12621),
 .UNSPECIFIED.,.F.,.F.,(4,1,4),(0.,0.0198827212364198,0.046187454911827),
 .UNSPECIFIED.);
#569=B_SPLINE_CURVE_WITH_KNOTS('',3,(#12633,#12634,#12635,#12636,#12637),
 .UNSPECIFIED.,.F.,.F.,(4,1,4),(0.,0.0167261279645683,0.0333774452600591),
 .UNSPECIFIED.);
#570=B_SPLINE_CURVE_WITH_KNOTS('',3,(#12640,#12641,#12642,#12643,#12644),
 .UNSPECIFIED.,.F.,.F.,(4,1,4),(0.,0.0167261279645683,0.0333774452600591),
 .UNSPECIFIED.);
#571=B_SPLINE_CURVE_WITH_KNOTS('',3,(#12656,#12657,#12658,#12659,#12660),
 .UNSPECIFIED.,.F.,.F.,(4,1,4),(0.,0.0169474847439881,0.0336340310169576),
 .UNSPECIFIED.);
#572=B_SPLINE_CURVE_WITH_KNOTS('',3,(#12663,#12664,#12665,#12666,#12667),
 .UNSPECIFIED.,.F.,.F.,(4,1,4),(0.,0.0169474847439881,0.0336340310169576),
 .UNSPECIFIED.);
#573=B_SPLINE_CURVE_WITH_KNOTS('',3,(#12679,#12680,#12681,#12682,#12683),
 .UNSPECIFIED.,.F.,.F.,(4,1,4),(0.,0.0254405263626522,0.0451854827951092),
 .UNSPECIFIED.);
#574=B_SPLINE_CURVE_WITH_KNOTS('',3,(#12686,#12687,#12688,#12689,#12690),
 .UNSPECIFIED.,.F.,.F.,(4,1,4),(0.,0.0254405263626522,0.0451854827951092),
 .UNSPECIFIED.);
#575=B_SPLINE_CURVE_WITH_KNOTS('',3,(#12701,#12702,#12703,#12704,#12705),
 .UNSPECIFIED.,.F.,.F.,(4,1,4),(0.,0.0197221396301116,0.0448638526844414),
 .UNSPECIFIED.);
#576=B_SPLINE_CURVE_WITH_KNOTS('',3,(#12706,#12707,#12708,#12709,#12710),
 .UNSPECIFIED.,.F.,.F.,(4,1,4),(0.,0.0197221396301116,0.0448638526844414),
 .UNSPECIFIED.);
#577=B_SPLINE_CURVE_WITH_KNOTS('',3,(#12723,#12724,#12725,#12726,#12727),
 .UNSPECIFIED.,.F.,.F.,(4,1,4),(0.,0.0478383305497301,0.0901804361001616),
 .UNSPECIFIED.);
#578=B_SPLINE_CURVE_WITH_KNOTS('',3,(#12731,#12732,#12733,#12734,#12735),
 .UNSPECIFIED.,.F.,.F.,(4,1,4),(0.,0.0478383305497301,0.0901804361001616),
 .UNSPECIFIED.);
#579=B_SPLINE_CURVE_WITH_KNOTS('',3,(#12748,#12749,#12750,#12751,#12752),
 .UNSPECIFIED.,.F.,.F.,(4,1,4),(0.,0.046229460570375,0.0991708189501935),
 .UNSPECIFIED.);
#580=B_SPLINE_CURVE_WITH_KNOTS('',3,(#12755,#12756,#12757,#12758,#12759),
 .UNSPECIFIED.,.F.,.F.,(4,1,4),(0.,0.046229460570375,0.0991708189501935),
 .UNSPECIFIED.);
#581=B_SPLINE_CURVE_WITH_KNOTS('',3,(#12771,#12772,#12773,#12774,#12775),
 .UNSPECIFIED.,.F.,.F.,(4,1,4),(0.,0.0463900545861582,0.0907480114180375),
 .UNSPECIFIED.);
#582=B_SPLINE_CURVE_WITH_KNOTS('',3,(#12778,#12779,#12780,#12781,#12782),
 .UNSPECIFIED.,.F.,.F.,(4,1,4),(0.,0.0463900545861582,0.0907480114180375),
 .UNSPECIFIED.);
#583=B_SPLINE_CURVE_WITH_KNOTS('',3,(#12794,#12795,#12796,#12797,#12798),
 .UNSPECIFIED.,.F.,.F.,(4,1,4),(0.,0.0395180701451499,0.0811423450871235),
 .UNSPECIFIED.);
#584=B_SPLINE_CURVE_WITH_KNOTS('',3,(#12801,#12802,#12803,#12804,#12805),
 .UNSPECIFIED.,.F.,.F.,(4,1,4),(0.,0.0395180701451499,0.0811423450871235),
 .UNSPECIFIED.);
#585=B_SPLINE_CURVE_WITH_KNOTS('',3,(#12817,#12818,#12819,#12820,#12821),
 .UNSPECIFIED.,.F.,.F.,(4,1,4),(0.,0.0580750658555969,0.108224309853033),
 .UNSPECIFIED.);
#586=B_SPLINE_CURVE_WITH_KNOTS('',3,(#12824,#12825,#12826,#12827,#12828),
 .UNSPECIFIED.,.F.,.F.,(4,1,4),(0.,0.0580750658555969,0.108224309853033),
 .UNSPECIFIED.);
#587=B_SPLINE_CURVE_WITH_KNOTS('',3,(#12840,#12841,#12842,#12843,#12844),
 .UNSPECIFIED.,.F.,.F.,(4,1,4),(0.,0.0463019803361356,0.0981468718302273),
 .UNSPECIFIED.);
#588=B_SPLINE_CURVE_WITH_KNOTS('',3,(#12847,#12848,#12849,#12850,#12851),
 .UNSPECIFIED.,.F.,.F.,(4,1,4),(0.,0.0463019803361356,0.0981468718302273),
 .UNSPECIFIED.);
#589=B_SPLINE_CURVE_WITH_KNOTS('',3,(#12863,#12864,#12865,#12866,#12867),
 .UNSPECIFIED.,.F.,.F.,(4,1,4),(0.,0.0460974046528295,0.0904577784561988),
 .UNSPECIFIED.);
#590=B_SPLINE_CURVE_WITH_KNOTS('',3,(#12870,#12871,#12872,#12873,#12874),
 .UNSPECIFIED.,.F.,.F.,(4,1,4),(0.,0.0460974046528295,0.0904577784561988),
 .UNSPECIFIED.);
#591=B_SPLINE_CURVE_WITH_KNOTS('',3,(#12885,#12886,#12887,#12888,#12889),
 .UNSPECIFIED.,.F.,.F.,(4,1,4),(0.,0.0483251745636355,0.097629132781766),
 .UNSPECIFIED.);
#592=B_SPLINE_CURVE_WITH_KNOTS('',3,(#12890,#12891,#12892,#12893,#12894),
 .UNSPECIFIED.,.F.,.F.,(4,1,4),(0.,0.0483251745636355,0.097629132781766),
 .UNSPECIFIED.);
#593=B_SPLINE_CURVE_WITH_KNOTS('',3,(#12908,#12909,#12910,#12911,#12912),
 .UNSPECIFIED.,.F.,.F.,(4,1,4),(0.,0.0118911674571711,0.0260689579747682),
 .UNSPECIFIED.);
#594=B_SPLINE_CURVE_WITH_KNOTS('',3,(#12916,#12917,#12918,#12919,#12920),
 .UNSPECIFIED.,.F.,.F.,(4,1,4),(0.,0.0118911674571711,0.0260689579747682),
 .UNSPECIFIED.);
#595=B_SPLINE_CURVE_WITH_KNOTS('',3,(#12933,#12934,#12935,#12936,#12937),
 .UNSPECIFIED.,.F.,.F.,(4,1,4),(0.,0.0127094587252439,0.0238521845490885),
 .UNSPECIFIED.);
#596=B_SPLINE_CURVE_WITH_KNOTS('',3,(#12940,#12941,#12942,#12943,#12944),
 .UNSPECIFIED.,.F.,.F.,(4,1,4),(0.,0.0127094587252439,0.0238521845490885),
 .UNSPECIFIED.);
#597=B_SPLINE_CURVE_WITH_KNOTS('',3,(#12956,#12957,#12958,#12959,#12960),
 .UNSPECIFIED.,.F.,.F.,(4,1,4),(0.,0.0135097925787384,0.0268862907734465),
 .UNSPECIFIED.);
#598=B_SPLINE_CURVE_WITH_KNOTS('',3,(#12963,#12964,#12965,#12966,#12967),
 .UNSPECIFIED.,.F.,.F.,(4,1,4),(0.,0.0135097925787384,0.0268862907734465),
 .UNSPECIFIED.);
#599=B_SPLINE_CURVE_WITH_KNOTS('',3,(#12979,#12980,#12981,#12982,#12983),
 .UNSPECIFIED.,.F.,.F.,(4,1,4),(0.,0.00970537596091785,0.0215210003664252),
 .UNSPECIFIED.);
#600=B_SPLINE_CURVE_WITH_KNOTS('',3,(#12986,#12987,#12988,#12989,#12990),
 .UNSPECIFIED.,.F.,.F.,(4,1,4),(0.,0.00970537596091785,0.0215210003664252),
 .UNSPECIFIED.);
#601=B_SPLINE_CURVE_WITH_KNOTS('',3,(#13002,#13003,#13004,#13005,#13006),
 .UNSPECIFIED.,.F.,.F.,(4,1,4),(0.,0.00911078095854672,0.0179247270405243),
 .UNSPECIFIED.);
#602=B_SPLINE_CURVE_WITH_KNOTS('',3,(#13009,#13010,#13011,#13012,#13013),
 .UNSPECIFIED.,.F.,.F.,(4,1,4),(0.,0.00911078095854672,0.0179247270405243),
 .UNSPECIFIED.);
#603=B_SPLINE_CURVE_WITH_KNOTS('',3,(#13025,#13026,#13027,#13028,#13029),
 .UNSPECIFIED.,.F.,.F.,(4,1,4),(0.,0.00890306196890306,0.0172213158489761),
 .UNSPECIFIED.);
#604=B_SPLINE_CURVE_WITH_KNOTS('',3,(#13032,#13033,#13034,#13035,#13036),
 .UNSPECIFIED.,.F.,.F.,(4,1,4),(0.,0.00890306196890306,0.0172213158489761),
 .UNSPECIFIED.);
#605=B_SPLINE_CURVE_WITH_KNOTS('',3,(#13048,#13049,#13050,#13051,#13052),
 .UNSPECIFIED.,.F.,.F.,(4,1,4),(0.,0.0217766667434131,0.0349566130546903),
 .UNSPECIFIED.);
#606=B_SPLINE_CURVE_WITH_KNOTS('',3,(#13055,#13056,#13057,#13058,#13059),
 .UNSPECIFIED.,.F.,.F.,(4,1,4),(0.,0.0217766667434131,0.0349566130546903),
 .UNSPECIFIED.);
#607=B_SPLINE_CURVE_WITH_KNOTS('',3,(#13071,#13072,#13073,#13074,#13075),
 .UNSPECIFIED.,.F.,.F.,(4,1,4),(0.,0.0184755542931281,0.0374286453619749),
 .UNSPECIFIED.);
#608=B_SPLINE_CURVE_WITH_KNOTS('',3,(#13078,#13079,#13080,#13081,#13082),
 .UNSPECIFIED.,.F.,.F.,(4,1,4),(0.,0.0184755542931281,0.0374286453619749),
 .UNSPECIFIED.);
#609=B_SPLINE_CURVE_WITH_KNOTS('',3,(#13098,#13099,#13100,#13101,#13102),
 .UNSPECIFIED.,.F.,.F.,(4,1,4),(0.,0.0179805143452614,0.0316810288859058),
 .UNSPECIFIED.);
#610=B_SPLINE_CURVE_WITH_KNOTS('',3,(#13106,#13107,#13108,#13109,#13110),
 .UNSPECIFIED.,.F.,.F.,(4,1,4),(0.,0.0179805143452614,0.0316810288859058),
 .UNSPECIFIED.);
#611=B_SPLINE_CURVE_WITH_KNOTS('',3,(#13123,#13124,#13125,#13126,#13127),
 .UNSPECIFIED.,.F.,.F.,(4,1,4),(0.,0.0098859785663677,0.0235298950778505),
 .UNSPECIFIED.);
#612=B_SPLINE_CURVE_WITH_KNOTS('',3,(#13130,#13131,#13132,#13133,#13134),
 .UNSPECIFIED.,.F.,.F.,(4,1,4),(0.,0.0098859785663677,0.0235298950778505),
 .UNSPECIFIED.);
#613=B_SPLINE_CURVE_WITH_KNOTS('',3,(#13146,#13147,#13148,#13149,#13150),
 .UNSPECIFIED.,.F.,.F.,(4,1,4),(0.,0.0131418358675571,0.0228315376996004),
 .UNSPECIFIED.);
#614=B_SPLINE_CURVE_WITH_KNOTS('',3,(#13153,#13154,#13155,#13156,#13157),
 .UNSPECIFIED.,.F.,.F.,(4,1,4),(0.,0.0131418358675571,0.0228315376996004),
 .UNSPECIFIED.);
#615=B_SPLINE_CURVE_WITH_KNOTS('',3,(#13169,#13170,#13171,#13172,#13173),
 .UNSPECIFIED.,.F.,.F.,(4,1,4),(0.,0.0150002231206141,0.0311375931648809),
 .UNSPECIFIED.);
#616=B_SPLINE_CURVE_WITH_KNOTS('',3,(#13176,#13177,#13178,#13179,#13180),
 .UNSPECIFIED.,.F.,.F.,(4,1,4),(0.,0.0150002231206141,0.0311375931648809),
 .UNSPECIFIED.);
#617=B_SPLINE_CURVE_WITH_KNOTS('',3,(#13192,#13193,#13194,#13195,#13196),
 .UNSPECIFIED.,.F.,.F.,(4,1,4),(0.,0.0394413875901977,0.0621765174553746),
 .UNSPECIFIED.);
#618=B_SPLINE_CURVE_WITH_KNOTS('',3,(#13199,#13200,#13201,#13202,#13203),
 .UNSPECIFIED.,.F.,.F.,(4,1,4),(0.,0.0394413875901977,0.0621765174553746),
 .UNSPECIFIED.);
#619=B_SPLINE_CURVE_WITH_KNOTS('',3,(#13215,#13216,#13217,#13218,#13219),
 .UNSPECIFIED.,.F.,.F.,(4,1,4),(0.,0.0249164480966406,0.059296338853603),
 .UNSPECIFIED.);
#620=B_SPLINE_CURVE_WITH_KNOTS('',3,(#13222,#13223,#13224,#13225,#13226),
 .UNSPECIFIED.,.F.,.F.,(4,1,4),(0.,0.0249164480966406,0.059296338853603),
 .UNSPECIFIED.);
#621=B_SPLINE_CURVE_WITH_KNOTS('',3,(#13238,#13239,#13240,#13241,#13242),
 .UNSPECIFIED.,.F.,.F.,(4,1,4),(0.,0.0228518367124563,0.0440318079573814),
 .UNSPECIFIED.);
#622=B_SPLINE_CURVE_WITH_KNOTS('',3,(#13245,#13246,#13247,#13248,#13249),
 .UNSPECIFIED.,.F.,.F.,(4,1,4),(0.,0.0228518367124563,0.0440318079573814),
 .UNSPECIFIED.);
#623=B_SPLINE_CURVE_WITH_KNOTS('',3,(#13261,#13262,#13263,#13264,#13265),
 .UNSPECIFIED.,.F.,.F.,(4,1,4),(0.,0.0251092146040267,0.049921848000557),
 .UNSPECIFIED.);
#624=B_SPLINE_CURVE_WITH_KNOTS('',3,(#13268,#13269,#13270,#13271,#13272),
 .UNSPECIFIED.,.F.,.F.,(4,1,4),(0.,0.0251092146040267,0.049921848000557),
 .UNSPECIFIED.);
#625=B_SPLINE_CURVE_WITH_KNOTS('',3,(#13284,#13285,#13286,#13287,#13288),
 .UNSPECIFIED.,.F.,.F.,(4,1,4),(0.,0.0345206360044168,0.0628607327455582),
 .UNSPECIFIED.);
#626=B_SPLINE_CURVE_WITH_KNOTS('',3,(#13291,#13292,#13293,#13294,#13295),
 .UNSPECIFIED.,.F.,.F.,(4,1,4),(0.,0.0345206360044168,0.0628607327455582),
 .UNSPECIFIED.);
#627=B_SPLINE_CURVE_WITH_KNOTS('',3,(#13307,#13308,#13309,#13310,#13311),
 .UNSPECIFIED.,.F.,.F.,(4,1,4),(0.,0.024827630070277,0.0523923125436835),
 .UNSPECIFIED.);
#628=B_SPLINE_CURVE_WITH_KNOTS('',3,(#13314,#13315,#13316,#13317,#13318),
 .UNSPECIFIED.,.F.,.F.,(4,1,4),(0.,0.024827630070277,0.0523923125436835),
 .UNSPECIFIED.);
#629=B_SPLINE_CURVE_WITH_KNOTS('',3,(#13330,#13331,#13332,#13333,#13334),
 .UNSPECIFIED.,.F.,.F.,(4,1,4),(0.,0.0211837604348024,0.0397333743883609),
 .UNSPECIFIED.);
#630=B_SPLINE_CURVE_WITH_KNOTS('',3,(#13337,#13338,#13339,#13340,#13341),
 .UNSPECIFIED.,.F.,.F.,(4,1,4),(0.,0.0211837604348024,0.0397333743883609),
 .UNSPECIFIED.);
#631=B_SPLINE_CURVE_WITH_KNOTS('',3,(#13353,#13354,#13355,#13356,#13357),
 .UNSPECIFIED.,.F.,.F.,(4,1,4),(0.,0.00590624540862997,0.0142161594583307),
 .UNSPECIFIED.);
#632=B_SPLINE_CURVE_WITH_KNOTS('',3,(#13360,#13361,#13362,#13363,#13364),
 .UNSPECIFIED.,.F.,.F.,(4,1,4),(0.,0.00590624540862997,0.0142161594583307),
 .UNSPECIFIED.);
#633=B_SPLINE_CURVE_WITH_KNOTS('',3,(#13376,#13377,#13378,#13379,#13380),
 .UNSPECIFIED.,.F.,.F.,(4,1,4),(0.,0.00833009391746587,0.0141072362391869),
 .UNSPECIFIED.);
#634=B_SPLINE_CURVE_WITH_KNOTS('',3,(#13383,#13384,#13385,#13386,#13387),
 .UNSPECIFIED.,.F.,.F.,(4,1,4),(0.,0.00833009391746587,0.0141072362391869),
 .UNSPECIFIED.);
#635=B_SPLINE_CURVE_WITH_KNOTS('',3,(#13405,#13406,#13407,#13408,#13409),
 .UNSPECIFIED.,.F.,.F.,(4,1,4),(0.,0.0103220121222141,0.023744585917634),
 .UNSPECIFIED.);
#636=B_SPLINE_CURVE_WITH_KNOTS('',3,(#13412,#13413,#13414,#13415,#13416),
 .UNSPECIFIED.,.F.,.F.,(4,1,4),(0.,0.0103220121222141,0.023744585917634),
 .UNSPECIFIED.);
#637=B_SPLINE_CURVE_WITH_KNOTS('',3,(#13428,#13429,#13430,#13431,#13432),
 .UNSPECIFIED.,.F.,.F.,(4,1,4),(0.,0.0137185837380581,0.0242461436970215),
 .UNSPECIFIED.);
#638=B_SPLINE_CURVE_WITH_KNOTS('',3,(#13435,#13436,#13437,#13438,#13439),
 .UNSPECIFIED.,.F.,.F.,(4,1,4),(0.,0.0137185837380581,0.0242461436970215),
 .UNSPECIFIED.);
#639=B_SPLINE_CURVE_WITH_KNOTS('',3,(#13457,#13458,#13459,#13460,#13461),
 .UNSPECIFIED.,.F.,.F.,(4,1,4),(0.,0.0170554107694085,0.0328362873203426),
 .UNSPECIFIED.);
#640=B_SPLINE_CURVE_WITH_KNOTS('',3,(#13464,#13465,#13466,#13467,#13468),
 .UNSPECIFIED.,.F.,.F.,(4,1,4),(0.,0.0170554107694085,0.0328362873203426),
 .UNSPECIFIED.);
#641=B_SPLINE_CURVE_WITH_KNOTS('',3,(#13480,#13481,#13482,#13483,#13484),
 .UNSPECIFIED.,.F.,.F.,(4,1,4),(0.,0.014660531001755,0.0313640588126216),
 .UNSPECIFIED.);
#642=B_SPLINE_CURVE_WITH_KNOTS('',3,(#13487,#13488,#13489,#13490,#13491),
 .UNSPECIFIED.,.F.,.F.,(4,1,4),(0.,0.014660531001755,0.0313640588126216),
 .UNSPECIFIED.);
#643=B_SPLINE_CURVE_WITH_KNOTS('',3,(#13503,#13504,#13505,#13506,#13507),
 .UNSPECIFIED.,.F.,.F.,(4,1,4),(0.,0.0217818393499306,0.0420603298969322),
 .UNSPECIFIED.);
#644=B_SPLINE_CURVE_WITH_KNOTS('',3,(#13510,#13511,#13512,#13513,#13514),
 .UNSPECIFIED.,.F.,.F.,(4,1,4),(0.,0.0217818393499306,0.0420603298969322),
 .UNSPECIFIED.);
#645=B_SPLINE_CURVE_WITH_KNOTS('',3,(#13526,#13527,#13528,#13529,#13530),
 .UNSPECIFIED.,.F.,.F.,(4,1,4),(0.,0.03378240246113,0.0603768515427154),
 .UNSPECIFIED.);
#646=B_SPLINE_CURVE_WITH_KNOTS('',3,(#13533,#13534,#13535,#13536,#13537),
 .UNSPECIFIED.,.F.,.F.,(4,1,4),(0.,0.03378240246113,0.0603768515427154),
 .UNSPECIFIED.);
#647=B_SPLINE_CURVE_WITH_KNOTS('',3,(#13549,#13550,#13551,#13552,#13553),
 .UNSPECIFIED.,.F.,.F.,(4,1,4),(0.,0.0210354937678654,0.0435625803352106),
 .UNSPECIFIED.);
#648=B_SPLINE_CURVE_WITH_KNOTS('',3,(#13556,#13557,#13558,#13559,#13560),
 .UNSPECIFIED.,.F.,.F.,(4,1,4),(0.,0.0210354937678654,0.0435625803352106),
 .UNSPECIFIED.);
#649=B_SPLINE_CURVE_WITH_KNOTS('',3,(#13572,#13573,#13574,#13575,#13576),
 .UNSPECIFIED.,.F.,.F.,(4,1,4),(0.,0.0147261321192117,0.0331168528949356),
 .UNSPECIFIED.);
#650=B_SPLINE_CURVE_WITH_KNOTS('',3,(#13579,#13580,#13581,#13582,#13583),
 .UNSPECIFIED.,.F.,.F.,(4,1,4),(0.,0.0147261321192117,0.0331168528949356),
 .UNSPECIFIED.);
#651=B_SPLINE_CURVE_WITH_KNOTS('',3,(#13595,#13596,#13597,#13598,#13599),
 .UNSPECIFIED.,.F.,.F.,(4,1,4),(0.,0.0153493335107935,0.0324337822096545),
 .UNSPECIFIED.);
#652=B_SPLINE_CURVE_WITH_KNOTS('',3,(#13602,#13603,#13604,#13605,#13606),
 .UNSPECIFIED.,.F.,.F.,(4,1,4),(0.,0.0153493335107935,0.0324337822096545),
 .UNSPECIFIED.);
#653=B_SPLINE_CURVE_WITH_KNOTS('',3,(#13618,#13619,#13620,#13621,#13622),
 .UNSPECIFIED.,.F.,.F.,(4,1,4),(0.,0.0194099476887113,0.0353600671874487),
 .UNSPECIFIED.);
#654=B_SPLINE_CURVE_WITH_KNOTS('',3,(#13625,#13626,#13627,#13628,#13629),
 .UNSPECIFIED.,.F.,.F.,(4,1,4),(0.,0.0194099476887113,0.0353600671874487),
 .UNSPECIFIED.);
#655=B_SPLINE_CURVE_WITH_KNOTS('',3,(#13646,#13647,#13648,#13649,#13650),
 .UNSPECIFIED.,.F.,.F.,(4,1,4),(0.,0.0103106171247789,0.0234680929497826),
 .UNSPECIFIED.);
#656=B_SPLINE_CURVE_WITH_KNOTS('',3,(#13651,#13652,#13653,#13654,#13655),
 .UNSPECIFIED.,.F.,.F.,(4,1,4),(0.,0.0103106171247789,0.0234680929497826),
 .UNSPECIFIED.);
#657=B_SPLINE_CURVE_WITH_KNOTS('',3,(#13669,#13670,#13671,#13672,#13673),
 .UNSPECIFIED.,.F.,.F.,(4,1,4),(0.,0.01496074311855,0.0301581861179056),
 .UNSPECIFIED.);
#658=B_SPLINE_CURVE_WITH_KNOTS('',3,(#13677,#13678,#13679,#13680,#13681),
 .UNSPECIFIED.,.F.,.F.,(4,1,4),(0.,0.01496074311855,0.0301581861179056),
 .UNSPECIFIED.);
#659=B_SPLINE_CURVE_WITH_KNOTS('',3,(#13694,#13695,#13696,#13697,#13698),
 .UNSPECIFIED.,.F.,.F.,(4,1,4),(0.,0.0147187743238504,0.0286804572134622),
 .UNSPECIFIED.);
#660=B_SPLINE_CURVE_WITH_KNOTS('',3,(#13701,#13702,#13703,#13704,#13705),
 .UNSPECIFIED.,.F.,.F.,(4,1,4),(0.,0.0147187743238504,0.0286804572134622),
 .UNSPECIFIED.);
#661=B_SPLINE_CURVE_WITH_KNOTS('',3,(#13717,#13718,#13719,#13720,#13721),
 .UNSPECIFIED.,.F.,.F.,(4,1,4),(0.,0.0230110149917162,0.0405835414796167),
 .UNSPECIFIED.);
#662=B_SPLINE_CURVE_WITH_KNOTS('',3,(#13724,#13725,#13726,#13727,#13728),
 .UNSPECIFIED.,.F.,.F.,(4,1,4),(0.,0.0230110149917162,0.0405835414796167),
 .UNSPECIFIED.);
#663=B_SPLINE_CURVE_WITH_KNOTS('',3,(#13740,#13741,#13742,#13743,#13744),
 .UNSPECIFIED.,.F.,.F.,(4,1,4),(0.,0.0178124919651205,0.0424405943223483),
 .UNSPECIFIED.);
#664=B_SPLINE_CURVE_WITH_KNOTS('',3,(#13747,#13748,#13749,#13750,#13751),
 .UNSPECIFIED.,.F.,.F.,(4,1,4),(0.,0.0178124919651205,0.0424405943223483),
 .UNSPECIFIED.);
#665=B_SPLINE_CURVE_WITH_KNOTS('',3,(#13763,#13764,#13765,#13766,#13767),
 .UNSPECIFIED.,.F.,.F.,(4,1,4),(0.,0.0136783514781976,0.0278285366478816),
 .UNSPECIFIED.);
#666=B_SPLINE_CURVE_WITH_KNOTS('',3,(#13770,#13771,#13772,#13773,#13774),
 .UNSPECIFIED.,.F.,.F.,(4,1,4),(0.,0.0136783514781976,0.0278285366478816),
 .UNSPECIFIED.);
#667=B_SPLINE_CURVE_WITH_KNOTS('',3,(#13786,#13787,#13788,#13789,#13790),
 .UNSPECIFIED.,.F.,.F.,(4,1,4),(0.,0.0154403083200101,0.030901810620282),
 .UNSPECIFIED.);
#668=B_SPLINE_CURVE_WITH_KNOTS('',3,(#13793,#13794,#13795,#13796,#13797),
 .UNSPECIFIED.,.F.,.F.,(4,1,4),(0.,0.0154403083200101,0.030901810620282),
 .UNSPECIFIED.);
#669=B_SPLINE_CURVE_WITH_KNOTS('',3,(#13809,#13810,#13811,#13812,#13813),
 .UNSPECIFIED.,.F.,.F.,(4,1,4),(0.,0.0226222271866332,0.0404006852508701),
 .UNSPECIFIED.);
#670=B_SPLINE_CURVE_WITH_KNOTS('',3,(#13816,#13817,#13818,#13819,#13820),
 .UNSPECIFIED.,.F.,.F.,(4,1,4),(0.,0.0226222271866332,0.0404006852508701),
 .UNSPECIFIED.);
#671=B_SPLINE_CURVE_WITH_KNOTS('',3,(#13831,#13832,#13833,#13834,#13835),
 .UNSPECIFIED.,.F.,.F.,(4,1,4),(0.,0.0182128381195699,0.0425062208620366),
 .UNSPECIFIED.);
#672=B_SPLINE_CURVE_WITH_KNOTS('',3,(#13836,#13837,#13838,#13839,#13840),
 .UNSPECIFIED.,.F.,.F.,(4,1,4),(0.,0.0182128381195699,0.0425062208620366),
 .UNSPECIFIED.);
#673=B_SPLINE_CURVE_WITH_KNOTS('',3,(#13861,#13862,#13863,#13864,#13865),
 .UNSPECIFIED.,.F.,.F.,(4,1,4),(0.,0.0170097917415149,0.0344671286242402),
 .UNSPECIFIED.);
#674=B_SPLINE_CURVE_WITH_KNOTS('',3,(#13868,#13869,#13870,#13871,#13872),
 .UNSPECIFIED.,.F.,.F.,(4,1,4),(0.,0.0170097917415149,0.0344671286242402),
 .UNSPECIFIED.);
#675=B_SPLINE_CURVE_WITH_KNOTS('',3,(#13884,#13885,#13886,#13887,#13888),
 .UNSPECIFIED.,.F.,.F.,(4,1,4),(0.,0.0184900941501951,0.035974428153675),
 .UNSPECIFIED.);
#676=B_SPLINE_CURVE_WITH_KNOTS('',3,(#13891,#13892,#13893,#13894,#13895),
 .UNSPECIFIED.,.F.,.F.,(4,1,4),(0.,0.0184900941501951,0.035974428153675),
 .UNSPECIFIED.);
#677=B_SPLINE_CURVE_WITH_KNOTS('',3,(#13907,#13908,#13909,#13910,#13911),
 .UNSPECIFIED.,.F.,.F.,(4,1,4),(0.,0.0363382653463313,0.0733009388303901),
 .UNSPECIFIED.);
#678=B_SPLINE_CURVE_WITH_KNOTS('',3,(#13914,#13915,#13916,#13917,#13918),
 .UNSPECIFIED.,.F.,.F.,(4,1,4),(0.,0.0363382653463313,0.0733009388303901),
 .UNSPECIFIED.);
#679=B_SPLINE_CURVE_WITH_KNOTS('',3,(#13930,#13931,#13932,#13933,#13934),
 .UNSPECIFIED.,.F.,.F.,(4,1,4),(0.,0.0482735176783988,0.0883738142066094),
 .UNSPECIFIED.);
#680=B_SPLINE_CURVE_WITH_KNOTS('',3,(#13937,#13938,#13939,#13940,#13941),
 .UNSPECIFIED.,.F.,.F.,(4,1,4),(0.,0.0482735176783988,0.0883738142066094),
 .UNSPECIFIED.);
#681=B_SPLINE_CURVE_WITH_KNOTS('',3,(#13953,#13954,#13955,#13956,#13957),
 .UNSPECIFIED.,.F.,.F.,(4,1,4),(0.,0.0413932316456404,0.0869619420002679),
 .UNSPECIFIED.);
#682=B_SPLINE_CURVE_WITH_KNOTS('',3,(#13960,#13961,#13962,#13963,#13964),
 .UNSPECIFIED.,.F.,.F.,(4,1,4),(0.,0.0413932316456404,0.0869619420002679),
 .UNSPECIFIED.);
#683=B_SPLINE_CURVE_WITH_KNOTS('',3,(#13976,#13977,#13978,#13979,#13980),
 .UNSPECIFIED.,.F.,.F.,(4,1,4),(0.,0.0395154061134969,0.0775886948883534),
 .UNSPECIFIED.);
#684=B_SPLINE_CURVE_WITH_KNOTS('',3,(#13983,#13984,#13985,#13986,#13987),
 .UNSPECIFIED.,.F.,.F.,(4,1,4),(0.,0.0395154061134969,0.0775886948883534),
 .UNSPECIFIED.);
#685=B_SPLINE_CURVE_WITH_KNOTS('',3,(#13999,#14000,#14001,#14002,#14003),
 .UNSPECIFIED.,.F.,.F.,(4,1,4),(0.,0.0204961834269103,0.0417614485677603),
 .UNSPECIFIED.);
#686=B_SPLINE_CURVE_WITH_KNOTS('',3,(#14006,#14007,#14008,#14009,#14010),
 .UNSPECIFIED.,.F.,.F.,(4,1,4),(0.,0.0204961834269103,0.0417614485677603),
 .UNSPECIFIED.);
#687=B_SPLINE_CURVE_WITH_KNOTS('',3,(#14022,#14023,#14024,#14025,#14026),
 .UNSPECIFIED.,.F.,.F.,(4,1,4),(0.,0.0229951572606795,0.0405948379138478),
 .UNSPECIFIED.);
#688=B_SPLINE_CURVE_WITH_KNOTS('',3,(#14029,#14030,#14031,#14032,#14033),
 .UNSPECIFIED.,.F.,.F.,(4,1,4),(0.,0.0229951572606795,0.0405948379138478),
 .UNSPECIFIED.);
#689=B_SPLINE_CURVE_WITH_KNOTS('',3,(#14082,#14083,#14084,#14085,#14086),
 .UNSPECIFIED.,.F.,.F.,(4,1,4),(0.,0.0289798452796009,0.0729930216402691),
 .UNSPECIFIED.);
#690=B_SPLINE_CURVE_WITH_KNOTS('',3,(#14089,#14090,#14091,#14092,#14093),
 .UNSPECIFIED.,.F.,.F.,(4,1,4),(0.,0.0289798452796009,0.0729930216402691),
 .UNSPECIFIED.);
#691=B_SPLINE_CURVE_WITH_KNOTS('',3,(#14105,#14106,#14107,#14108,#14109),
 .UNSPECIFIED.,.F.,.F.,(4,1,4),(0.,0.0149165203746325,0.0297570586006245),
 .UNSPECIFIED.);
#692=B_SPLINE_CURVE_WITH_KNOTS('',3,(#14112,#14113,#14114,#14115,#14116),
 .UNSPECIFIED.,.F.,.F.,(4,1,4),(0.,0.0149165203746325,0.0297570586006245),
 .UNSPECIFIED.);
#693=B_SPLINE_CURVE_WITH_KNOTS('',3,(#14128,#14129,#14130,#14131,#14132),
 .UNSPECIFIED.,.F.,.F.,(4,1,4),(0.,0.0139792378969438,0.0242244259902662),
 .UNSPECIFIED.);
#694=B_SPLINE_CURVE_WITH_KNOTS('',3,(#14135,#14136,#14137,#14138,#14139),
 .UNSPECIFIED.,.F.,.F.,(4,1,4),(0.,0.0139792378969438,0.0242244259902662),
 .UNSPECIFIED.);
#695=B_SPLINE_CURVE_WITH_KNOTS('',3,(#14157,#14158,#14159,#14160,#14161),
 .UNSPECIFIED.,.F.,.F.,(4,1,4),(0.,0.0194988503314447,0.0422142225461022),
 .UNSPECIFIED.);
#696=B_SPLINE_CURVE_WITH_KNOTS('',3,(#14164,#14165,#14166,#14167,#14168),
 .UNSPECIFIED.,.F.,.F.,(4,1,4),(0.,0.0194988503314447,0.0422142225461022),
 .UNSPECIFIED.);
#697=B_SPLINE_CURVE_WITH_KNOTS('',3,(#14180,#14181,#14182,#14183,#14184),
 .UNSPECIFIED.,.F.,.F.,(4,1,4),(0.,0.0149862841884674,0.0313523989829663),
 .UNSPECIFIED.);
#698=B_SPLINE_CURVE_WITH_KNOTS('',3,(#14187,#14188,#14189,#14190,#14191),
 .UNSPECIFIED.,.F.,.F.,(4,1,4),(0.,0.0149862841884674,0.0313523989829663),
 .UNSPECIFIED.);
#699=B_SPLINE_CURVE_WITH_KNOTS('',3,(#14203,#14204,#14205,#14206,#14207),
 .UNSPECIFIED.,.F.,.F.,(4,1,4),(0.,0.022585069303184,0.0395190688472266),
 .UNSPECIFIED.);
#700=B_SPLINE_CURVE_WITH_KNOTS('',3,(#14210,#14211,#14212,#14213,#14214),
 .UNSPECIFIED.,.F.,.F.,(4,1,4),(0.,0.022585069303184,0.0395190688472266),
 .UNSPECIFIED.);
#701=B_SPLINE_CURVE_WITH_KNOTS('',3,(#14243,#14244,#14245,#14246,#14247),
 .UNSPECIFIED.,.F.,.F.,(4,1,4),(0.,0.0118912059224384,0.0260689964400356),
 .UNSPECIFIED.);
#702=B_SPLINE_CURVE_WITH_KNOTS('',3,(#14251,#14252,#14253,#14254,#14255),
 .UNSPECIFIED.,.F.,.F.,(4,1,4),(0.,0.0118912059224384,0.0260689964400356),
 .UNSPECIFIED.);
#703=B_SPLINE_CURVE_WITH_KNOTS('',3,(#14268,#14269,#14270,#14271,#14272),
 .UNSPECIFIED.,.F.,.F.,(4,1,4),(0.,0.0127095069503328,0.0238521610732363),
 .UNSPECIFIED.);
#704=B_SPLINE_CURVE_WITH_KNOTS('',3,(#14275,#14276,#14277,#14278,#14279),
 .UNSPECIFIED.,.F.,.F.,(4,1,4),(0.,0.0127095069503328,0.0238521610732363),
 .UNSPECIFIED.);
#705=B_SPLINE_CURVE_WITH_KNOTS('',3,(#14291,#14292,#14293,#14294,#14295),
 .UNSPECIFIED.,.F.,.F.,(4,1,4),(0.,0.0135097334413224,0.0268862316360305),
 .UNSPECIFIED.);
#706=B_SPLINE_CURVE_WITH_KNOTS('',3,(#14298,#14299,#14300,#14301,#14302),
 .UNSPECIFIED.,.F.,.F.,(4,1,4),(0.,0.0135097334413224,0.0268862316360305),
 .UNSPECIFIED.);
#707=B_SPLINE_CURVE_WITH_KNOTS('',3,(#14314,#14315,#14316,#14317,#14318),
 .UNSPECIFIED.,.F.,.F.,(4,1,4),(0.,0.00970542843073202,0.0215210528362394),
 .UNSPECIFIED.);
#708=B_SPLINE_CURVE_WITH_KNOTS('',3,(#14321,#14322,#14323,#14324,#14325),
 .UNSPECIFIED.,.F.,.F.,(4,1,4),(0.,0.00970542843073202,0.0215210528362394),
 .UNSPECIFIED.);
#709=B_SPLINE_CURVE_WITH_KNOTS('',3,(#14337,#14338,#14339,#14340,#14341),
 .UNSPECIFIED.,.F.,.F.,(4,1,4),(0.,0.00911075886807228,0.0179247734513916),
 .UNSPECIFIED.);
#710=B_SPLINE_CURVE_WITH_KNOTS('',3,(#14344,#14345,#14346,#14347,#14348),
 .UNSPECIFIED.,.F.,.F.,(4,1,4),(0.,0.00911075886807228,0.0179247734513916),
 .UNSPECIFIED.);
#711=B_SPLINE_CURVE_WITH_KNOTS('',3,(#14360,#14361,#14362,#14363,#14364),
 .UNSPECIFIED.,.F.,.F.,(4,1,4),(0.,0.00890306196890306,0.0172213283127685),
 .UNSPECIFIED.);
#712=B_SPLINE_CURVE_WITH_KNOTS('',3,(#14367,#14368,#14369,#14370,#14371),
 .UNSPECIFIED.,.F.,.F.,(4,1,4),(0.,0.00890306196890306,0.0172213283127685),
 .UNSPECIFIED.);
#713=B_SPLINE_CURVE_WITH_KNOTS('',3,(#14383,#14384,#14385,#14386,#14387),
 .UNSPECIFIED.,.F.,.F.,(4,1,4),(0.,0.0217765533198109,0.0349564996310881),
 .UNSPECIFIED.);
#714=B_SPLINE_CURVE_WITH_KNOTS('',3,(#14390,#14391,#14392,#14393,#14394),
 .UNSPECIFIED.,.F.,.F.,(4,1,4),(0.,0.0217765533198109,0.0349564996310881),
 .UNSPECIFIED.);
#715=B_SPLINE_CURVE_WITH_KNOTS('',3,(#14406,#14407,#14408,#14409,#14410),
 .UNSPECIFIED.,.F.,.F.,(4,1,4),(0.,0.018475497681406,0.0374287610612535),
 .UNSPECIFIED.);
#716=B_SPLINE_CURVE_WITH_KNOTS('',3,(#14413,#14414,#14415,#14416,#14417),
 .UNSPECIFIED.,.F.,.F.,(4,1,4),(0.,0.018475497681406,0.0374287610612535),
 .UNSPECIFIED.);
#717=B_SPLINE_CURVE_WITH_KNOTS('',3,(#14433,#14434,#14435,#14436,#14437),
 .UNSPECIFIED.,.F.,.F.,(4,1,4),(0.,0.0179805737023359,0.0316810325997364),
 .UNSPECIFIED.);
#718=B_SPLINE_CURVE_WITH_KNOTS('',3,(#14441,#14442,#14443,#14444,#14445),
 .UNSPECIFIED.,.F.,.F.,(4,1,4),(0.,0.0179805737023359,0.0316810325997364),
 .UNSPECIFIED.);
#719=B_SPLINE_CURVE_WITH_KNOTS('',3,(#14458,#14459,#14460,#14461,#14462),
 .UNSPECIFIED.,.F.,.F.,(4,1,4),(0.,0.0098859785663677,0.0235298358515342),
 .UNSPECIFIED.);
#720=B_SPLINE_CURVE_WITH_KNOTS('',3,(#14465,#14466,#14467,#14468,#14469),
 .UNSPECIFIED.,.F.,.F.,(4,1,4),(0.,0.0098859785663677,0.0235298358515342),
 .UNSPECIFIED.);
#721=B_SPLINE_CURVE_WITH_KNOTS('',3,(#14481,#14482,#14483,#14484,#14485),
 .UNSPECIFIED.,.F.,.F.,(4,1,4),(0.,0.0131418358675571,0.0228315962333742),
 .UNSPECIFIED.);
#722=B_SPLINE_CURVE_WITH_KNOTS('',3,(#14488,#14489,#14490,#14491,#14492),
 .UNSPECIFIED.,.F.,.F.,(4,1,4),(0.,0.0131418358675571,0.0228315962333742),
 .UNSPECIFIED.);
#723=B_SPLINE_CURVE_WITH_KNOTS('',3,(#14504,#14505,#14506,#14507,#14508),
 .UNSPECIFIED.,.F.,.F.,(4,1,4),(0.,0.0150002231206141,0.0311375931648809),
 .UNSPECIFIED.);
#724=B_SPLINE_CURVE_WITH_KNOTS('',3,(#14511,#14512,#14513,#14514,#14515),
 .UNSPECIFIED.,.F.,.F.,(4,1,4),(0.,0.0150002231206141,0.0311375931648809),
 .UNSPECIFIED.);
#725=B_SPLINE_CURVE_WITH_KNOTS('',3,(#14527,#14528,#14529,#14530,#14531),
 .UNSPECIFIED.,.F.,.F.,(4,1,4),(0.,0.0394414459618259,0.0621766339030348),
 .UNSPECIFIED.);
#726=B_SPLINE_CURVE_WITH_KNOTS('',3,(#14534,#14535,#14536,#14537,#14538),
 .UNSPECIFIED.,.F.,.F.,(4,1,4),(0.,0.0394414459618259,0.0621766339030348),
 .UNSPECIFIED.);
#727=B_SPLINE_CURVE_WITH_KNOTS('',3,(#14550,#14551,#14552,#14553,#14554),
 .UNSPECIFIED.,.F.,.F.,(4,1,4),(0.,0.0249164233752455,0.0592962855721443),
 .UNSPECIFIED.);
#728=B_SPLINE_CURVE_WITH_KNOTS('',3,(#14557,#14558,#14559,#14560,#14561),
 .UNSPECIFIED.,.F.,.F.,(4,1,4),(0.,0.0249164233752455,0.0592962855721443),
 .UNSPECIFIED.);
#729=B_SPLINE_CURVE_WITH_KNOTS('',3,(#14573,#14574,#14575,#14576,#14577),
 .UNSPECIFIED.,.F.,.F.,(4,1,4),(0.,0.0228518367124563,0.0440318079573814),
 .UNSPECIFIED.);
#730=B_SPLINE_CURVE_WITH_KNOTS('',3,(#14580,#14581,#14582,#14583,#14584),
 .UNSPECIFIED.,.F.,.F.,(4,1,4),(0.,0.0228518367124563,0.0440318079573814),
 .UNSPECIFIED.);
#731=B_SPLINE_CURVE_WITH_KNOTS('',3,(#14596,#14597,#14598,#14599,#14600),
 .UNSPECIFIED.,.F.,.F.,(4,1,4),(0.,0.0251092503083342,0.0499218716610659),
 .UNSPECIFIED.);
#732=B_SPLINE_CURVE_WITH_KNOTS('',3,(#14603,#14604,#14605,#14606,#14607),
 .UNSPECIFIED.,.F.,.F.,(4,1,4),(0.,0.0251092503083342,0.0499218716610659),
 .UNSPECIFIED.);
#733=B_SPLINE_CURVE_WITH_KNOTS('',3,(#14619,#14620,#14621,#14622,#14623),
 .UNSPECIFIED.,.F.,.F.,(4,1,4),(0.,0.0345206064566136,0.062860703197755),
 .UNSPECIFIED.);
#734=B_SPLINE_CURVE_WITH_KNOTS('',3,(#14626,#14627,#14628,#14629,#14630),
 .UNSPECIFIED.,.F.,.F.,(4,1,4),(0.,0.0345206064566136,0.062860703197755),
 .UNSPECIFIED.);
#735=B_SPLINE_CURVE_WITH_KNOTS('',3,(#14642,#14643,#14644,#14645,#14646),
 .UNSPECIFIED.,.F.,.F.,(4,1,4),(0.,0.024827630070277,0.0523924016520285),
 .UNSPECIFIED.);
#736=B_SPLINE_CURVE_WITH_KNOTS('',3,(#14649,#14650,#14651,#14652,#14653),
 .UNSPECIFIED.,.F.,.F.,(4,1,4),(0.,0.024827630070277,0.0523924016520285),
 .UNSPECIFIED.);
#737=B_SPLINE_CURVE_WITH_KNOTS('',3,(#14665,#14666,#14667,#14668,#14669),
 .UNSPECIFIED.,.F.,.F.,(4,1,4),(0.,0.0211838063539788,0.0397333160843524),
 .UNSPECIFIED.);
#738=B_SPLINE_CURVE_WITH_KNOTS('',3,(#14672,#14673,#14674,#14675,#14676),
 .UNSPECIFIED.,.F.,.F.,(4,1,4),(0.,0.0211838063539788,0.0397333160843524),
 .UNSPECIFIED.);
#739=B_SPLINE_CURVE_WITH_KNOTS('',3,(#14688,#14689,#14690,#14691,#14692),
 .UNSPECIFIED.,.F.,.F.,(4,1,4),(0.,0.00590624540862997,0.0142161491833511),
 .UNSPECIFIED.);
#740=B_SPLINE_CURVE_WITH_KNOTS('',3,(#14695,#14696,#14697,#14698,#14699),
 .UNSPECIFIED.,.F.,.F.,(4,1,4),(0.,0.00590624540862997,0.0142161491833511),
 .UNSPECIFIED.);
#741=B_SPLINE_CURVE_WITH_KNOTS('',3,(#14711,#14712,#14713,#14714,#14715),
 .UNSPECIFIED.,.F.,.F.,(4,1,4),(0.,0.00833009391746587,0.0141072362391869),
 .UNSPECIFIED.);
#742=B_SPLINE_CURVE_WITH_KNOTS('',3,(#14718,#14719,#14720,#14721,#14722),
 .UNSPECIFIED.,.F.,.F.,(4,1,4),(0.,0.00833009391746587,0.0141072362391869),
 .UNSPECIFIED.);
#743=B_SPLINE_CURVE_WITH_KNOTS('',3,(#14740,#14741,#14742,#14743,#14744),
 .UNSPECIFIED.,.F.,.F.,(4,1,4),(0.,0.010322048754088,0.0237445984683209),
 .UNSPECIFIED.);
#744=B_SPLINE_CURVE_WITH_KNOTS('',3,(#14747,#14748,#14749,#14750,#14751),
 .UNSPECIFIED.,.F.,.F.,(4,1,4),(0.,0.010322048754088,0.0237445984683209),
 .UNSPECIFIED.);
#745=B_SPLINE_CURVE_WITH_KNOTS('',3,(#14763,#14764,#14765,#14766,#14767),
 .UNSPECIFIED.,.F.,.F.,(4,1,4),(0.,0.0137185857384785,0.0242461300557926),
 .UNSPECIFIED.);
#746=B_SPLINE_CURVE_WITH_KNOTS('',3,(#14770,#14771,#14772,#14773,#14774),
 .UNSPECIFIED.,.F.,.F.,(4,1,4),(0.,0.0137185857384785,0.0242461300557926),
 .UNSPECIFIED.);
#747=B_SPLINE_CURVE_WITH_KNOTS('',3,(#14792,#14793,#14794,#14795,#14796),
 .UNSPECIFIED.,.F.,.F.,(4,1,4),(0.,0.0170554107694085,0.0328362873203426),
 .UNSPECIFIED.);
#748=B_SPLINE_CURVE_WITH_KNOTS('',3,(#14799,#14800,#14801,#14802,#14803),
 .UNSPECIFIED.,.F.,.F.,(4,1,4),(0.,0.0170554107694085,0.0328362873203426),
 .UNSPECIFIED.);
#749=B_SPLINE_CURVE_WITH_KNOTS('',3,(#14815,#14816,#14817,#14818,#14819),
 .UNSPECIFIED.,.F.,.F.,(4,1,4),(0.,0.0146605696891365,0.0313640715767123),
 .UNSPECIFIED.);
#750=B_SPLINE_CURVE_WITH_KNOTS('',3,(#14822,#14823,#14824,#14825,#14826),
 .UNSPECIFIED.,.F.,.F.,(4,1,4),(0.,0.0146605696891365,0.0313640715767123),
 .UNSPECIFIED.);
#751=B_SPLINE_CURVE_WITH_KNOTS('',3,(#14838,#14839,#14840,#14841,#14842),
 .UNSPECIFIED.,.F.,.F.,(4,1,4),(0.,0.0217818963278476,0.0420603368003084),
 .UNSPECIFIED.);
#752=B_SPLINE_CURVE_WITH_KNOTS('',3,(#14845,#14846,#14847,#14848,#14849),
 .UNSPECIFIED.,.F.,.F.,(4,1,4),(0.,0.0217818963278476,0.0420603368003084),
 .UNSPECIFIED.);
#753=B_SPLINE_CURVE_WITH_KNOTS('',3,(#14861,#14862,#14863,#14864,#14865),
 .UNSPECIFIED.,.F.,.F.,(4,1,4),(0.,0.03378240246113,0.0603767923774198),
 .UNSPECIFIED.);
#754=B_SPLINE_CURVE_WITH_KNOTS('',3,(#14868,#14869,#14870,#14871,#14872),
 .UNSPECIFIED.,.F.,.F.,(4,1,4),(0.,0.03378240246113,0.0603767923774198),
 .UNSPECIFIED.);
#755=B_SPLINE_CURVE_WITH_KNOTS('',3,(#14884,#14885,#14886,#14887,#14888),
 .UNSPECIFIED.,.F.,.F.,(4,1,4),(0.,0.0210355824844862,0.0435626094916286),
 .UNSPECIFIED.);
#756=B_SPLINE_CURVE_WITH_KNOTS('',3,(#14891,#14892,#14893,#14894,#14895),
 .UNSPECIFIED.,.F.,.F.,(4,1,4),(0.,0.0210355824844862,0.0435626094916286),
 .UNSPECIFIED.);
#757=B_SPLINE_CURVE_WITH_KNOTS('',3,(#14907,#14908,#14909,#14910,#14911),
 .UNSPECIFIED.,.F.,.F.,(4,1,4),(0.,0.0147261596596171,0.033116880435341),
 .UNSPECIFIED.);
#758=B_SPLINE_CURVE_WITH_KNOTS('',3,(#14914,#14915,#14916,#14917,#14918),
 .UNSPECIFIED.,.F.,.F.,(4,1,4),(0.,0.0147261596596171,0.033116880435341),
 .UNSPECIFIED.);
#759=B_SPLINE_CURVE_WITH_KNOTS('',3,(#14930,#14931,#14932,#14933,#14934),
 .UNSPECIFIED.,.F.,.F.,(4,1,4),(0.,0.0153492727193956,0.0324337706804326),
 .UNSPECIFIED.);
#760=B_SPLINE_CURVE_WITH_KNOTS('',3,(#14937,#14938,#14939,#14940,#14941),
 .UNSPECIFIED.,.F.,.F.,(4,1,4),(0.,0.0153492727193956,0.0324337706804326),
 .UNSPECIFIED.);
#761=B_SPLINE_CURVE_WITH_KNOTS('',3,(#14953,#14954,#14955,#14956,#14957),
 .UNSPECIFIED.,.F.,.F.,(4,1,4),(0.,0.0194099476887113,0.0353600671874487),
 .UNSPECIFIED.);
#762=B_SPLINE_CURVE_WITH_KNOTS('',3,(#14960,#14961,#14962,#14963,#14964),
 .UNSPECIFIED.,.F.,.F.,(4,1,4),(0.,0.0194099476887113,0.0353600671874487),
 .UNSPECIFIED.);
#763=B_SPLINE_CURVE_WITH_KNOTS('',3,(#14981,#14982,#14983,#14984,#14985),
 .UNSPECIFIED.,.F.,.F.,(4,1,4),(0.,0.0103105337230191,0.0234680481355501),
 .UNSPECIFIED.);
#764=B_SPLINE_CURVE_WITH_KNOTS('',3,(#14986,#14987,#14988,#14989,#14990),
 .UNSPECIFIED.,.F.,.F.,(4,1,4),(0.,0.0103105337230191,0.0234680481355501),
 .UNSPECIFIED.);
#765=B_SPLINE_CURVE_WITH_KNOTS('',3,(#15004,#15005,#15006,#15007,#15008),
 .UNSPECIFIED.,.F.,.F.,(4,1,4),(0.,0.0149606265317085,0.0301582368714743),
 .UNSPECIFIED.);
#766=B_SPLINE_CURVE_WITH_KNOTS('',3,(#15012,#15013,#15014,#15015,#15016),
 .UNSPECIFIED.,.F.,.F.,(4,1,4),(0.,0.0149606265317085,0.0301582368714743),
 .UNSPECIFIED.);
#767=B_SPLINE_CURVE_WITH_KNOTS('',3,(#15029,#15030,#15031,#15032,#15033),
 .UNSPECIFIED.,.F.,.F.,(4,1,4),(0.,0.0146613499844586,0.0287615362391758),
 .UNSPECIFIED.);
#768=B_SPLINE_CURVE_WITH_KNOTS('',3,(#15036,#15037,#15038,#15039,#15040),
 .UNSPECIFIED.,.F.,.F.,(4,1,4),(0.,0.0146613499844586,0.0287615362391758),
 .UNSPECIFIED.);
#769=B_SPLINE_CURVE_WITH_KNOTS('',3,(#15052,#15053,#15054,#15055,#15056),
 .UNSPECIFIED.,.F.,.F.,(4,1,4),(0.,0.0232087547257982,0.0408998255122793),
 .UNSPECIFIED.);
#770=B_SPLINE_CURVE_WITH_KNOTS('',3,(#15059,#15060,#15061,#15062,#15063),
 .UNSPECIFIED.,.F.,.F.,(4,1,4),(0.,0.0232087547257982,0.0408998255122793),
 .UNSPECIFIED.);
#771=B_SPLINE_CURVE_WITH_KNOTS('',3,(#15075,#15076,#15077,#15078,#15079),
 .UNSPECIFIED.,.F.,.F.,(4,1,4),(0.,0.0177657354940115,0.0422413153708697),
 .UNSPECIFIED.);
#772=B_SPLINE_CURVE_WITH_KNOTS('',3,(#15082,#15083,#15084,#15085,#15086),
 .UNSPECIFIED.,.F.,.F.,(4,1,4),(0.,0.0177657354940115,0.0422413153708697),
 .UNSPECIFIED.);
#773=B_SPLINE_CURVE_WITH_KNOTS('',3,(#15098,#15099,#15100,#15101,#15102),
 .UNSPECIFIED.,.F.,.F.,(4,1,4),(0.,0.0136895364547931,0.027936830304714),
 .UNSPECIFIED.);
#774=B_SPLINE_CURVE_WITH_KNOTS('',3,(#15105,#15106,#15107,#15108,#15109),
 .UNSPECIFIED.,.F.,.F.,(4,1,4),(0.,0.0136895364547931,0.027936830304714),
 .UNSPECIFIED.);
#775=B_SPLINE_CURVE_WITH_KNOTS('',3,(#15121,#15122,#15123,#15124,#15125),
 .UNSPECIFIED.,.F.,.F.,(4,1,4),(0.,0.0155337925871402,0.0310058149983211),
 .UNSPECIFIED.);
#776=B_SPLINE_CURVE_WITH_KNOTS('',3,(#15128,#15129,#15130,#15131,#15132),
 .UNSPECIFIED.,.F.,.F.,(4,1,4),(0.,0.0155337925871402,0.0310058149983211),
 .UNSPECIFIED.);
#777=B_SPLINE_CURVE_WITH_KNOTS('',3,(#15144,#15145,#15146,#15147,#15148),
 .UNSPECIFIED.,.F.,.F.,(4,1,4),(0.,0.0224698143846724,0.0402027595682847),
 .UNSPECIFIED.);
#778=B_SPLINE_CURVE_WITH_KNOTS('',3,(#15151,#15152,#15153,#15154,#15155),
 .UNSPECIFIED.,.F.,.F.,(4,1,4),(0.,0.0224698143846724,0.0402027595682847),
 .UNSPECIFIED.);
#779=B_SPLINE_CURVE_WITH_KNOTS('',3,(#15166,#15167,#15168,#15169,#15170),
 .UNSPECIFIED.,.F.,.F.,(4,1,4),(0.,0.0182587140119933,0.0427047076655295),
 .UNSPECIFIED.);
#780=B_SPLINE_CURVE_WITH_KNOTS('',3,(#15171,#15172,#15173,#15174,#15175),
 .UNSPECIFIED.,.F.,.F.,(4,1,4),(0.,0.0182587140119933,0.0427047076655295),
 .UNSPECIFIED.);
#781=B_SPLINE_CURVE_WITH_KNOTS('',3,(#15196,#15197,#15198,#15199,#15200),
 .UNSPECIFIED.,.F.,.F.,(4,1,4),(0.,0.0171237624214718,0.0346037492792787),
 .UNSPECIFIED.);
#782=B_SPLINE_CURVE_WITH_KNOTS('',3,(#15203,#15204,#15205,#15206,#15207),
 .UNSPECIFIED.,.F.,.F.,(4,1,4),(0.,0.0171237624214718,0.0346037492792787),
 .UNSPECIFIED.);
#783=B_SPLINE_CURVE_WITH_KNOTS('',3,(#15219,#15220,#15221,#15222,#15223),
 .UNSPECIFIED.,.F.,.F.,(4,1,4),(0.,0.0185920949798007,0.0359782892314627),
 .UNSPECIFIED.);
#784=B_SPLINE_CURVE_WITH_KNOTS('',3,(#15226,#15227,#15228,#15229,#15230),
 .UNSPECIFIED.,.F.,.F.,(4,1,4),(0.,0.0185920949798007,0.0359782892314627),
 .UNSPECIFIED.);
#785=B_SPLINE_CURVE_WITH_KNOTS('',3,(#15242,#15243,#15244,#15245,#15246),
 .UNSPECIFIED.,.F.,.F.,(4,1,4),(0.,0.0364699547448459,0.073593029128783),
 .UNSPECIFIED.);
#786=B_SPLINE_CURVE_WITH_KNOTS('',3,(#15249,#15250,#15251,#15252,#15253),
 .UNSPECIFIED.,.F.,.F.,(4,1,4),(0.,0.0364699547448459,0.073593029128783),
 .UNSPECIFIED.);
#787=B_SPLINE_CURVE_WITH_KNOTS('',3,(#15265,#15266,#15267,#15268,#15269),
 .UNSPECIFIED.,.F.,.F.,(4,1,4),(0.,0.0481146334748174,0.088095696163716),
 .UNSPECIFIED.);
#788=B_SPLINE_CURVE_WITH_KNOTS('',3,(#15272,#15273,#15274,#15275,#15276),
 .UNSPECIFIED.,.F.,.F.,(4,1,4),(0.,0.0481146334748174,0.088095696163716),
 .UNSPECIFIED.);
#789=B_SPLINE_CURVE_WITH_KNOTS('',3,(#15288,#15289,#15290,#15291,#15292),
 .UNSPECIFIED.,.F.,.F.,(4,1,4),(0.,0.0412882174292787,0.0863297602416856),
 .UNSPECIFIED.);
#790=B_SPLINE_CURVE_WITH_KNOTS('',3,(#15295,#15296,#15297,#15298,#15299),
 .UNSPECIFIED.,.F.,.F.,(4,1,4),(0.,0.0412882174292787,0.0863297602416856),
 .UNSPECIFIED.);
#791=B_SPLINE_CURVE_WITH_KNOTS('',3,(#15311,#15312,#15313,#15314,#15315),
 .UNSPECIFIED.,.F.,.F.,(4,1,4),(0.,0.0400872243364398,0.0784011838530071),
 .UNSPECIFIED.);
#792=B_SPLINE_CURVE_WITH_KNOTS('',3,(#15318,#15319,#15320,#15321,#15322),
 .UNSPECIFIED.,.F.,.F.,(4,1,4),(0.,0.0400872243364398,0.0784011838530071),
 .UNSPECIFIED.);
#793=B_SPLINE_CURVE_WITH_KNOTS('',3,(#15334,#15335,#15336,#15337,#15338),
 .UNSPECIFIED.,.F.,.F.,(4,1,4),(0.,0.0202988485002251,0.0415074476889406),
 .UNSPECIFIED.);
#794=B_SPLINE_CURVE_WITH_KNOTS('',3,(#15341,#15342,#15343,#15344,#15345),
 .UNSPECIFIED.,.F.,.F.,(4,1,4),(0.,0.0202988485002251,0.0415074476889406),
 .UNSPECIFIED.);
#795=B_SPLINE_CURVE_WITH_KNOTS('',3,(#15357,#15358,#15359,#15360,#15361),
 .UNSPECIFIED.,.F.,.F.,(4,1,4),(0.,0.0232122346272855,0.0408831358941949),
 .UNSPECIFIED.);
#796=B_SPLINE_CURVE_WITH_KNOTS('',3,(#15364,#15365,#15366,#15367,#15368),
 .UNSPECIFIED.,.F.,.F.,(4,1,4),(0.,0.0232122346272855,0.0408831358941949),
 .UNSPECIFIED.);
#797=B_SPLINE_CURVE_WITH_KNOTS('',3,(#15442,#15443,#15444,#15445,#15446),
 .UNSPECIFIED.,.F.,.F.,(4,1,4),(0.,0.0289799014686857,0.0729930183847408),
 .UNSPECIFIED.);
#798=B_SPLINE_CURVE_WITH_KNOTS('',3,(#15449,#15450,#15451,#15452,#15453),
 .UNSPECIFIED.,.F.,.F.,(4,1,4),(0.,0.0289799014686857,0.0729930183847408),
 .UNSPECIFIED.);
#799=B_SPLINE_CURVE_WITH_KNOTS('',3,(#15465,#15466,#15467,#15468,#15469),
 .UNSPECIFIED.,.F.,.F.,(4,1,4),(0.,0.0149165338667744,0.0297570778458461),
 .UNSPECIFIED.);
#800=B_SPLINE_CURVE_WITH_KNOTS('',3,(#15472,#15473,#15474,#15475,#15476),
 .UNSPECIFIED.,.F.,.F.,(4,1,4),(0.,0.0149165338667744,0.0297570778458461),
 .UNSPECIFIED.);
#801=B_SPLINE_CURVE_WITH_KNOTS('',3,(#15488,#15489,#15490,#15491,#15492),
 .UNSPECIFIED.,.F.,.F.,(4,1,4),(0.,0.0139792378969438,0.0242244259902662),
 .UNSPECIFIED.);
#802=B_SPLINE_CURVE_WITH_KNOTS('',3,(#15495,#15496,#15497,#15498,#15499),
 .UNSPECIFIED.,.F.,.F.,(4,1,4),(0.,0.0139792378969438,0.0242244259902662),
 .UNSPECIFIED.);
#803=B_SPLINE_CURVE_WITH_KNOTS('',3,(#15517,#15518,#15519,#15520,#15521),
 .UNSPECIFIED.,.F.,.F.,(4,1,4),(0.,0.0194987324159459,0.0422141271831118),
 .UNSPECIFIED.);
#804=B_SPLINE_CURVE_WITH_KNOTS('',3,(#15524,#15525,#15526,#15527,#15528),
 .UNSPECIFIED.,.F.,.F.,(4,1,4),(0.,0.0194987324159459,0.0422141271831118),
 .UNSPECIFIED.);
#805=B_SPLINE_CURVE_WITH_KNOTS('',3,(#15540,#15541,#15542,#15543,#15544),
 .UNSPECIFIED.,.F.,.F.,(4,1,4),(0.,0.0149863104368016,0.0313525433587523),
 .UNSPECIFIED.);
#806=B_SPLINE_CURVE_WITH_KNOTS('',3,(#15547,#15548,#15549,#15550,#15551),
 .UNSPECIFIED.,.F.,.F.,(4,1,4),(0.,0.0149863104368016,0.0313525433587523),
 .UNSPECIFIED.);
#807=B_SPLINE_CURVE_WITH_KNOTS('',3,(#15563,#15564,#15565,#15566,#15567),
 .UNSPECIFIED.,.F.,.F.,(4,1,4),(0.,0.0225851207443268,0.0395189947769716),
 .UNSPECIFIED.);
#808=B_SPLINE_CURVE_WITH_KNOTS('',3,(#15570,#15571,#15572,#15573,#15574),
 .UNSPECIFIED.,.F.,.F.,(4,1,4),(0.,0.0225851207443268,0.0395189947769716),
 .UNSPECIFIED.);
#809=B_SPLINE_CURVE_WITH_KNOTS('',3,(#15603,#15604,#15605,#15606,#15607),
 .UNSPECIFIED.,.F.,.F.,(4,1,4),(0.,0.0137048782004178,0.0310824353714795),
 .UNSPECIFIED.);
#810=B_SPLINE_CURVE_WITH_KNOTS('',3,(#15611,#15612,#15613,#15614,#15615),
 .UNSPECIFIED.,.F.,.F.,(4,1,4),(0.,0.0137048782004178,0.0310824353714795),
 .UNSPECIFIED.);
#811=B_SPLINE_CURVE_WITH_KNOTS('',3,(#15628,#15629,#15630,#15631,#15632),
 .UNSPECIFIED.,.F.,.F.,(4,1,4),(0.,0.0182840868106496,0.03650162464406),
 .UNSPECIFIED.);
#812=B_SPLINE_CURVE_WITH_KNOTS('',3,(#15635,#15636,#15637,#15638,#15639),
 .UNSPECIFIED.,.F.,.F.,(4,1,4),(0.,0.0182840868106496,0.03650162464406),
 .UNSPECIFIED.);
#813=B_SPLINE_CURVE_WITH_KNOTS('',3,(#15651,#15652,#15653,#15654,#15655),
 .UNSPECIFIED.,.F.,.F.,(4,1,4),(0.,0.0144319368365864,0.0301513630234432),
 .UNSPECIFIED.);
#814=B_SPLINE_CURVE_WITH_KNOTS('',3,(#15658,#15659,#15660,#15661,#15662),
 .UNSPECIFIED.,.F.,.F.,(4,1,4),(0.,0.0144319368365864,0.0301513630234432),
 .UNSPECIFIED.);
#815=B_SPLINE_CURVE_WITH_KNOTS('',3,(#15674,#15675,#15676,#15677,#15678),
 .UNSPECIFIED.,.F.,.F.,(4,1,4),(0.,0.0212031204116397,0.0375153044835597),
 .UNSPECIFIED.);
#816=B_SPLINE_CURVE_WITH_KNOTS('',3,(#15681,#15682,#15683,#15684,#15685),
 .UNSPECIFIED.,.F.,.F.,(4,1,4),(0.,0.0212031204116397,0.0375153044835597),
 .UNSPECIFIED.);
#817=B_SPLINE_CURVE_WITH_KNOTS('',3,(#15701,#15702,#15703,#15704,#15705),
 .UNSPECIFIED.,.F.,.F.,(4,1,4),(0.,0.0326163518526782,0.0717085015988373),
 .UNSPECIFIED.);
#818=B_SPLINE_CURVE_WITH_KNOTS('',3,(#15709,#15710,#15711,#15712,#15713),
 .UNSPECIFIED.,.F.,.F.,(4,1,4),(0.,0.0326163518526782,0.0717085015988373),
 .UNSPECIFIED.);
#819=B_SPLINE_CURVE_WITH_KNOTS('',3,(#15726,#15727,#15728,#15729,#15730),
 .UNSPECIFIED.,.F.,.F.,(4,1,4),(0.,0.0294097672940729,0.0587258680554274),
 .UNSPECIFIED.);
#820=B_SPLINE_CURVE_WITH_KNOTS('',3,(#15733,#15734,#15735,#15736,#15737),
 .UNSPECIFIED.,.F.,.F.,(4,1,4),(0.,0.0294097672940729,0.0587258680554274),
 .UNSPECIFIED.);
#821=B_SPLINE_CURVE_WITH_KNOTS('',3,(#15749,#15750,#15751,#15752,#15753),
 .UNSPECIFIED.,.F.,.F.,(4,1,4),(0.,0.0418952407598909,0.075529530571196),
 .UNSPECIFIED.);
#822=B_SPLINE_CURVE_WITH_KNOTS('',3,(#15756,#15757,#15758,#15759,#15760),
 .UNSPECIFIED.,.F.,.F.,(4,1,4),(0.,0.0418952407598909,0.075529530571196),
 .UNSPECIFIED.);
#823=B_SPLINE_CURVE_WITH_KNOTS('',3,(#15772,#15773,#15774,#15775,#15776),
 .UNSPECIFIED.,.F.,.F.,(4,1,4),(0.,0.0455454317519772,0.0974598409775586),
 .UNSPECIFIED.);
#824=B_SPLINE_CURVE_WITH_KNOTS('',3,(#15779,#15780,#15781,#15782,#15783),
 .UNSPECIFIED.,.F.,.F.,(4,1,4),(0.,0.0455454317519772,0.0974598409775586),
 .UNSPECIFIED.);
#825=B_SPLINE_CURVE_WITH_KNOTS('',3,(#15795,#15796,#15797,#15798,#15799),
 .UNSPECIFIED.,.F.,.F.,(4,1,4),(0.,0.0468070101161376,0.090609052259897),
 .UNSPECIFIED.);
#826=B_SPLINE_CURVE_WITH_KNOTS('',3,(#15802,#15803,#15804,#15805,#15806),
 .UNSPECIFIED.,.F.,.F.,(4,1,4),(0.,0.0468070101161376,0.090609052259897),
 .UNSPECIFIED.);
#827=B_SPLINE_CURVE_WITH_KNOTS('',3,(#15818,#15819,#15820,#15821,#15822),
 .UNSPECIFIED.,.F.,.F.,(4,1,4),(0.,0.0313451447476211,0.0650976073354007),
 .UNSPECIFIED.);
#828=B_SPLINE_CURVE_WITH_KNOTS('',3,(#15825,#15826,#15827,#15828,#15829),
 .UNSPECIFIED.,.F.,.F.,(4,1,4),(0.,0.0313451447476211,0.0650976073354007),
 .UNSPECIFIED.);
#829=B_SPLINE_CURVE_WITH_KNOTS('',3,(#15841,#15842,#15843,#15844,#15845),
 .UNSPECIFIED.,.F.,.F.,(4,1,4),(0.,0.0276323650962395,0.0570271031000933),
 .UNSPECIFIED.);
#830=B_SPLINE_CURVE_WITH_KNOTS('',3,(#15848,#15849,#15850,#15851,#15852),
 .UNSPECIFIED.,.F.,.F.,(4,1,4),(0.,0.0276323650962395,0.0570271031000933),
 .UNSPECIFIED.);
#831=B_SPLINE_CURVE_WITH_KNOTS('',3,(#15864,#15865,#15866,#15867,#15868),
 .UNSPECIFIED.,.F.,.F.,(4,1,4),(0.,0.0386922493797072,0.0694223582457019),
 .UNSPECIFIED.);
#832=B_SPLINE_CURVE_WITH_KNOTS('',3,(#15871,#15872,#15873,#15874,#15875),
 .UNSPECIFIED.,.F.,.F.,(4,1,4),(0.,0.0386922493797072,0.0694223582457019),
 .UNSPECIFIED.);
#833=B_SPLINE_CURVE_WITH_KNOTS('',3,(#15887,#15888,#15889,#15890,#15891),
 .UNSPECIFIED.,.F.,.F.,(4,1,4),(0.,0.034071663189996,0.0781592994862543),
 .UNSPECIFIED.);
#834=B_SPLINE_CURVE_WITH_KNOTS('',3,(#15894,#15895,#15896,#15897,#15898),
 .UNSPECIFIED.,.F.,.F.,(4,1,4),(0.,0.034071663189996,0.0781592994862543),
 .UNSPECIFIED.);
#835=B_SPLINE_CURVE_WITH_KNOTS('',3,(#15910,#15911,#15912,#15913,#15914),
 .UNSPECIFIED.,.F.,.F.,(4,1,4),(0.,0.0349737752963332,0.0660602590710231),
 .UNSPECIFIED.);
#836=B_SPLINE_CURVE_WITH_KNOTS('',3,(#15917,#15918,#15919,#15920,#15921),
 .UNSPECIFIED.,.F.,.F.,(4,1,4),(0.,0.0349737752963332,0.0660602590710231),
 .UNSPECIFIED.);
#837=B_SPLINE_CURVE_WITH_KNOTS('',3,(#15939,#15940,#15941,#15942,#15943),
 .UNSPECIFIED.,.F.,.F.,(4,1,4),(0.,0.00883056297679653,0.0200598368083148),
 .UNSPECIFIED.);
#838=B_SPLINE_CURVE_WITH_KNOTS('',3,(#15946,#15947,#15948,#15949,#15950),
 .UNSPECIFIED.,.F.,.F.,(4,1,4),(0.,0.00883056297679653,0.0200598368083148),
 .UNSPECIFIED.);
#839=B_SPLINE_CURVE_WITH_KNOTS('',3,(#15962,#15963,#15964,#15965,#15966),
 .UNSPECIFIED.,.F.,.F.,(4,1,4),(0.,0.0120693412996981,0.0243246437040622),
 .UNSPECIFIED.);
#840=B_SPLINE_CURVE_WITH_KNOTS('',3,(#15969,#15970,#15971,#15972,#15973),
 .UNSPECIFIED.,.F.,.F.,(4,1,4),(0.,0.0120693412996981,0.0243246437040622),
 .UNSPECIFIED.);
#841=B_SPLINE_CURVE_WITH_KNOTS('',3,(#15985,#15986,#15987,#15988,#15989),
 .UNSPECIFIED.,.F.,.F.,(4,1,4),(0.,0.0174867766829292,0.0354361837551478),
 .UNSPECIFIED.);
#842=B_SPLINE_CURVE_WITH_KNOTS('',3,(#15992,#15993,#15994,#15995,#15996),
 .UNSPECIFIED.,.F.,.F.,(4,1,4),(0.,0.0174867766829292,0.0354361837551478),
 .UNSPECIFIED.);
#843=B_SPLINE_CURVE_WITH_KNOTS('',3,(#16008,#16009,#16010,#16011,#16012),
 .UNSPECIFIED.,.F.,.F.,(4,1,4),(0.,0.0179122991485832,0.0321392297219988),
 .UNSPECIFIED.);
#844=B_SPLINE_CURVE_WITH_KNOTS('',3,(#16015,#16016,#16017,#16018,#16019),
 .UNSPECIFIED.,.F.,.F.,(4,1,4),(0.,0.0179122991485832,0.0321392297219988),
 .UNSPECIFIED.);
#845=B_SPLINE_CURVE_WITH_KNOTS('',3,(#16042,#16043,#16044,#16045,#16046),
 .UNSPECIFIED.,.F.,.F.,(4,1,4),(0.,0.0651857083237759,0.111969763912668),
 .UNSPECIFIED.);
#846=B_SPLINE_CURVE_WITH_KNOTS('',3,(#16050,#16051,#16052,#16053,#16054),
 .UNSPECIFIED.,.F.,.F.,(4,1,4),(0.,0.0651857083237759,0.111969763912668),
 .UNSPECIFIED.);
#847=B_SPLINE_CURVE_WITH_KNOTS('',3,(#16067,#16068,#16069,#16070,#16071),
 .UNSPECIFIED.,.F.,.F.,(4,1,4),(0.,0.0337102070313424,0.0736855389332976),
 .UNSPECIFIED.);
#848=B_SPLINE_CURVE_WITH_KNOTS('',3,(#16074,#16075,#16076,#16077,#16078),
 .UNSPECIFIED.,.F.,.F.,(4,1,4),(0.,0.0337102070313424,0.0736855389332976),
 .UNSPECIFIED.);
#849=B_SPLINE_CURVE_WITH_KNOTS('',3,(#16090,#16091,#16092,#16093,#16094),
 .UNSPECIFIED.,.F.,.F.,(4,1,4),(0.,0.0287331949473498,0.0586092127148048),
 .UNSPECIFIED.);
#850=B_SPLINE_CURVE_WITH_KNOTS('',3,(#16097,#16098,#16099,#16100,#16101),
 .UNSPECIFIED.,.F.,.F.,(4,1,4),(0.,0.0287331949473498,0.0586092127148048),
 .UNSPECIFIED.);
#851=B_SPLINE_CURVE_WITH_KNOTS('',3,(#16113,#16114,#16115,#16116,#16117),
 .UNSPECIFIED.,.F.,.F.,(4,1,4),(0.,0.0280141611366269,0.0561640774835049),
 .UNSPECIFIED.);
#852=B_SPLINE_CURVE_WITH_KNOTS('',3,(#16120,#16121,#16122,#16123,#16124),
 .UNSPECIFIED.,.F.,.F.,(4,1,4),(0.,0.0280141611366269,0.0561640774835049),
 .UNSPECIFIED.);
#853=B_SPLINE_CURVE_WITH_KNOTS('',3,(#16136,#16137,#16138,#16139,#16140),
 .UNSPECIFIED.,.F.,.F.,(4,1,4),(0.,0.0228935812062464,0.0464675401787891),
 .UNSPECIFIED.);
#854=B_SPLINE_CURVE_WITH_KNOTS('',3,(#16143,#16144,#16145,#16146,#16147),
 .UNSPECIFIED.,.F.,.F.,(4,1,4),(0.,0.0228935812062464,0.0464675401787891),
 .UNSPECIFIED.);
#855=B_SPLINE_CURVE_WITH_KNOTS('',3,(#16159,#16160,#16161,#16162,#16163),
 .UNSPECIFIED.,.F.,.F.,(4,1,4),(0.,0.0272296871172114,0.0511461619413544),
 .UNSPECIFIED.);
#856=B_SPLINE_CURVE_WITH_KNOTS('',3,(#16166,#16167,#16168,#16169,#16170),
 .UNSPECIFIED.,.F.,.F.,(4,1,4),(0.,0.0272296871172114,0.0511461619413544),
 .UNSPECIFIED.);
#857=B_SPLINE_CURVE_WITH_KNOTS('',3,(#16182,#16183,#16184,#16185,#16186),
 .UNSPECIFIED.,.F.,.F.,(4,1,4),(0.,0.0537766380742171,0.0911058051870627),
 .UNSPECIFIED.);
#858=B_SPLINE_CURVE_WITH_KNOTS('',3,(#16189,#16190,#16191,#16192,#16193),
 .UNSPECIFIED.,.F.,.F.,(4,1,4),(0.,0.0537766380742171,0.0911058051870627),
 .UNSPECIFIED.);
#859=B_SPLINE_CURVE_WITH_KNOTS('',3,(#16205,#16206,#16207,#16208,#16209),
 .UNSPECIFIED.,.F.,.F.,(4,1,4),(0.,0.0124476892176408,0.0331960627956299),
 .UNSPECIFIED.);
#860=B_SPLINE_CURVE_WITH_KNOTS('',3,(#16212,#16213,#16214,#16215,#16216),
 .UNSPECIFIED.,.F.,.F.,(4,1,4),(0.,0.0124476892176408,0.0331960627956299),
 .UNSPECIFIED.);
#861=B_SPLINE_CURVE_WITH_KNOTS('',3,(#16228,#16229,#16230,#16231,#16232),
 .UNSPECIFIED.,.F.,.F.,(4,1,4),(0.,0.00701054582256575,0.0149298542148034),
 .UNSPECIFIED.);
#862=B_SPLINE_CURVE_WITH_KNOTS('',3,(#16235,#16236,#16237,#16238,#16239),
 .UNSPECIFIED.,.F.,.F.,(4,1,4),(0.,0.00701054582256575,0.0149298542148034),
 .UNSPECIFIED.);
#863=B_SPLINE_CURVE_WITH_KNOTS('',3,(#16251,#16252,#16253,#16254,#16255),
 .UNSPECIFIED.,.F.,.F.,(4,1,4),(0.,0.00970809234779778,0.0189916996014508),
 .UNSPECIFIED.);
#864=B_SPLINE_CURVE_WITH_KNOTS('',3,(#16258,#16259,#16260,#16261,#16262),
 .UNSPECIFIED.,.F.,.F.,(4,1,4),(0.,0.00970809234779778,0.0189916996014508),
 .UNSPECIFIED.);
#865=B_SPLINE_CURVE_WITH_KNOTS('',3,(#16274,#16275,#16276,#16277,#16278),
 .UNSPECIFIED.,.F.,.F.,(4,1,4),(0.,0.0142775602858337,0.0257177643345784),
 .UNSPECIFIED.);
#866=B_SPLINE_CURVE_WITH_KNOTS('',3,(#16281,#16282,#16283,#16284,#16285),
 .UNSPECIFIED.,.F.,.F.,(4,1,4),(0.,0.0142775602858337,0.0257177643345784),
 .UNSPECIFIED.);
#867=B_SPLINE_CURVE_WITH_KNOTS('',3,(#16297,#16298,#16299,#16300,#16301),
 .UNSPECIFIED.,.F.,.F.,(4,1,4),(0.,0.0148969202985607,0.0325443287057702),
 .UNSPECIFIED.);
#868=B_SPLINE_CURVE_WITH_KNOTS('',3,(#16304,#16305,#16306,#16307,#16308),
 .UNSPECIFIED.,.F.,.F.,(4,1,4),(0.,0.0148969202985607,0.0325443287057702),
 .UNSPECIFIED.);
#869=B_SPLINE_CURVE_WITH_KNOTS('',3,(#16320,#16321,#16322,#16323,#16324),
 .UNSPECIFIED.,.F.,.F.,(4,1,4),(0.,0.0183177121242722,0.033483759189559),
 .UNSPECIFIED.);
#870=B_SPLINE_CURVE_WITH_KNOTS('',3,(#16327,#16328,#16329,#16330,#16331),
 .UNSPECIFIED.,.F.,.F.,(4,1,4),(0.,0.0183177121242722,0.033483759189559),
 .UNSPECIFIED.);
#871=B_SPLINE_CURVE_WITH_KNOTS('',3,(#16349,#16350,#16351,#16352,#16353),
 .UNSPECIFIED.,.F.,.F.,(4,1,4),(0.,0.0366919907037381,0.0787166782057733),
 .UNSPECIFIED.);
#872=B_SPLINE_CURVE_WITH_KNOTS('',3,(#16356,#16357,#16358,#16359,#16360),
 .UNSPECIFIED.,.F.,.F.,(4,1,4),(0.,0.0366919907037381,0.0787166782057733),
 .UNSPECIFIED.);
#873=B_SPLINE_CURVE_WITH_KNOTS('',3,(#16372,#16373,#16374,#16375,#16376),
 .UNSPECIFIED.,.F.,.F.,(4,1,4),(0.,0.0509320901970987,0.0912317401564434),
 .UNSPECIFIED.);
#874=B_SPLINE_CURVE_WITH_KNOTS('',3,(#16379,#16380,#16381,#16382,#16383),
 .UNSPECIFIED.,.F.,.F.,(4,1,4),(0.,0.0509320901970987,0.0912317401564434),
 .UNSPECIFIED.);
#875=B_SPLINE_CURVE_WITH_KNOTS('',3,(#16395,#16396,#16397,#16398,#16399),
 .UNSPECIFIED.,.F.,.F.,(4,1,4),(0.,0.0331907826277925,0.0751954433877217),
 .UNSPECIFIED.);
#876=B_SPLINE_CURVE_WITH_KNOTS('',3,(#16402,#16403,#16404,#16405,#16406),
 .UNSPECIFIED.,.F.,.F.,(4,1,4),(0.,0.0331907826277925,0.0751954433877217),
 .UNSPECIFIED.);
#877=B_SPLINE_CURVE_WITH_KNOTS('',3,(#16418,#16419,#16420,#16421,#16422),
 .UNSPECIFIED.,.F.,.F.,(4,1,4),(0.,0.0249499945926253,0.0522457008811944),
 .UNSPECIFIED.);
#878=B_SPLINE_CURVE_WITH_KNOTS('',3,(#16425,#16426,#16427,#16428,#16429),
 .UNSPECIFIED.,.F.,.F.,(4,1,4),(0.,0.0249499945926253,0.0522457008811944),
 .UNSPECIFIED.);
#879=B_SPLINE_CURVE_WITH_KNOTS('',3,(#16441,#16442,#16443,#16444,#16445),
 .UNSPECIFIED.,.F.,.F.,(4,1,4),(0.,0.0227039389225091,0.0460696075311261),
 .UNSPECIFIED.);
#880=B_SPLINE_CURVE_WITH_KNOTS('',3,(#16448,#16449,#16450,#16451,#16452),
 .UNSPECIFIED.,.F.,.F.,(4,1,4),(0.,0.0227039389225091,0.0460696075311261),
 .UNSPECIFIED.);
#881=B_SPLINE_CURVE_WITH_KNOTS('',3,(#16464,#16465,#16466,#16467,#16468),
 .UNSPECIFIED.,.F.,.F.,(4,1,4),(0.,0.0324563479679238,0.0651950196762406),
 .UNSPECIFIED.);
#882=B_SPLINE_CURVE_WITH_KNOTS('',3,(#16471,#16472,#16473,#16474,#16475),
 .UNSPECIFIED.,.F.,.F.,(4,1,4),(0.,0.0324563479679238,0.0651950196762406),
 .UNSPECIFIED.);
#883=B_SPLINE_CURVE_WITH_KNOTS('',3,(#16487,#16488,#16489,#16490,#16491),
 .UNSPECIFIED.,.F.,.F.,(4,1,4),(0.,0.0546183893723597,0.0949353002197115),
 .UNSPECIFIED.);
#884=B_SPLINE_CURVE_WITH_KNOTS('',3,(#16494,#16495,#16496,#16497,#16498),
 .UNSPECIFIED.,.F.,.F.,(4,1,4),(0.,0.0546183893723597,0.0949353002197115),
 .UNSPECIFIED.);
#885=B_SPLINE_CURVE_WITH_KNOTS('',3,(#16510,#16511,#16512,#16513,#16514),
 .UNSPECIFIED.,.F.,.F.,(4,1,4),(0.,0.0192001275023427,0.0508381736290227),
 .UNSPECIFIED.);
#886=B_SPLINE_CURVE_WITH_KNOTS('',3,(#16517,#16518,#16519,#16520,#16521),
 .UNSPECIFIED.,.F.,.F.,(4,1,4),(0.,0.0192001275023427,0.0508381736290227),
 .UNSPECIFIED.);
#887=B_SPLINE_CURVE_WITH_KNOTS('',3,(#16533,#16534,#16535,#16536,#16537),
 .UNSPECIFIED.,.F.,.F.,(4,1,4),(0.,0.0113426584968682,0.0238075802103726),
 .UNSPECIFIED.);
#888=B_SPLINE_CURVE_WITH_KNOTS('',3,(#16540,#16541,#16542,#16543,#16544),
 .UNSPECIFIED.,.F.,.F.,(4,1,4),(0.,0.0113426584968682,0.0238075802103726),
 .UNSPECIFIED.);
#889=B_SPLINE_CURVE_WITH_KNOTS('',3,(#16556,#16557,#16558,#16559,#16560),
 .UNSPECIFIED.,.F.,.F.,(4,1,4),(0.,0.0129913950583028,0.0248671813005466),
 .UNSPECIFIED.);
#890=B_SPLINE_CURVE_WITH_KNOTS('',3,(#16563,#16564,#16565,#16566,#16567),
 .UNSPECIFIED.,.F.,.F.,(4,1,4),(0.,0.0129913950583028,0.0248671813005466),
 .UNSPECIFIED.);
#891=B_SPLINE_CURVE_WITH_KNOTS('',3,(#16579,#16580,#16581,#16582,#16583),
 .UNSPECIFIED.,.F.,.F.,(4,1,4),(0.,0.017698135949294,0.0323688939369655),
 .UNSPECIFIED.);
#892=B_SPLINE_CURVE_WITH_KNOTS('',3,(#16586,#16587,#16588,#16589,#16590),
 .UNSPECIFIED.,.F.,.F.,(4,1,4),(0.,0.017698135949294,0.0323688939369655),
 .UNSPECIFIED.);
#893=B_SPLINE_CURVE_WITH_KNOTS('',3,(#16602,#16603,#16604,#16605,#16606),
 .UNSPECIFIED.,.F.,.F.,(4,1,4),(0.,0.0221166676466744,0.0460865115899357),
 .UNSPECIFIED.);
#894=B_SPLINE_CURVE_WITH_KNOTS('',3,(#16609,#16610,#16611,#16612,#16613),
 .UNSPECIFIED.,.F.,.F.,(4,1,4),(0.,0.0221166676466744,0.0460865115899357),
 .UNSPECIFIED.);
#895=B_SPLINE_CURVE_WITH_KNOTS('',3,(#16625,#16626,#16627,#16628,#16629),
 .UNSPECIFIED.,.F.,.F.,(4,1,4),(0.,0.0194221981205745,0.0350529607084166),
 .UNSPECIFIED.);
#896=B_SPLINE_CURVE_WITH_KNOTS('',3,(#16632,#16633,#16634,#16635,#16636),
 .UNSPECIFIED.,.F.,.F.,(4,1,4),(0.,0.0194221981205745,0.0350529607084166),
 .UNSPECIFIED.);
#897=B_SPLINE_CURVE_WITH_KNOTS('',3,(#16653,#16654,#16655,#16656,#16657),
 .UNSPECIFIED.,.F.,.F.,(4,1,4),(0.,0.0406426878889564,0.0833387879945192),
 .UNSPECIFIED.);
#898=B_SPLINE_CURVE_WITH_KNOTS('',3,(#16658,#16659,#16660,#16661,#16662),
 .UNSPECIFIED.,.F.,.F.,(4,1,4),(0.,0.0406426878889564,0.0833387879945192),
 .UNSPECIFIED.);
#899=B_SPLINE_SURFACE_WITH_KNOTS('',3,1,((#11260,#11261),(#11262,#11263),
(#11264,#11265),(#11266,#11267),(#11268,#11269)),.UNSPECIFIED.,.F.,.F.,
 .F.,(4,1,4),(2,2),(0.,0.0175002571179083,0.0427296184234788),(0.,0.2),
 .UNSPECIFIED.);
#900=B_SPLINE_SURFACE_WITH_KNOTS('',3,1,((#11283,#11284),(#11285,#11286),
(#11287,#11288),(#11289,#11290),(#11291,#11292)),.UNSPECIFIED.,.F.,.F.,
 .F.,(4,1,4),(2,2),(0.,0.0140068951004858,0.0278453430691762),(0.,0.2),
 .UNSPECIFIED.);
#901=B_SPLINE_SURFACE_WITH_KNOTS('',3,1,((#11306,#11307),(#11308,#11309),
(#11310,#11311),(#11312,#11313),(#11314,#11315)),.UNSPECIFIED.,.F.,.F.,
 .F.,(4,1,4),(2,2),(0.,0.0111570047702266,0.0235211277510928),(0.,0.2),
 .UNSPECIFIED.);
#902=B_SPLINE_SURFACE_WITH_KNOTS('',3,1,((#11329,#11330),(#11331,#11332),
(#11333,#11334),(#11335,#11336),(#11337,#11338)),.UNSPECIFIED.,.F.,.F.,
 .F.,(4,1,4),(2,2),(0.,0.0175478375585003,0.0302915888022492),(0.,0.2),
 .UNSPECIFIED.);
#903=B_SPLINE_SURFACE_WITH_KNOTS('',3,1,((#11370,#11371),(#11372,#11373),
(#11374,#11375),(#11376,#11377),(#11378,#11379)),.UNSPECIFIED.,.F.,.F.,
 .F.,(4,1,4),(2,2),(0.,0.0300533157303728,0.067619949516338),(0.,0.2),
 .UNSPECIFIED.);
#904=B_SPLINE_SURFACE_WITH_KNOTS('',3,1,((#11393,#11394),(#11395,#11396),
(#11397,#11398),(#11399,#11400),(#11401,#11402)),.UNSPECIFIED.,.F.,.F.,
 .F.,(4,1,4),(2,2),(0.,0.0307745496059862,0.0585712071640321),(0.,0.2),
 .UNSPECIFIED.);
#905=B_SPLINE_SURFACE_WITH_KNOTS('',3,1,((#11416,#11417),(#11418,#11419),
(#11420,#11421),(#11422,#11423),(#11424,#11425)),.UNSPECIFIED.,.F.,.F.,
 .F.,(4,1,4),(2,2),(0.,0.0191753252698482,0.0406436564180958),(0.,0.2),
 .UNSPECIFIED.);
#906=B_SPLINE_SURFACE_WITH_KNOTS('',3,1,((#11439,#11440),(#11441,#11442),
(#11443,#11444),(#11445,#11446),(#11447,#11448)),.UNSPECIFIED.,.F.,.F.,
 .F.,(4,1,4),(2,2),(0.,0.0226831495764409,0.0423013739283002),(0.,0.2),
 .UNSPECIFIED.);
#907=B_SPLINE_SURFACE_WITH_KNOTS('',3,1,((#11493,#11494),(#11495,#11496),
(#11497,#11498),(#11499,#11500),(#11501,#11502)),.UNSPECIFIED.,.F.,.F.,
 .F.,(4,1,4),(2,2),(0.,0.028979881581567,0.0729929984976221),(0.,0.2),
 .UNSPECIFIED.);
#908=B_SPLINE_SURFACE_WITH_KNOTS('',3,1,((#11516,#11517),(#11518,#11519),
(#11520,#11521),(#11522,#11523),(#11524,#11525)),.UNSPECIFIED.,.F.,.F.,
 .F.,(4,1,4),(2,2),(0.,0.0149165338667744,0.0297570342851003),(0.,0.2),
 .UNSPECIFIED.);
#909=B_SPLINE_SURFACE_WITH_KNOTS('',3,1,((#11539,#11540),(#11541,#11542),
(#11543,#11544),(#11545,#11546),(#11547,#11548)),.UNSPECIFIED.,.F.,.F.,
 .F.,(4,1,4),(2,2),(0.,0.0139791253394705,0.024224431296819),(0.,0.2),
 .UNSPECIFIED.);
#910=B_SPLINE_SURFACE_WITH_KNOTS('',3,1,((#11568,#11569),(#11570,#11571),
(#11572,#11573),(#11574,#11575),(#11576,#11577)),.UNSPECIFIED.,.F.,.F.,
 .F.,(4,1,4),(2,2),(0.,0.0194988503314447,0.0422142450986106),(0.,0.2),
 .UNSPECIFIED.);
#911=B_SPLINE_SURFACE_WITH_KNOTS('',3,1,((#11591,#11592),(#11593,#11594),
(#11595,#11596),(#11597,#11598),(#11599,#11600)),.UNSPECIFIED.,.F.,.F.,
 .F.,(4,1,4),(2,2),(0.,0.0149863639506883,0.0313524787451872),(0.,0.2),
 .UNSPECIFIED.);
#912=B_SPLINE_SURFACE_WITH_KNOTS('',3,1,((#11614,#11615),(#11616,#11617),
(#11618,#11619),(#11620,#11621),(#11622,#11623)),.UNSPECIFIED.,.F.,.F.,
 .F.,(4,1,4),(2,2),(0.,0.0225851508528633,0.0395190248855081),(0.,0.2),
 .UNSPECIFIED.);
#913=B_SPLINE_SURFACE_WITH_KNOTS('',3,1,((#11678,#11679),(#11680,#11681),
(#11682,#11683),(#11684,#11685),(#11686,#11687)),.UNSPECIFIED.,.F.,.F.,
 .F.,(4,1,4),(2,2),(0.,0.00638160899904321,0.0139629041187847),(0.,0.2),
 .UNSPECIFIED.);
#914=B_SPLINE_SURFACE_WITH_KNOTS('',3,1,((#11704,#11705),(#11706,#11707),
(#11708,#11709),(#11710,#11711),(#11712,#11713)),.UNSPECIFIED.,.F.,.F.,
 .F.,(4,1,4),(2,2),(0.,0.00971792054609893,0.0168395821322046),(0.,0.2),
 .UNSPECIFIED.);
#915=B_SPLINE_SURFACE_WITH_KNOTS('',3,1,((#11727,#11728),(#11729,#11730),
(#11731,#11732),(#11733,#11734),(#11735,#11736)),.UNSPECIFIED.,.F.,.F.,
 .F.,(4,1,4),(2,2),(0.,0.0136310478455398,0.0242900791638909),(0.,0.2),
 .UNSPECIFIED.);
#916=B_SPLINE_SURFACE_WITH_KNOTS('',3,1,((#11756,#11757),(#11758,#11759),
(#11760,#11761),(#11762,#11763),(#11764,#11765)),.UNSPECIFIED.,.F.,.F.,
 .F.,(4,1,4),(2,2),(0.,0.0268892417982222,0.0638725149508653),(0.,0.2),
 .UNSPECIFIED.);
#917=B_SPLINE_SURFACE_WITH_KNOTS('',3,1,((#11779,#11780),(#11781,#11782),
(#11783,#11784),(#11785,#11786),(#11787,#11788)),.UNSPECIFIED.,.F.,.F.,
 .F.,(4,1,4),(2,2),(0.,0.0182307838513767,0.0424300798365257),(0.,0.2),
 .UNSPECIFIED.);
#918=B_SPLINE_SURFACE_WITH_KNOTS('',3,1,((#11802,#11803),(#11804,#11805),
(#11806,#11807),(#11808,#11809),(#11810,#11811)),.UNSPECIFIED.,.F.,.F.,
 .F.,(4,1,4),(2,2),(0.,0.0132419158108413,0.0277225499636257),(0.,0.2),
 .UNSPECIFIED.);
#919=B_SPLINE_SURFACE_WITH_KNOTS('',3,1,((#11825,#11826),(#11827,#11828),
(#11829,#11830),(#11831,#11832),(#11833,#11834)),.UNSPECIFIED.,.F.,.F.,
 .F.,(4,1,4),(2,2),(0.,0.0150455510379639,0.0282888203544418),(0.,0.2),
 .UNSPECIFIED.);
#920=B_SPLINE_SURFACE_WITH_KNOTS('',3,1,((#11848,#11849),(#11850,#11851),
(#11852,#11853),(#11854,#11855),(#11856,#11857)),.UNSPECIFIED.,.F.,.F.,
 .F.,(4,1,4),(2,2),(0.,0.0139849120238961,0.029431791111652),(0.,0.2),
 .UNSPECIFIED.);
#921=B_SPLINE_SURFACE_WITH_KNOTS('',3,1,((#11931,#11932),(#11933,#11934),
(#11935,#11936),(#11937,#11938),(#11939,#11940)),.UNSPECIFIED.,.F.,.F.,
 .F.,(4,1,4),(2,2),(0.,0.00705074433410537,0.0190760181441381),(0.,0.2),
 .UNSPECIFIED.);
#922=B_SPLINE_SURFACE_WITH_KNOTS('',3,1,((#12031,#12032),(#12033,#12034),
(#12035,#12036),(#12037,#12038),(#12039,#12040)),.UNSPECIFIED.,.F.,.F.,
 .F.,(4,1,4),(2,2),(0.,0.0151864792422795,0.0290745078534607),(0.,0.2),
 .UNSPECIFIED.);
#923=B_SPLINE_SURFACE_WITH_KNOTS('',3,1,((#12057,#12058),(#12059,#12060),
(#12061,#12062),(#12063,#12064),(#12065,#12066)),.UNSPECIFIED.,.F.,.F.,
 .F.,(4,1,4),(2,2),(0.,0.0178062205241551,0.0360468738732801),(0.,0.2),
 .UNSPECIFIED.);
#924=B_SPLINE_SURFACE_WITH_KNOTS('',3,1,((#12080,#12081),(#12082,#12083),
(#12084,#12085),(#12086,#12087),(#12088,#12089)),.UNSPECIFIED.,.F.,.F.,
 .F.,(4,1,4),(2,2),(0.,0.0237968278700053,0.0433997613182024),(0.,0.2),
 .UNSPECIFIED.);
#925=B_SPLINE_SURFACE_WITH_KNOTS('',3,1,((#12103,#12104),(#12105,#12106),
(#12107,#12108),(#12109,#12110),(#12111,#12112)),.UNSPECIFIED.,.F.,.F.,
 .F.,(4,1,4),(2,2),(0.,0.0208669647312503,0.0473028256592947),(0.,0.2),
 .UNSPECIFIED.);
#926=B_SPLINE_SURFACE_WITH_KNOTS('',3,1,((#12126,#12127),(#12128,#12129),
(#12130,#12131),(#12132,#12133),(#12134,#12135)),.UNSPECIFIED.,.F.,.F.,
 .F.,(4,1,4),(2,2),(0.,0.0190931828307136,0.0376847359198589),(0.,0.2),
 .UNSPECIFIED.);
#927=B_SPLINE_SURFACE_WITH_KNOTS('',3,1,((#12149,#12150),(#12151,#12152),
(#12153,#12154),(#12155,#12156),(#12157,#12158)),.UNSPECIFIED.,.F.,.F.,
 .F.,(4,1,4),(2,2),(0.,0.0125175788281232,0.02730912042409),(0.,0.2),
 .UNSPECIFIED.);
#928=B_SPLINE_SURFACE_WITH_KNOTS('',3,1,((#12172,#12173),(#12174,#12175),
(#12176,#12177),(#12178,#12179),(#12180,#12181)),.UNSPECIFIED.,.F.,.F.,
 .F.,(4,1,4),(2,2),(0.,0.0132469869420355,0.0252608092092838),(0.,0.2),
 .UNSPECIFIED.);
#929=B_SPLINE_SURFACE_WITH_KNOTS('',3,1,((#12201,#12202),(#12203,#12204),
(#12205,#12206),(#12207,#12208),(#12209,#12210)),.UNSPECIFIED.,.F.,.F.,
 .F.,(4,1,4),(2,2),(0.,0.0334272020326205,0.0691696226548165),(0.,0.2),
 .UNSPECIFIED.);
#930=B_SPLINE_SURFACE_WITH_KNOTS('',3,1,((#12224,#12225),(#12226,#12227),
(#12228,#12229),(#12230,#12231),(#12232,#12233)),.UNSPECIFIED.,.F.,.F.,
 .F.,(4,1,4),(2,2),(0.,0.0471031570352801,0.084138745597104),(0.,0.2),
 .UNSPECIFIED.);
#931=B_SPLINE_SURFACE_WITH_KNOTS('',3,1,((#12247,#12248),(#12249,#12250),
(#12251,#12252),(#12253,#12254),(#12255,#12256)),.UNSPECIFIED.,.F.,.F.,
 .F.,(4,1,4),(2,2),(0.,0.0287795987867846,0.0635052690154828),(0.,0.2),
 .UNSPECIFIED.);
#932=B_SPLINE_SURFACE_WITH_KNOTS('',3,1,((#12270,#12271),(#12272,#12273),
(#12274,#12275),(#12276,#12277),(#12278,#12279)),.UNSPECIFIED.,.F.,.F.,
 .F.,(4,1,4),(2,2),(0.,0.0186345187113382,0.0357760808093938),(0.,0.2),
 .UNSPECIFIED.);
#933=B_SPLINE_SURFACE_WITH_KNOTS('',3,1,((#12293,#12294),(#12295,#12296),
(#12297,#12298),(#12299,#12300),(#12301,#12302)),.UNSPECIFIED.,.F.,.F.,
 .F.,(4,1,4),(2,2),(0.,0.0184064493575804,0.0373338643855861),(0.,0.2),
 .UNSPECIFIED.);
#934=B_SPLINE_SURFACE_WITH_KNOTS('',3,1,((#12316,#12317),(#12318,#12319),
(#12320,#12321),(#12322,#12323),(#12324,#12325)),.UNSPECIFIED.,.F.,.F.,
 .F.,(4,1,4),(2,2),(0.,0.0308801246799869,0.0574292533070735),(0.,0.2),
 .UNSPECIFIED.);
#935=B_SPLINE_SURFACE_WITH_KNOTS('',3,1,((#12339,#12340),(#12341,#12342),
(#12343,#12344),(#12345,#12346),(#12347,#12348)),.UNSPECIFIED.,.F.,.F.,
 .F.,(4,1,4),(2,2),(0.,0.0236889705981811,0.0527408541880137),(0.,0.2),
 .UNSPECIFIED.);
#936=B_SPLINE_SURFACE_WITH_KNOTS('',3,1,((#12362,#12363),(#12364,#12365),
(#12366,#12367),(#12368,#12369),(#12370,#12371)),.UNSPECIFIED.,.F.,.F.,
 .F.,(4,1,4),(2,2),(0.,0.0216076541518286,0.0429906603002815),(0.,0.2),
 .UNSPECIFIED.);
#937=B_SPLINE_SURFACE_WITH_KNOTS('',3,1,((#12385,#12386),(#12387,#12388),
(#12389,#12390),(#12391,#12392),(#12393,#12394)),.UNSPECIFIED.,.F.,.F.,
 .F.,(4,1,4),(2,2),(0.,0.0229617829444053,0.0449418864229731),(0.,0.2),
 .UNSPECIFIED.);
#938=B_SPLINE_SURFACE_WITH_KNOTS('',3,1,((#12408,#12409),(#12410,#12411),
(#12412,#12413),(#12414,#12415),(#12416,#12417)),.UNSPECIFIED.,.F.,.F.,
 .F.,(4,1,4),(2,2),(0.,0.031758653432839,0.0581796383860818),(0.,0.2),
 .UNSPECIFIED.);
#939=B_SPLINE_SURFACE_WITH_KNOTS('',3,1,((#12431,#12432),(#12433,#12434),
(#12435,#12436),(#12437,#12438),(#12439,#12440)),.UNSPECIFIED.,.F.,.F.,
 .F.,(4,1,4),(2,2),(0.,0.0273503092068006,0.0600862870158075),(0.,0.2),
 .UNSPECIFIED.);
#940=B_SPLINE_SURFACE_WITH_KNOTS('',3,1,((#12454,#12455),(#12456,#12457),
(#12458,#12459),(#12460,#12461),(#12462,#12463)),.UNSPECIFIED.,.F.,.F.,
 .F.,(4,1,4),(2,2),(0.,0.0233804849006922,0.0477793720228832),(0.,0.2),
 .UNSPECIFIED.);
#941=B_SPLINE_SURFACE_WITH_KNOTS('',3,1,((#12477,#12478),(#12479,#12480),
(#12481,#12482),(#12483,#12484),(#12485,#12486)),.UNSPECIFIED.,.F.,.F.,
 .F.,(4,1,4),(2,2),(0.,0.024687576347447,0.0483289040974662),(0.,0.2),
 .UNSPECIFIED.);
#942=B_SPLINE_SURFACE_WITH_KNOTS('',3,1,((#12506,#12507),(#12508,#12509),
(#12510,#12511),(#12512,#12513),(#12514,#12515)),.UNSPECIFIED.,.F.,.F.,
 .F.,(4,1,4),(2,2),(0.,0.0144817224180372,0.0311468026973513),(0.,0.2),
 .UNSPECIFIED.);
#943=B_SPLINE_SURFACE_WITH_KNOTS('',3,1,((#12527,#12528),(#12529,#12530),
(#12531,#12532),(#12533,#12534),(#12535,#12536)),.UNSPECIFIED.,.F.,.F.,
 .F.,(4,1,4),(2,2),(0.,0.0169974326790434,0.0341199881990916),(0.,0.2),
 .UNSPECIFIED.);
#944=B_SPLINE_SURFACE_WITH_KNOTS('',3,1,((#12553,#12554),(#12555,#12556),
(#12557,#12558),(#12559,#12560),(#12561,#12562)),.UNSPECIFIED.,.F.,.F.,
 .F.,(4,1,4),(2,2),(0.,0.0167067004507654,0.0328933114362312),(0.,0.2),
 .UNSPECIFIED.);
#945=B_SPLINE_SURFACE_WITH_KNOTS('',3,1,((#12576,#12577),(#12578,#12579),
(#12580,#12581),(#12582,#12583),(#12584,#12585)),.UNSPECIFIED.,.F.,.F.,
 .F.,(4,1,4),(2,2),(0.,0.0247799585076806,0.0442045257872645),(0.,0.2),
 .UNSPECIFIED.);
#946=B_SPLINE_SURFACE_WITH_KNOTS('',3,1,((#12599,#12600),(#12601,#12602),
(#12603,#12604),(#12605,#12606),(#12607,#12608)),.UNSPECIFIED.,.F.,.F.,
 .F.,(4,1,4),(2,2),(0.,0.0198827212364198,0.046187454911827),(0.,0.2),
 .UNSPECIFIED.);
#947=B_SPLINE_SURFACE_WITH_KNOTS('',3,1,((#12622,#12623),(#12624,#12625),
(#12626,#12627),(#12628,#12629),(#12630,#12631)),.UNSPECIFIED.,.F.,.F.,
 .F.,(4,1,4),(2,2),(0.,0.0167261279645683,0.0333774452600591),(0.,0.2),
 .UNSPECIFIED.);
#948=B_SPLINE_SURFACE_WITH_KNOTS('',3,1,((#12645,#12646),(#12647,#12648),
(#12649,#12650),(#12651,#12652),(#12653,#12654)),.UNSPECIFIED.,.F.,.F.,
 .F.,(4,1,4),(2,2),(0.,0.0169474847439881,0.0336340310169576),(0.,0.2),
 .UNSPECIFIED.);
#949=B_SPLINE_SURFACE_WITH_KNOTS('',3,1,((#12668,#12669),(#12670,#12671),
(#12672,#12673),(#12674,#12675),(#12676,#12677)),.UNSPECIFIED.,.F.,.F.,
 .F.,(4,1,4),(2,2),(0.,0.0254405263626522,0.0451854827951092),(0.,0.2),
 .UNSPECIFIED.);
#950=B_SPLINE_SURFACE_WITH_KNOTS('',3,1,((#12691,#12692),(#12693,#12694),
(#12695,#12696),(#12697,#12698),(#12699,#12700)),.UNSPECIFIED.,.F.,.F.,
 .F.,(4,1,4),(2,2),(0.,0.0197221396301116,0.0448638526844414),(0.,0.2),
 .UNSPECIFIED.);
#951=B_SPLINE_SURFACE_WITH_KNOTS('',3,1,((#12711,#12712),(#12713,#12714),
(#12715,#12716),(#12717,#12718),(#12719,#12720)),.UNSPECIFIED.,.F.,.F.,
 .F.,(4,1,4),(2,2),(0.,0.0478383305497301,0.0901804361001616),(0.,0.2),
 .UNSPECIFIED.);
#952=B_SPLINE_SURFACE_WITH_KNOTS('',3,1,((#12737,#12738),(#12739,#12740),
(#12741,#12742),(#12743,#12744),(#12745,#12746)),.UNSPECIFIED.,.F.,.F.,
 .F.,(4,1,4),(2,2),(0.,0.046229460570375,0.0991708189501935),(0.,0.2),
 .UNSPECIFIED.);
#953=B_SPLINE_SURFACE_WITH_KNOTS('',3,1,((#12760,#12761),(#12762,#12763),
(#12764,#12765),(#12766,#12767),(#12768,#12769)),.UNSPECIFIED.,.F.,.F.,
 .F.,(4,1,4),(2,2),(0.,0.0463900545861582,0.0907480114180375),(0.,0.2),
 .UNSPECIFIED.);
#954=B_SPLINE_SURFACE_WITH_KNOTS('',3,1,((#12783,#12784),(#12785,#12786),
(#12787,#12788),(#12789,#12790),(#12791,#12792)),.UNSPECIFIED.,.F.,.F.,
 .F.,(4,1,4),(2,2),(0.,0.0395180701451499,0.0811423450871235),(0.,0.2),
 .UNSPECIFIED.);
#955=B_SPLINE_SURFACE_WITH_KNOTS('',3,1,((#12806,#12807),(#12808,#12809),
(#12810,#12811),(#12812,#12813),(#12814,#12815)),.UNSPECIFIED.,.F.,.F.,
 .F.,(4,1,4),(2,2),(0.,0.0580750658555969,0.108224309853033),(0.,0.2),
 .UNSPECIFIED.);
#956=B_SPLINE_SURFACE_WITH_KNOTS('',3,1,((#12829,#12830),(#12831,#12832),
(#12833,#12834),(#12835,#12836),(#12837,#12838)),.UNSPECIFIED.,.F.,.F.,
 .F.,(4,1,4),(2,2),(0.,0.0463019803361356,0.0981468718302273),(0.,0.2),
 .UNSPECIFIED.);
#957=B_SPLINE_SURFACE_WITH_KNOTS('',3,1,((#12852,#12853),(#12854,#12855),
(#12856,#12857),(#12858,#12859),(#12860,#12861)),.UNSPECIFIED.,.F.,.F.,
 .F.,(4,1,4),(2,2),(0.,0.0460974046528295,0.0904577784561988),(0.,0.2),
 .UNSPECIFIED.);
#958=B_SPLINE_SURFACE_WITH_KNOTS('',3,1,((#12875,#12876),(#12877,#12878),
(#12879,#12880),(#12881,#12882),(#12883,#12884)),.UNSPECIFIED.,.F.,.F.,
 .F.,(4,1,4),(2,2),(0.,0.0483251745636355,0.097629132781766),(0.,0.2),
 .UNSPECIFIED.);
#959=B_SPLINE_SURFACE_WITH_KNOTS('',3,1,((#12896,#12897),(#12898,#12899),
(#12900,#12901),(#12902,#12903),(#12904,#12905)),.UNSPECIFIED.,.F.,.F.,
 .F.,(4,1,4),(2,2),(0.,0.0118911674571711,0.0260689579747682),(0.,0.2),
 .UNSPECIFIED.);
#960=B_SPLINE_SURFACE_WITH_KNOTS('',3,1,((#12922,#12923),(#12924,#12925),
(#12926,#12927),(#12928,#12929),(#12930,#12931)),.UNSPECIFIED.,.F.,.F.,
 .F.,(4,1,4),(2,2),(0.,0.0127094587252439,0.0238521845490885),(0.,0.2),
 .UNSPECIFIED.);
#961=B_SPLINE_SURFACE_WITH_KNOTS('',3,1,((#12945,#12946),(#12947,#12948),
(#12949,#12950),(#12951,#12952),(#12953,#12954)),.UNSPECIFIED.,.F.,.F.,
 .F.,(4,1,4),(2,2),(0.,0.0135097925787384,0.0268862907734465),(0.,0.2),
 .UNSPECIFIED.);
#962=B_SPLINE_SURFACE_WITH_KNOTS('',3,1,((#12968,#12969),(#12970,#12971),
(#12972,#12973),(#12974,#12975),(#12976,#12977)),.UNSPECIFIED.,.F.,.F.,
 .F.,(4,1,4),(2,2),(0.,0.00970537596091785,0.0215210003664252),(0.,0.2),
 .UNSPECIFIED.);
#963=B_SPLINE_SURFACE_WITH_KNOTS('',3,1,((#12991,#12992),(#12993,#12994),
(#12995,#12996),(#12997,#12998),(#12999,#13000)),.UNSPECIFIED.,.F.,.F.,
 .F.,(4,1,4),(2,2),(0.,0.00911078095854672,0.0179247270405243),(0.,0.2),
 .UNSPECIFIED.);
#964=B_SPLINE_SURFACE_WITH_KNOTS('',3,1,((#13014,#13015),(#13016,#13017),
(#13018,#13019),(#13020,#13021),(#13022,#13023)),.UNSPECIFIED.,.F.,.F.,
 .F.,(4,1,4),(2,2),(0.,0.00890306196890306,0.0172213158489761),(0.,0.2),
 .UNSPECIFIED.);
#965=B_SPLINE_SURFACE_WITH_KNOTS('',3,1,((#13037,#13038),(#13039,#13040),
(#13041,#13042),(#13043,#13044),(#13045,#13046)),.UNSPECIFIED.,.F.,.F.,
 .F.,(4,1,4),(2,2),(0.,0.0217766667434131,0.0349566130546903),(0.,0.2),
 .UNSPECIFIED.);
#966=B_SPLINE_SURFACE_WITH_KNOTS('',3,1,((#13060,#13061),(#13062,#13063),
(#13064,#13065),(#13066,#13067),(#13068,#13069)),.UNSPECIFIED.,.F.,.F.,
 .F.,(4,1,4),(2,2),(0.,0.0184755542931281,0.0374286453619749),(0.,0.2),
 .UNSPECIFIED.);
#967=B_SPLINE_SURFACE_WITH_KNOTS('',3,1,((#13086,#13087),(#13088,#13089),
(#13090,#13091),(#13092,#13093),(#13094,#13095)),.UNSPECIFIED.,.F.,.F.,
 .F.,(4,1,4),(2,2),(0.,0.0179805143452614,0.0316810288859058),(0.,0.2),
 .UNSPECIFIED.);
#968=B_SPLINE_SURFACE_WITH_KNOTS('',3,1,((#13112,#13113),(#13114,#13115),
(#13116,#13117),(#13118,#13119),(#13120,#13121)),.UNSPECIFIED.,.F.,.F.,
 .F.,(4,1,4),(2,2),(0.,0.0098859785663677,0.0235298950778505),(0.,0.2),
 .UNSPECIFIED.);
#969=B_SPLINE_SURFACE_WITH_KNOTS('',3,1,((#13135,#13136),(#13137,#13138),
(#13139,#13140),(#13141,#13142),(#13143,#13144)),.UNSPECIFIED.,.F.,.F.,
 .F.,(4,1,4),(2,2),(0.,0.0131418358675571,0.0228315376996004),(0.,0.2),
 .UNSPECIFIED.);
#970=B_SPLINE_SURFACE_WITH_KNOTS('',3,1,((#13158,#13159),(#13160,#13161),
(#13162,#13163),(#13164,#13165),(#13166,#13167)),.UNSPECIFIED.,.F.,.F.,
 .F.,(4,1,4),(2,2),(0.,0.0150002231206141,0.0311375931648809),(0.,0.2),
 .UNSPECIFIED.);
#971=B_SPLINE_SURFACE_WITH_KNOTS('',3,1,((#13181,#13182),(#13183,#13184),
(#13185,#13186),(#13187,#13188),(#13189,#13190)),.UNSPECIFIED.,.F.,.F.,
 .F.,(4,1,4),(2,2),(0.,0.0394413875901977,0.0621765174553746),(0.,0.2),
 .UNSPECIFIED.);
#972=B_SPLINE_SURFACE_WITH_KNOTS('',3,1,((#13204,#13205),(#13206,#13207),
(#13208,#13209),(#13210,#13211),(#13212,#13213)),.UNSPECIFIED.,.F.,.F.,
 .F.,(4,1,4),(2,2),(0.,0.0249164480966406,0.059296338853603),(0.,0.2),
 .UNSPECIFIED.);
#973=B_SPLINE_SURFACE_WITH_KNOTS('',3,1,((#13227,#13228),(#13229,#13230),
(#13231,#13232),(#13233,#13234),(#13235,#13236)),.UNSPECIFIED.,.F.,.F.,
 .F.,(4,1,4),(2,2),(0.,0.0228518367124563,0.0440318079573814),(0.,0.2),
 .UNSPECIFIED.);
#974=B_SPLINE_SURFACE_WITH_KNOTS('',3,1,((#13250,#13251),(#13252,#13253),
(#13254,#13255),(#13256,#13257),(#13258,#13259)),.UNSPECIFIED.,.F.,.F.,
 .F.,(4,1,4),(2,2),(0.,0.0251092146040267,0.049921848000557),(0.,0.2),
 .UNSPECIFIED.);
#975=B_SPLINE_SURFACE_WITH_KNOTS('',3,1,((#13273,#13274),(#13275,#13276),
(#13277,#13278),(#13279,#13280),(#13281,#13282)),.UNSPECIFIED.,.F.,.F.,
 .F.,(4,1,4),(2,2),(0.,0.0345206360044168,0.0628607327455582),(0.,0.2),
 .UNSPECIFIED.);
#976=B_SPLINE_SURFACE_WITH_KNOTS('',3,1,((#13296,#13297),(#13298,#13299),
(#13300,#13301),(#13302,#13303),(#13304,#13305)),.UNSPECIFIED.,.F.,.F.,
 .F.,(4,1,4),(2,2),(0.,0.024827630070277,0.0523923125436835),(0.,0.2),
 .UNSPECIFIED.);
#977=B_SPLINE_SURFACE_WITH_KNOTS('',3,1,((#13319,#13320),(#13321,#13322),
(#13323,#13324),(#13325,#13326),(#13327,#13328)),.UNSPECIFIED.,.F.,.F.,
 .F.,(4,1,4),(2,2),(0.,0.0211837604348024,0.0397333743883609),(0.,0.2),
 .UNSPECIFIED.);
#978=B_SPLINE_SURFACE_WITH_KNOTS('',3,1,((#13342,#13343),(#13344,#13345),
(#13346,#13347),(#13348,#13349),(#13350,#13351)),.UNSPECIFIED.,.F.,.F.,
 .F.,(4,1,4),(2,2),(0.,0.00590624540862997,0.0142161594583307),(0.,0.2),
 .UNSPECIFIED.);
#979=B_SPLINE_SURFACE_WITH_KNOTS('',3,1,((#13365,#13366),(#13367,#13368),
(#13369,#13370),(#13371,#13372),(#13373,#13374)),.UNSPECIFIED.,.F.,.F.,
 .F.,(4,1,4),(2,2),(0.,0.00833009391746587,0.0141072362391869),(0.,0.2),
 .UNSPECIFIED.);
#980=B_SPLINE_SURFACE_WITH_KNOTS('',3,1,((#13394,#13395),(#13396,#13397),
(#13398,#13399),(#13400,#13401),(#13402,#13403)),.UNSPECIFIED.,.F.,.F.,
 .F.,(4,1,4),(2,2),(0.,0.0103220121222141,0.023744585917634),(0.,0.2),
 .UNSPECIFIED.);
#981=B_SPLINE_SURFACE_WITH_KNOTS('',3,1,((#13417,#13418),(#13419,#13420),
(#13421,#13422),(#13423,#13424),(#13425,#13426)),.UNSPECIFIED.,.F.,.F.,
 .F.,(4,1,4),(2,2),(0.,0.0137185837380581,0.0242461436970215),(0.,0.2),
 .UNSPECIFIED.);
#982=B_SPLINE_SURFACE_WITH_KNOTS('',3,1,((#13446,#13447),(#13448,#13449),
(#13450,#13451),(#13452,#13453),(#13454,#13455)),.UNSPECIFIED.,.F.,.F.,
 .F.,(4,1,4),(2,2),(0.,0.0170554107694085,0.0328362873203426),(0.,0.2),
 .UNSPECIFIED.);
#983=B_SPLINE_SURFACE_WITH_KNOTS('',3,1,((#13469,#13470),(#13471,#13472),
(#13473,#13474),(#13475,#13476),(#13477,#13478)),.UNSPECIFIED.,.F.,.F.,
 .F.,(4,1,4),(2,2),(0.,0.014660531001755,0.0313640588126216),(0.,0.2),
 .UNSPECIFIED.);
#984=B_SPLINE_SURFACE_WITH_KNOTS('',3,1,((#13492,#13493),(#13494,#13495),
(#13496,#13497),(#13498,#13499),(#13500,#13501)),.UNSPECIFIED.,.F.,.F.,
 .F.,(4,1,4),(2,2),(0.,0.0217818393499306,0.0420603298969322),(0.,0.2),
 .UNSPECIFIED.);
#985=B_SPLINE_SURFACE_WITH_KNOTS('',3,1,((#13515,#13516),(#13517,#13518),
(#13519,#13520),(#13521,#13522),(#13523,#13524)),.UNSPECIFIED.,.F.,.F.,
 .F.,(4,1,4),(2,2),(0.,0.03378240246113,0.0603768515427154),(0.,0.2),
 .UNSPECIFIED.);
#986=B_SPLINE_SURFACE_WITH_KNOTS('',3,1,((#13538,#13539),(#13540,#13541),
(#13542,#13543),(#13544,#13545),(#13546,#13547)),.UNSPECIFIED.,.F.,.F.,
 .F.,(4,1,4),(2,2),(0.,0.0210354937678654,0.0435625803352106),(0.,0.2),
 .UNSPECIFIED.);
#987=B_SPLINE_SURFACE_WITH_KNOTS('',3,1,((#13561,#13562),(#13563,#13564),
(#13565,#13566),(#13567,#13568),(#13569,#13570)),.UNSPECIFIED.,.F.,.F.,
 .F.,(4,1,4),(2,2),(0.,0.0147261321192117,0.0331168528949356),(0.,0.2),
 .UNSPECIFIED.);
#988=B_SPLINE_SURFACE_WITH_KNOTS('',3,1,((#13584,#13585),(#13586,#13587),
(#13588,#13589),(#13590,#13591),(#13592,#13593)),.UNSPECIFIED.,.F.,.F.,
 .F.,(4,1,4),(2,2),(0.,0.0153493335107935,0.0324337822096545),(0.,0.2),
 .UNSPECIFIED.);
#989=B_SPLINE_SURFACE_WITH_KNOTS('',3,1,((#13607,#13608),(#13609,#13610),
(#13611,#13612),(#13613,#13614),(#13615,#13616)),.UNSPECIFIED.,.F.,.F.,
 .F.,(4,1,4),(2,2),(0.,0.0194099476887113,0.0353600671874487),(0.,0.2),
 .UNSPECIFIED.);
#990=B_SPLINE_SURFACE_WITH_KNOTS('',3,1,((#13636,#13637),(#13638,#13639),
(#13640,#13641),(#13642,#13643),(#13644,#13645)),.UNSPECIFIED.,.F.,.F.,
 .F.,(4,1,4),(2,2),(0.,0.0103106171247789,0.0234680929497826),(0.,0.2),
 .UNSPECIFIED.);
#991=B_SPLINE_SURFACE_WITH_KNOTS('',3,1,((#13657,#13658),(#13659,#13660),
(#13661,#13662),(#13663,#13664),(#13665,#13666)),.UNSPECIFIED.,.F.,.F.,
 .F.,(4,1,4),(2,2),(0.,0.01496074311855,0.0301581861179056),(0.,0.2),
 .UNSPECIFIED.);
#992=B_SPLINE_SURFACE_WITH_KNOTS('',3,1,((#13683,#13684),(#13685,#13686),
(#13687,#13688),(#13689,#13690),(#13691,#13692)),.UNSPECIFIED.,.F.,.F.,
 .F.,(4,1,4),(2,2),(0.,0.0147187743238504,0.0286804572134622),(0.,0.2),
 .UNSPECIFIED.);
#993=B_SPLINE_SURFACE_WITH_KNOTS('',3,1,((#13706,#13707),(#13708,#13709),
(#13710,#13711),(#13712,#13713),(#13714,#13715)),.UNSPECIFIED.,.F.,.F.,
 .F.,(4,1,4),(2,2),(0.,0.0230110149917162,0.0405835414796167),(0.,0.2),
 .UNSPECIFIED.);
#994=B_SPLINE_SURFACE_WITH_KNOTS('',3,1,((#13729,#13730),(#13731,#13732),
(#13733,#13734),(#13735,#13736),(#13737,#13738)),.UNSPECIFIED.,.F.,.F.,
 .F.,(4,1,4),(2,2),(0.,0.0178124919651205,0.0424405943223483),(0.,0.2),
 .UNSPECIFIED.);
#995=B_SPLINE_SURFACE_WITH_KNOTS('',3,1,((#13752,#13753),(#13754,#13755),
(#13756,#13757),(#13758,#13759),(#13760,#13761)),.UNSPECIFIED.,.F.,.F.,
 .F.,(4,1,4),(2,2),(0.,0.0136783514781976,0.0278285366478816),(0.,0.2),
 .UNSPECIFIED.);
#996=B_SPLINE_SURFACE_WITH_KNOTS('',3,1,((#13775,#13776),(#13777,#13778),
(#13779,#13780),(#13781,#13782),(#13783,#13784)),.UNSPECIFIED.,.F.,.F.,
 .F.,(4,1,4),(2,2),(0.,0.0154403083200101,0.030901810620282),(0.,0.2),
 .UNSPECIFIED.);
#997=B_SPLINE_SURFACE_WITH_KNOTS('',3,1,((#13798,#13799),(#13800,#13801),
(#13802,#13803),(#13804,#13805),(#13806,#13807)),.UNSPECIFIED.,.F.,.F.,
 .F.,(4,1,4),(2,2),(0.,0.0226222271866332,0.0404006852508701),(0.,0.2),
 .UNSPECIFIED.);
#998=B_SPLINE_SURFACE_WITH_KNOTS('',3,1,((#13821,#13822),(#13823,#13824),
(#13825,#13826),(#13827,#13828),(#13829,#13830)),.UNSPECIFIED.,.F.,.F.,
 .F.,(4,1,4),(2,2),(0.,0.0182128381195699,0.0425062208620366),(0.,0.2),
 .UNSPECIFIED.);
#999=B_SPLINE_SURFACE_WITH_KNOTS('',3,1,((#13850,#13851),(#13852,#13853),
(#13854,#13855),(#13856,#13857),(#13858,#13859)),.UNSPECIFIED.,.F.,.F.,
 .F.,(4,1,4),(2,2),(0.,0.0170097917415149,0.0344671286242402),(0.,0.2),
 .UNSPECIFIED.);
#1000=B_SPLINE_SURFACE_WITH_KNOTS('',3,1,((#13873,#13874),(#13875,#13876),
(#13877,#13878),(#13879,#13880),(#13881,#13882)),.UNSPECIFIED.,.F.,.F.,
 .F.,(4,1,4),(2,2),(0.,0.0184900941501951,0.035974428153675),(0.,0.2),
 .UNSPECIFIED.);
#1001=B_SPLINE_SURFACE_WITH_KNOTS('',3,1,((#13896,#13897),(#13898,#13899),
(#13900,#13901),(#13902,#13903),(#13904,#13905)),.UNSPECIFIED.,.F.,.F.,
 .F.,(4,1,4),(2,2),(0.,0.0363382653463313,0.0733009388303901),(0.,0.2),
 .UNSPECIFIED.);
#1002=B_SPLINE_SURFACE_WITH_KNOTS('',3,1,((#13919,#13920),(#13921,#13922),
(#13923,#13924),(#13925,#13926),(#13927,#13928)),.UNSPECIFIED.,.F.,.F.,
 .F.,(4,1,4),(2,2),(0.,0.0482735176783988,0.0883738142066094),(0.,0.2),
 .UNSPECIFIED.);
#1003=B_SPLINE_SURFACE_WITH_KNOTS('',3,1,((#13942,#13943),(#13944,#13945),
(#13946,#13947),(#13948,#13949),(#13950,#13951)),.UNSPECIFIED.,.F.,.F.,
 .F.,(4,1,4),(2,2),(0.,0.0413932316456404,0.0869619420002679),(0.,0.2),
 .UNSPECIFIED.);
#1004=B_SPLINE_SURFACE_WITH_KNOTS('',3,1,((#13965,#13966),(#13967,#13968),
(#13969,#13970),(#13971,#13972),(#13973,#13974)),.UNSPECIFIED.,.F.,.F.,
 .F.,(4,1,4),(2,2),(0.,0.0395154061134969,0.0775886948883534),(0.,0.2),
 .UNSPECIFIED.);
#1005=B_SPLINE_SURFACE_WITH_KNOTS('',3,1,((#13988,#13989),(#13990,#13991),
(#13992,#13993),(#13994,#13995),(#13996,#13997)),.UNSPECIFIED.,.F.,.F.,
 .F.,(4,1,4),(2,2),(0.,0.0204961834269103,0.0417614485677603),(0.,0.2),
 .UNSPECIFIED.);
#1006=B_SPLINE_SURFACE_WITH_KNOTS('',3,1,((#14011,#14012),(#14013,#14014),
(#14015,#14016),(#14017,#14018),(#14019,#14020)),.UNSPECIFIED.,.F.,.F.,
 .F.,(4,1,4),(2,2),(0.,0.0229951572606795,0.0405948379138478),(0.,0.2),
 .UNSPECIFIED.);
#1007=B_SPLINE_SURFACE_WITH_KNOTS('',3,1,((#14071,#14072),(#14073,#14074),
(#14075,#14076),(#14077,#14078),(#14079,#14080)),.UNSPECIFIED.,.F.,.F.,
 .F.,(4,1,4),(2,2),(0.,0.0289798452796009,0.0729930216402691),(0.,0.2),
 .UNSPECIFIED.);
#1008=B_SPLINE_SURFACE_WITH_KNOTS('',3,1,((#14094,#14095),(#14096,#14097),
(#14098,#14099),(#14100,#14101),(#14102,#14103)),.UNSPECIFIED.,.F.,.F.,
 .F.,(4,1,4),(2,2),(0.,0.0149165203746325,0.0297570586006245),(0.,0.2),
 .UNSPECIFIED.);
#1009=B_SPLINE_SURFACE_WITH_KNOTS('',3,1,((#14117,#14118),(#14119,#14120),
(#14121,#14122),(#14123,#14124),(#14125,#14126)),.UNSPECIFIED.,.F.,.F.,
 .F.,(4,1,4),(2,2),(0.,0.0139792378969438,0.0242244259902662),(0.,0.2),
 .UNSPECIFIED.);
#1010=B_SPLINE_SURFACE_WITH_KNOTS('',3,1,((#14146,#14147),(#14148,#14149),
(#14150,#14151),(#14152,#14153),(#14154,#14155)),.UNSPECIFIED.,.F.,.F.,
 .F.,(4,1,4),(2,2),(0.,0.0194988503314447,0.0422142225461022),(0.,0.2),
 .UNSPECIFIED.);
#1011=B_SPLINE_SURFACE_WITH_KNOTS('',3,1,((#14169,#14170),(#14171,#14172),
(#14173,#14174),(#14175,#14176),(#14177,#14178)),.UNSPECIFIED.,.F.,.F.,
 .F.,(4,1,4),(2,2),(0.,0.0149862841884674,0.0313523989829663),(0.,0.2),
 .UNSPECIFIED.);
#1012=B_SPLINE_SURFACE_WITH_KNOTS('',3,1,((#14192,#14193),(#14194,#14195),
(#14196,#14197),(#14198,#14199),(#14200,#14201)),.UNSPECIFIED.,.F.,.F.,
 .F.,(4,1,4),(2,2),(0.,0.022585069303184,0.0395190688472266),(0.,0.2),
 .UNSPECIFIED.);
#1013=B_SPLINE_SURFACE_WITH_KNOTS('',3,1,((#14231,#14232),(#14233,#14234),
(#14235,#14236),(#14237,#14238),(#14239,#14240)),.UNSPECIFIED.,.F.,.F.,
 .F.,(4,1,4),(2,2),(0.,0.0118912059224384,0.0260689964400356),(0.,0.2),
 .UNSPECIFIED.);
#1014=B_SPLINE_SURFACE_WITH_KNOTS('',3,1,((#14257,#14258),(#14259,#14260),
(#14261,#14262),(#14263,#14264),(#14265,#14266)),.UNSPECIFIED.,.F.,.F.,
 .F.,(4,1,4),(2,2),(0.,0.0127095069503328,0.0238521610732363),(0.,0.2),
 .UNSPECIFIED.);
#1015=B_SPLINE_SURFACE_WITH_KNOTS('',3,1,((#14280,#14281),(#14282,#14283),
(#14284,#14285),(#14286,#14287),(#14288,#14289)),.UNSPECIFIED.,.F.,.F.,
 .F.,(4,1,4),(2,2),(0.,0.0135097334413224,0.0268862316360305),(0.,0.2),
 .UNSPECIFIED.);
#1016=B_SPLINE_SURFACE_WITH_KNOTS('',3,1,((#14303,#14304),(#14305,#14306),
(#14307,#14308),(#14309,#14310),(#14311,#14312)),.UNSPECIFIED.,.F.,.F.,
 .F.,(4,1,4),(2,2),(0.,0.00970542843073202,0.0215210528362394),(0.,0.2),
 .UNSPECIFIED.);
#1017=B_SPLINE_SURFACE_WITH_KNOTS('',3,1,((#14326,#14327),(#14328,#14329),
(#14330,#14331),(#14332,#14333),(#14334,#14335)),.UNSPECIFIED.,.F.,.F.,
 .F.,(4,1,4),(2,2),(0.,0.00911075886807228,0.0179247734513916),(0.,0.2),
 .UNSPECIFIED.);
#1018=B_SPLINE_SURFACE_WITH_KNOTS('',3,1,((#14349,#14350),(#14351,#14352),
(#14353,#14354),(#14355,#14356),(#14357,#14358)),.UNSPECIFIED.,.F.,.F.,
 .F.,(4,1,4),(2,2),(0.,0.00890306196890306,0.0172213283127685),(0.,0.2),
 .UNSPECIFIED.);
#1019=B_SPLINE_SURFACE_WITH_KNOTS('',3,1,((#14372,#14373),(#14374,#14375),
(#14376,#14377),(#14378,#14379),(#14380,#14381)),.UNSPECIFIED.,.F.,.F.,
 .F.,(4,1,4),(2,2),(0.,0.0217765533198109,0.0349564996310881),(0.,0.2),
 .UNSPECIFIED.);
#1020=B_SPLINE_SURFACE_WITH_KNOTS('',3,1,((#14395,#14396),(#14397,#14398),
(#14399,#14400),(#14401,#14402),(#14403,#14404)),.UNSPECIFIED.,.F.,.F.,
 .F.,(4,1,4),(2,2),(0.,0.018475497681406,0.0374287610612535),(0.,0.2),
 .UNSPECIFIED.);
#1021=B_SPLINE_SURFACE_WITH_KNOTS('',3,1,((#14421,#14422),(#14423,#14424),
(#14425,#14426),(#14427,#14428),(#14429,#14430)),.UNSPECIFIED.,.F.,.F.,
 .F.,(4,1,4),(2,2),(0.,0.0179805737023359,0.0316810325997364),(0.,0.2),
 .UNSPECIFIED.);
#1022=B_SPLINE_SURFACE_WITH_KNOTS('',3,1,((#14447,#14448),(#14449,#14450),
(#14451,#14452),(#14453,#14454),(#14455,#14456)),.UNSPECIFIED.,.F.,.F.,
 .F.,(4,1,4),(2,2),(0.,0.0098859785663677,0.0235298358515342),(0.,0.2),
 .UNSPECIFIED.);
#1023=B_SPLINE_SURFACE_WITH_KNOTS('',3,1,((#14470,#14471),(#14472,#14473),
(#14474,#14475),(#14476,#14477),(#14478,#14479)),.UNSPECIFIED.,.F.,.F.,
 .F.,(4,1,4),(2,2),(0.,0.0131418358675571,0.0228315962333742),(0.,0.2),
 .UNSPECIFIED.);
#1024=B_SPLINE_SURFACE_WITH_KNOTS('',3,1,((#14493,#14494),(#14495,#14496),
(#14497,#14498),(#14499,#14500),(#14501,#14502)),.UNSPECIFIED.,.F.,.F.,
 .F.,(4,1,4),(2,2),(0.,0.0150002231206141,0.0311375931648809),(0.,0.2),
 .UNSPECIFIED.);
#1025=B_SPLINE_SURFACE_WITH_KNOTS('',3,1,((#14516,#14517),(#14518,#14519),
(#14520,#14521),(#14522,#14523),(#14524,#14525)),.UNSPECIFIED.,.F.,.F.,
 .F.,(4,1,4),(2,2),(0.,0.0394414459618259,0.0621766339030348),(0.,0.2),
 .UNSPECIFIED.);
#1026=B_SPLINE_SURFACE_WITH_KNOTS('',3,1,((#14539,#14540),(#14541,#14542),
(#14543,#14544),(#14545,#14546),(#14547,#14548)),.UNSPECIFIED.,.F.,.F.,
 .F.,(4,1,4),(2,2),(0.,0.0249164233752455,0.0592962855721443),(0.,0.2),
 .UNSPECIFIED.);
#1027=B_SPLINE_SURFACE_WITH_KNOTS('',3,1,((#14562,#14563),(#14564,#14565),
(#14566,#14567),(#14568,#14569),(#14570,#14571)),.UNSPECIFIED.,.F.,.F.,
 .F.,(4,1,4),(2,2),(0.,0.0228518367124563,0.0440318079573814),(0.,0.2),
 .UNSPECIFIED.);
#1028=B_SPLINE_SURFACE_WITH_KNOTS('',3,1,((#14585,#14586),(#14587,#14588),
(#14589,#14590),(#14591,#14592),(#14593,#14594)),.UNSPECIFIED.,.F.,.F.,
 .F.,(4,1,4),(2,2),(0.,0.0251092503083342,0.0499218716610659),(0.,0.2),
 .UNSPECIFIED.);
#1029=B_SPLINE_SURFACE_WITH_KNOTS('',3,1,((#14608,#14609),(#14610,#14611),
(#14612,#14613),(#14614,#14615),(#14616,#14617)),.UNSPECIFIED.,.F.,.F.,
 .F.,(4,1,4),(2,2),(0.,0.0345206064566136,0.062860703197755),(0.,0.2),
 .UNSPECIFIED.);
#1030=B_SPLINE_SURFACE_WITH_KNOTS('',3,1,((#14631,#14632),(#14633,#14634),
(#14635,#14636),(#14637,#14638),(#14639,#14640)),.UNSPECIFIED.,.F.,.F.,
 .F.,(4,1,4),(2,2),(0.,0.024827630070277,0.0523924016520285),(0.,0.2),
 .UNSPECIFIED.);
#1031=B_SPLINE_SURFACE_WITH_KNOTS('',3,1,((#14654,#14655),(#14656,#14657),
(#14658,#14659),(#14660,#14661),(#14662,#14663)),.UNSPECIFIED.,.F.,.F.,
 .F.,(4,1,4),(2,2),(0.,0.0211838063539788,0.0397333160843524),(0.,0.2),
 .UNSPECIFIED.);
#1032=B_SPLINE_SURFACE_WITH_KNOTS('',3,1,((#14677,#14678),(#14679,#14680),
(#14681,#14682),(#14683,#14684),(#14685,#14686)),.UNSPECIFIED.,.F.,.F.,
 .F.,(4,1,4),(2,2),(0.,0.00590624540862997,0.0142161491833511),(0.,0.2),
 .UNSPECIFIED.);
#1033=B_SPLINE_SURFACE_WITH_KNOTS('',3,1,((#14700,#14701),(#14702,#14703),
(#14704,#14705),(#14706,#14707),(#14708,#14709)),.UNSPECIFIED.,.F.,.F.,
 .F.,(4,1,4),(2,2),(0.,0.00833009391746587,0.0141072362391869),(0.,0.2),
 .UNSPECIFIED.);
#1034=B_SPLINE_SURFACE_WITH_KNOTS('',3,1,((#14729,#14730),(#14731,#14732),
(#14733,#14734),(#14735,#14736),(#14737,#14738)),.UNSPECIFIED.,.F.,.F.,
 .F.,(4,1,4),(2,2),(0.,0.010322048754088,0.0237445984683209),(0.,0.2),
 .UNSPECIFIED.);
#1035=B_SPLINE_SURFACE_WITH_KNOTS('',3,1,((#14752,#14753),(#14754,#14755),
(#14756,#14757),(#14758,#14759),(#14760,#14761)),.UNSPECIFIED.,.F.,.F.,
 .F.,(4,1,4),(2,2),(0.,0.0137185857384785,0.0242461300557926),(0.,0.2),
 .UNSPECIFIED.);
#1036=B_SPLINE_SURFACE_WITH_KNOTS('',3,1,((#14781,#14782),(#14783,#14784),
(#14785,#14786),(#14787,#14788),(#14789,#14790)),.UNSPECIFIED.,.F.,.F.,
 .F.,(4,1,4),(2,2),(0.,0.0170554107694085,0.0328362873203426),(0.,0.2),
 .UNSPECIFIED.);
#1037=B_SPLINE_SURFACE_WITH_KNOTS('',3,1,((#14804,#14805),(#14806,#14807),
(#14808,#14809),(#14810,#14811),(#14812,#14813)),.UNSPECIFIED.,.F.,.F.,
 .F.,(4,1,4),(2,2),(0.,0.0146605696891365,0.0313640715767123),(0.,0.2),
 .UNSPECIFIED.);
#1038=B_SPLINE_SURFACE_WITH_KNOTS('',3,1,((#14827,#14828),(#14829,#14830),
(#14831,#14832),(#14833,#14834),(#14835,#14836)),.UNSPECIFIED.,.F.,.F.,
 .F.,(4,1,4),(2,2),(0.,0.0217818963278476,0.0420603368003084),(0.,0.2),
 .UNSPECIFIED.);
#1039=B_SPLINE_SURFACE_WITH_KNOTS('',3,1,((#14850,#14851),(#14852,#14853),
(#14854,#14855),(#14856,#14857),(#14858,#14859)),.UNSPECIFIED.,.F.,.F.,
 .F.,(4,1,4),(2,2),(0.,0.03378240246113,0.0603767923774198),(0.,0.2),
 .UNSPECIFIED.);
#1040=B_SPLINE_SURFACE_WITH_KNOTS('',3,1,((#14873,#14874),(#14875,#14876),
(#14877,#14878),(#14879,#14880),(#14881,#14882)),.UNSPECIFIED.,.F.,.F.,
 .F.,(4,1,4),(2,2),(0.,0.0210355824844862,0.0435626094916286),(0.,0.2),
 .UNSPECIFIED.);
#1041=B_SPLINE_SURFACE_WITH_KNOTS('',3,1,((#14896,#14897),(#14898,#14899),
(#14900,#14901),(#14902,#14903),(#14904,#14905)),.UNSPECIFIED.,.F.,.F.,
 .F.,(4,1,4),(2,2),(0.,0.0147261596596171,0.033116880435341),(0.,0.2),
 .UNSPECIFIED.);
#1042=B_SPLINE_SURFACE_WITH_KNOTS('',3,1,((#14919,#14920),(#14921,#14922),
(#14923,#14924),(#14925,#14926),(#14927,#14928)),.UNSPECIFIED.,.F.,.F.,
 .F.,(4,1,4),(2,2),(0.,0.0153492727193956,0.0324337706804326),(0.,0.2),
 .UNSPECIFIED.);
#1043=B_SPLINE_SURFACE_WITH_KNOTS('',3,1,((#14942,#14943),(#14944,#14945),
(#14946,#14947),(#14948,#14949),(#14950,#14951)),.UNSPECIFIED.,.F.,.F.,
 .F.,(4,1,4),(2,2),(0.,0.0194099476887113,0.0353600671874487),(0.,0.2),
 .UNSPECIFIED.);
#1044=B_SPLINE_SURFACE_WITH_KNOTS('',3,1,((#14971,#14972),(#14973,#14974),
(#14975,#14976),(#14977,#14978),(#14979,#14980)),.UNSPECIFIED.,.F.,.F.,
 .F.,(4,1,4),(2,2),(0.,0.0103105337230191,0.0234680481355501),(0.,0.2),
 .UNSPECIFIED.);
#1045=B_SPLINE_SURFACE_WITH_KNOTS('',3,1,((#14992,#14993),(#14994,#14995),
(#14996,#14997),(#14998,#14999),(#15000,#15001)),.UNSPECIFIED.,.F.,.F.,
 .F.,(4,1,4),(2,2),(0.,0.0149606265317085,0.0301582368714743),(0.,0.2),
 .UNSPECIFIED.);
#1046=B_SPLINE_SURFACE_WITH_KNOTS('',3,1,((#15018,#15019),(#15020,#15021),
(#15022,#15023),(#15024,#15025),(#15026,#15027)),.UNSPECIFIED.,.F.,.F.,
 .F.,(4,1,4),(2,2),(0.,0.0146613499844586,0.0287615362391758),(0.,0.2),
 .UNSPECIFIED.);
#1047=B_SPLINE_SURFACE_WITH_KNOTS('',3,1,((#15041,#15042),(#15043,#15044),
(#15045,#15046),(#15047,#15048),(#15049,#15050)),.UNSPECIFIED.,.F.,.F.,
 .F.,(4,1,4),(2,2),(0.,0.0232087547257982,0.0408998255122793),(0.,0.2),
 .UNSPECIFIED.);
#1048=B_SPLINE_SURFACE_WITH_KNOTS('',3,1,((#15064,#15065),(#15066,#15067),
(#15068,#15069),(#15070,#15071),(#15072,#15073)),.UNSPECIFIED.,.F.,.F.,
 .F.,(4,1,4),(2,2),(0.,0.0177657354940115,0.0422413153708697),(0.,0.2),
 .UNSPECIFIED.);
#1049=B_SPLINE_SURFACE_WITH_KNOTS('',3,1,((#15087,#15088),(#15089,#15090),
(#15091,#15092),(#15093,#15094),(#15095,#15096)),.UNSPECIFIED.,.F.,.F.,
 .F.,(4,1,4),(2,2),(0.,0.0136895364547931,0.027936830304714),(0.,0.2),
 .UNSPECIFIED.);
#1050=B_SPLINE_SURFACE_WITH_KNOTS('',3,1,((#15110,#15111),(#15112,#15113),
(#15114,#15115),(#15116,#15117),(#15118,#15119)),.UNSPECIFIED.,.F.,.F.,
 .F.,(4,1,4),(2,2),(0.,0.0155337925871402,0.0310058149983211),(0.,0.2),
 .UNSPECIFIED.);
#1051=B_SPLINE_SURFACE_WITH_KNOTS('',3,1,((#15133,#15134),(#15135,#15136),
(#15137,#15138),(#15139,#15140),(#15141,#15142)),.UNSPECIFIED.,.F.,.F.,
 .F.,(4,1,4),(2,2),(0.,0.0224698143846724,0.0402027595682847),(0.,0.2),
 .UNSPECIFIED.);
#1052=B_SPLINE_SURFACE_WITH_KNOTS('',3,1,((#15156,#15157),(#15158,#15159),
(#15160,#15161),(#15162,#15163),(#15164,#15165)),.UNSPECIFIED.,.F.,.F.,
 .F.,(4,1,4),(2,2),(0.,0.0182587140119933,0.0427047076655295),(0.,0.2),
 .UNSPECIFIED.);
#1053=B_SPLINE_SURFACE_WITH_KNOTS('',3,1,((#15185,#15186),(#15187,#15188),
(#15189,#15190),(#15191,#15192),(#15193,#15194)),.UNSPECIFIED.,.F.,.F.,
 .F.,(4,1,4),(2,2),(0.,0.0171237624214718,0.0346037492792787),(0.,0.2),
 .UNSPECIFIED.);
#1054=B_SPLINE_SURFACE_WITH_KNOTS('',3,1,((#15208,#15209),(#15210,#15211),
(#15212,#15213),(#15214,#15215),(#15216,#15217)),.UNSPECIFIED.,.F.,.F.,
 .F.,(4,1,4),(2,2),(0.,0.0185920949798007,0.0359782892314627),(0.,0.2),
 .UNSPECIFIED.);
#1055=B_SPLINE_SURFACE_WITH_KNOTS('',3,1,((#15231,#15232),(#15233,#15234),
(#15235,#15236),(#15237,#15238),(#15239,#15240)),.UNSPECIFIED.,.F.,.F.,
 .F.,(4,1,4),(2,2),(0.,0.0364699547448459,0.073593029128783),(0.,0.2),
 .UNSPECIFIED.);
#1056=B_SPLINE_SURFACE_WITH_KNOTS('',3,1,((#15254,#15255),(#15256,#15257),
(#15258,#15259),(#15260,#15261),(#15262,#15263)),.UNSPECIFIED.,.F.,.F.,
 .F.,(4,1,4),(2,2),(0.,0.0481146334748174,0.088095696163716),(0.,0.2),
 .UNSPECIFIED.);
#1057=B_SPLINE_SURFACE_WITH_KNOTS('',3,1,((#15277,#15278),(#15279,#15280),
(#15281,#15282),(#15283,#15284),(#15285,#15286)),.UNSPECIFIED.,.F.,.F.,
 .F.,(4,1,4),(2,2),(0.,0.0412882174292787,0.0863297602416856),(0.,0.2),
 .UNSPECIFIED.);
#1058=B_SPLINE_SURFACE_WITH_KNOTS('',3,1,((#15300,#15301),(#15302,#15303),
(#15304,#15305),(#15306,#15307),(#15308,#15309)),.UNSPECIFIED.,.F.,.F.,
 .F.,(4,1,4),(2,2),(0.,0.0400872243364398,0.0784011838530071),(0.,0.2),
 .UNSPECIFIED.);
#1059=B_SPLINE_SURFACE_WITH_KNOTS('',3,1,((#15323,#15324),(#15325,#15326),
(#15327,#15328),(#15329,#15330),(#15331,#15332)),.UNSPECIFIED.,.F.,.F.,
 .F.,(4,1,4),(2,2),(0.,0.0202988485002251,0.0415074476889406),(0.,0.2),
 .UNSPECIFIED.);
#1060=B_SPLINE_SURFACE_WITH_KNOTS('',3,1,((#15346,#15347),(#15348,#15349),
(#15350,#15351),(#15352,#15353),(#15354,#15355)),.UNSPECIFIED.,.F.,.F.,
 .F.,(4,1,4),(2,2),(0.,0.0232122346272855,0.0408831358941949),(0.,0.2),
 .UNSPECIFIED.);
#1061=B_SPLINE_SURFACE_WITH_KNOTS('',3,1,((#15431,#15432),(#15433,#15434),
(#15435,#15436),(#15437,#15438),(#15439,#15440)),.UNSPECIFIED.,.F.,.F.,
 .F.,(4,1,4),(2,2),(0.,0.0289799014686857,0.0729930183847408),(0.,0.2),
 .UNSPECIFIED.);
#1062=B_SPLINE_SURFACE_WITH_KNOTS('',3,1,((#15454,#15455),(#15456,#15457),
(#15458,#15459),(#15460,#15461),(#15462,#15463)),.UNSPECIFIED.,.F.,.F.,
 .F.,(4,1,4),(2,2),(0.,0.0149165338667744,0.0297570778458461),(0.,0.2),
 .UNSPECIFIED.);
#1063=B_SPLINE_SURFACE_WITH_KNOTS('',3,1,((#15477,#15478),(#15479,#15480),
(#15481,#15482),(#15483,#15484),(#15485,#15486)),.UNSPECIFIED.,.F.,.F.,
 .F.,(4,1,4),(2,2),(0.,0.0139792378969438,0.0242244259902662),(0.,0.2),
 .UNSPECIFIED.);
#1064=B_SPLINE_SURFACE_WITH_KNOTS('',3,1,((#15506,#15507),(#15508,#15509),
(#15510,#15511),(#15512,#15513),(#15514,#15515)),.UNSPECIFIED.,.F.,.F.,
 .F.,(4,1,4),(2,2),(0.,0.0194987324159459,0.0422141271831118),(0.,0.2),
 .UNSPECIFIED.);
#1065=B_SPLINE_SURFACE_WITH_KNOTS('',3,1,((#15529,#15530),(#15531,#15532),
(#15533,#15534),(#15535,#15536),(#15537,#15538)),.UNSPECIFIED.,.F.,.F.,
 .F.,(4,1,4),(2,2),(0.,0.0149863104368016,0.0313525433587523),(0.,0.2),
 .UNSPECIFIED.);
#1066=B_SPLINE_SURFACE_WITH_KNOTS('',3,1,((#15552,#15553),(#15554,#15555),
(#15556,#15557),(#15558,#15559),(#15560,#15561)),.UNSPECIFIED.,.F.,.F.,
 .F.,(4,1,4),(2,2),(0.,0.0225851207443268,0.0395189947769716),(0.,0.2),
 .UNSPECIFIED.);
#1067=B_SPLINE_SURFACE_WITH_KNOTS('',3,1,((#15591,#15592),(#15593,#15594),
(#15595,#15596),(#15597,#15598),(#15599,#15600)),.UNSPECIFIED.,.F.,.F.,
 .F.,(4,1,4),(2,2),(0.,0.0137048782004178,0.0310824353714795),(0.,0.2),
 .UNSPECIFIED.);
#1068=B_SPLINE_SURFACE_WITH_KNOTS('',3,1,((#15617,#15618),(#15619,#15620),
(#15621,#15622),(#15623,#15624),(#15625,#15626)),.UNSPECIFIED.,.F.,.F.,
 .F.,(4,1,4),(2,2),(0.,0.0182840868106496,0.03650162464406),(0.,0.2),
 .UNSPECIFIED.);
#1069=B_SPLINE_SURFACE_WITH_KNOTS('',3,1,((#15640,#15641),(#15642,#15643),
(#15644,#15645),(#15646,#15647),(#15648,#15649)),.UNSPECIFIED.,.F.,.F.,
 .F.,(4,1,4),(2,2),(0.,0.0144319368365864,0.0301513630234432),(0.,0.2),
 .UNSPECIFIED.);
#1070=B_SPLINE_SURFACE_WITH_KNOTS('',3,1,((#15663,#15664),(#15665,#15666),
(#15667,#15668),(#15669,#15670),(#15671,#15672)),.UNSPECIFIED.,.F.,.F.,
 .F.,(4,1,4),(2,2),(0.,0.0212031204116397,0.0375153044835597),(0.,0.2),
 .UNSPECIFIED.);
#1071=B_SPLINE_SURFACE_WITH_KNOTS('',3,1,((#15689,#15690),(#15691,#15692),
(#15693,#15694),(#15695,#15696),(#15697,#15698)),.UNSPECIFIED.,.F.,.F.,
 .F.,(4,1,4),(2,2),(0.,0.0326163518526782,0.0717085015988373),(0.,0.2),
 .UNSPECIFIED.);
#1072=B_SPLINE_SURFACE_WITH_KNOTS('',3,1,((#15715,#15716),(#15717,#15718),
(#15719,#15720),(#15721,#15722),(#15723,#15724)),.UNSPECIFIED.,.F.,.F.,
 .F.,(4,1,4),(2,2),(0.,0.0294097672940729,0.0587258680554274),(0.,0.2),
 .UNSPECIFIED.);
#1073=B_SPLINE_SURFACE_WITH_KNOTS('',3,1,((#15738,#15739),(#15740,#15741),
(#15742,#15743),(#15744,#15745),(#15746,#15747)),.UNSPECIFIED.,.F.,.F.,
 .F.,(4,1,4),(2,2),(0.,0.0418952407598909,0.075529530571196),(0.,0.2),
 .UNSPECIFIED.);
#1074=B_SPLINE_SURFACE_WITH_KNOTS('',3,1,((#15761,#15762),(#15763,#15764),
(#15765,#15766),(#15767,#15768),(#15769,#15770)),.UNSPECIFIED.,.F.,.F.,
 .F.,(4,1,4),(2,2),(0.,0.0455454317519772,0.0974598409775586),(0.,0.2),
 .UNSPECIFIED.);
#1075=B_SPLINE_SURFACE_WITH_KNOTS('',3,1,((#15784,#15785),(#15786,#15787),
(#15788,#15789),(#15790,#15791),(#15792,#15793)),.UNSPECIFIED.,.F.,.F.,
 .F.,(4,1,4),(2,2),(0.,0.0468070101161376,0.090609052259897),(0.,0.2),
 .UNSPECIFIED.);
#1076=B_SPLINE_SURFACE_WITH_KNOTS('',3,1,((#15807,#15808),(#15809,#15810),
(#15811,#15812),(#15813,#15814),(#15815,#15816)),.UNSPECIFIED.,.F.,.F.,
 .F.,(4,1,4),(2,2),(0.,0.0313451447476211,0.0650976073354007),(0.,0.2),
 .UNSPECIFIED.);
#1077=B_SPLINE_SURFACE_WITH_KNOTS('',3,1,((#15830,#15831),(#15832,#15833),
(#15834,#15835),(#15836,#15837),(#15838,#15839)),.UNSPECIFIED.,.F.,.F.,
 .F.,(4,1,4),(2,2),(0.,0.0276323650962395,0.0570271031000933),(0.,0.2),
 .UNSPECIFIED.);
#1078=B_SPLINE_SURFACE_WITH_KNOTS('',3,1,((#15853,#15854),(#15855,#15856),
(#15857,#15858),(#15859,#15860),(#15861,#15862)),.UNSPECIFIED.,.F.,.F.,
 .F.,(4,1,4),(2,2),(0.,0.0386922493797072,0.0694223582457019),(0.,0.2),
 .UNSPECIFIED.);
#1079=B_SPLINE_SURFACE_WITH_KNOTS('',3,1,((#15876,#15877),(#15878,#15879),
(#15880,#15881),(#15882,#15883),(#15884,#15885)),.UNSPECIFIED.,.F.,.F.,
 .F.,(4,1,4),(2,2),(0.,0.034071663189996,0.0781592994862543),(0.,0.2),
 .UNSPECIFIED.);
#1080=B_SPLINE_SURFACE_WITH_KNOTS('',3,1,((#15899,#15900),(#15901,#15902),
(#15903,#15904),(#15905,#15906),(#15907,#15908)),.UNSPECIFIED.,.F.,.F.,
 .F.,(4,1,4),(2,2),(0.,0.0349737752963332,0.0660602590710231),(0.,0.2),
 .UNSPECIFIED.);
#1081=B_SPLINE_SURFACE_WITH_KNOTS('',3,1,((#15928,#15929),(#15930,#15931),
(#15932,#15933),(#15934,#15935),(#15936,#15937)),.UNSPECIFIED.,.F.,.F.,
 .F.,(4,1,4),(2,2),(0.,0.00883056297679653,0.0200598368083148),(0.,0.2),
 .UNSPECIFIED.);
#1082=B_SPLINE_SURFACE_WITH_KNOTS('',3,1,((#15951,#15952),(#15953,#15954),
(#15955,#15956),(#15957,#15958),(#15959,#15960)),.UNSPECIFIED.,.F.,.F.,
 .F.,(4,1,4),(2,2),(0.,0.0120693412996981,0.0243246437040622),(0.,0.2),
 .UNSPECIFIED.);
#1083=B_SPLINE_SURFACE_WITH_KNOTS('',3,1,((#15974,#15975),(#15976,#15977),
(#15978,#15979),(#15980,#15981),(#15982,#15983)),.UNSPECIFIED.,.F.,.F.,
 .F.,(4,1,4),(2,2),(0.,0.0174867766829292,0.0354361837551478),(0.,0.2),
 .UNSPECIFIED.);
#1084=B_SPLINE_SURFACE_WITH_KNOTS('',3,1,((#15997,#15998),(#15999,#16000),
(#16001,#16002),(#16003,#16004),(#16005,#16006)),.UNSPECIFIED.,.F.,.F.,
 .F.,(4,1,4),(2,2),(0.,0.0179122991485832,0.0321392297219988),(0.,0.2),
 .UNSPECIFIED.);
#1085=B_SPLINE_SURFACE_WITH_KNOTS('',3,1,((#16030,#16031),(#16032,#16033),
(#16034,#16035),(#16036,#16037),(#16038,#16039)),.UNSPECIFIED.,.F.,.F.,
 .F.,(4,1,4),(2,2),(0.,0.0651857083237759,0.111969763912668),(0.,0.2),
 .UNSPECIFIED.);
#1086=B_SPLINE_SURFACE_WITH_KNOTS('',3,1,((#16056,#16057),(#16058,#16059),
(#16060,#16061),(#16062,#16063),(#16064,#16065)),.UNSPECIFIED.,.F.,.F.,
 .F.,(4,1,4),(2,2),(0.,0.0337102070313424,0.0736855389332976),(0.,0.2),
 .UNSPECIFIED.);
#1087=B_SPLINE_SURFACE_WITH_KNOTS('',3,1,((#16079,#16080),(#16081,#16082),
(#16083,#16084),(#16085,#16086),(#16087,#16088)),.UNSPECIFIED.,.F.,.F.,
 .F.,(4,1,4),(2,2),(0.,0.0287331949473498,0.0586092127148048),(0.,0.2),
 .UNSPECIFIED.);
#1088=B_SPLINE_SURFACE_WITH_KNOTS('',3,1,((#16102,#16103),(#16104,#16105),
(#16106,#16107),(#16108,#16109),(#16110,#16111)),.UNSPECIFIED.,.F.,.F.,
 .F.,(4,1,4),(2,2),(0.,0.0280141611366269,0.0561640774835049),(0.,0.2),
 .UNSPECIFIED.);
#1089=B_SPLINE_SURFACE_WITH_KNOTS('',3,1,((#16125,#16126),(#16127,#16128),
(#16129,#16130),(#16131,#16132),(#16133,#16134)),.UNSPECIFIED.,.F.,.F.,
 .F.,(4,1,4),(2,2),(0.,0.0228935812062464,0.0464675401787891),(0.,0.2),
 .UNSPECIFIED.);
#1090=B_SPLINE_SURFACE_WITH_KNOTS('',3,1,((#16148,#16149),(#16150,#16151),
(#16152,#16153),(#16154,#16155),(#16156,#16157)),.UNSPECIFIED.,.F.,.F.,
 .F.,(4,1,4),(2,2),(0.,0.0272296871172114,0.0511461619413544),(0.,0.2),
 .UNSPECIFIED.);
#1091=B_SPLINE_SURFACE_WITH_KNOTS('',3,1,((#16171,#16172),(#16173,#16174),
(#16175,#16176),(#16177,#16178),(#16179,#16180)),.UNSPECIFIED.,.F.,.F.,
 .F.,(4,1,4),(2,2),(0.,0.0537766380742171,0.0911058051870627),(0.,0.2),
 .UNSPECIFIED.);
#1092=B_SPLINE_SURFACE_WITH_KNOTS('',3,1,((#16194,#16195),(#16196,#16197),
(#16198,#16199),(#16200,#16201),(#16202,#16203)),.UNSPECIFIED.,.F.,.F.,
 .F.,(4,1,4),(2,2),(0.,0.0124476892176408,0.0331960627956299),(0.,0.2),
 .UNSPECIFIED.);
#1093=B_SPLINE_SURFACE_WITH_KNOTS('',3,1,((#16217,#16218),(#16219,#16220),
(#16221,#16222),(#16223,#16224),(#16225,#16226)),.UNSPECIFIED.,.F.,.F.,
 .F.,(4,1,4),(2,2),(0.,0.00701054582256575,0.0149298542148034),(0.,0.2),
 .UNSPECIFIED.);
#1094=B_SPLINE_SURFACE_WITH_KNOTS('',3,1,((#16240,#16241),(#16242,#16243),
(#16244,#16245),(#16246,#16247),(#16248,#16249)),.UNSPECIFIED.,.F.,.F.,
 .F.,(4,1,4),(2,2),(0.,0.00970809234779778,0.0189916996014508),(0.,0.2),
 .UNSPECIFIED.);
#1095=B_SPLINE_SURFACE_WITH_KNOTS('',3,1,((#16263,#16264),(#16265,#16266),
(#16267,#16268),(#16269,#16270),(#16271,#16272)),.UNSPECIFIED.,.F.,.F.,
 .F.,(4,1,4),(2,2),(0.,0.0142775602858337,0.0257177643345784),(0.,0.2),
 .UNSPECIFIED.);
#1096=B_SPLINE_SURFACE_WITH_KNOTS('',3,1,((#16286,#16287),(#16288,#16289),
(#16290,#16291),(#16292,#16293),(#16294,#16295)),.UNSPECIFIED.,.F.,.F.,
 .F.,(4,1,4),(2,2),(0.,0.0148969202985607,0.0325443287057702),(0.,0.2),
 .UNSPECIFIED.);
#1097=B_SPLINE_SURFACE_WITH_KNOTS('',3,1,((#16309,#16310),(#16311,#16312),
(#16313,#16314),(#16315,#16316),(#16317,#16318)),.UNSPECIFIED.,.F.,.F.,
 .F.,(4,1,4),(2,2),(0.,0.0183177121242722,0.033483759189559),(0.,0.2),
 .UNSPECIFIED.);
#1098=B_SPLINE_SURFACE_WITH_KNOTS('',3,1,((#16338,#16339),(#16340,#16341),
(#16342,#16343),(#16344,#16345),(#16346,#16347)),.UNSPECIFIED.,.F.,.F.,
 .F.,(4,1,4),(2,2),(0.,0.0366919907037381,0.0787166782057733),(0.,0.2),
 .UNSPECIFIED.);
#1099=B_SPLINE_SURFACE_WITH_KNOTS('',3,1,((#16361,#16362),(#16363,#16364),
(#16365,#16366),(#16367,#16368),(#16369,#16370)),.UNSPECIFIED.,.F.,.F.,
 .F.,(4,1,4),(2,2),(0.,0.0509320901970987,0.0912317401564434),(0.,0.2),
 .UNSPECIFIED.);
#1100=B_SPLINE_SURFACE_WITH_KNOTS('',3,1,((#16384,#16385),(#16386,#16387),
(#16388,#16389),(#16390,#16391),(#16392,#16393)),.UNSPECIFIED.,.F.,.F.,
 .F.,(4,1,4),(2,2),(0.,0.0331907826277925,0.0751954433877217),(0.,0.2),
 .UNSPECIFIED.);
#1101=B_SPLINE_SURFACE_WITH_KNOTS('',3,1,((#16407,#16408),(#16409,#16410),
(#16411,#16412),(#16413,#16414),(#16415,#16416)),.UNSPECIFIED.,.F.,.F.,
 .F.,(4,1,4),(2,2),(0.,0.0249499945926253,0.0522457008811944),(0.,0.2),
 .UNSPECIFIED.);
#1102=B_SPLINE_SURFACE_WITH_KNOTS('',3,1,((#16430,#16431),(#16432,#16433),
(#16434,#16435),(#16436,#16437),(#16438,#16439)),.UNSPECIFIED.,.F.,.F.,
 .F.,(4,1,4),(2,2),(0.,0.0227039389225091,0.0460696075311261),(0.,0.2),
 .UNSPECIFIED.);
#1103=B_SPLINE_SURFACE_WITH_KNOTS('',3,1,((#16453,#16454),(#16455,#16456),
(#16457,#16458),(#16459,#16460),(#16461,#16462)),.UNSPECIFIED.,.F.,.F.,
 .F.,(4,1,4),(2,2),(0.,0.0324563479679238,0.0651950196762406),(0.,0.2),
 .UNSPECIFIED.);
#1104=B_SPLINE_SURFACE_WITH_KNOTS('',3,1,((#16476,#16477),(#16478,#16479),
(#16480,#16481),(#16482,#16483),(#16484,#16485)),.UNSPECIFIED.,.F.,.F.,
 .F.,(4,1,4),(2,2),(0.,0.0546183893723597,0.0949353002197115),(0.,0.2),
 .UNSPECIFIED.);
#1105=B_SPLINE_SURFACE_WITH_KNOTS('',3,1,((#16499,#16500),(#16501,#16502),
(#16503,#16504),(#16505,#16506),(#16507,#16508)),.UNSPECIFIED.,.F.,.F.,
 .F.,(4,1,4),(2,2),(0.,0.0192001275023427,0.0508381736290227),(0.,0.2),
 .UNSPECIFIED.);
#1106=B_SPLINE_SURFACE_WITH_KNOTS('',3,1,((#16522,#16523),(#16524,#16525),
(#16526,#16527),(#16528,#16529),(#16530,#16531)),.UNSPECIFIED.,.F.,.F.,
 .F.,(4,1,4),(2,2),(0.,0.0113426584968682,0.0238075802103726),(0.,0.2),
 .UNSPECIFIED.);
#1107=B_SPLINE_SURFACE_WITH_KNOTS('',3,1,((#16545,#16546),(#16547,#16548),
(#16549,#16550),(#16551,#16552),(#16553,#16554)),.UNSPECIFIED.,.F.,.F.,
 .F.,(4,1,4),(2,2),(0.,0.0129913950583028,0.0248671813005466),(0.,0.2),
 .UNSPECIFIED.);
#1108=B_SPLINE_SURFACE_WITH_KNOTS('',3,1,((#16568,#16569),(#16570,#16571),
(#16572,#16573),(#16574,#16575),(#16576,#16577)),.UNSPECIFIED.,.F.,.F.,
 .F.,(4,1,4),(2,2),(0.,0.017698135949294,0.0323688939369655),(0.,0.2),
 .UNSPECIFIED.);
#1109=B_SPLINE_SURFACE_WITH_KNOTS('',3,1,((#16591,#16592),(#16593,#16594),
(#16595,#16596),(#16597,#16598),(#16599,#16600)),.UNSPECIFIED.,.F.,.F.,
 .F.,(4,1,4),(2,2),(0.,0.0221166676466744,0.0460865115899357),(0.,0.2),
 .UNSPECIFIED.);
#1110=B_SPLINE_SURFACE_WITH_KNOTS('',3,1,((#16614,#16615),(#16616,#16617),
(#16618,#16619),(#16620,#16621),(#16622,#16623)),.UNSPECIFIED.,.F.,.F.,
 .F.,(4,1,4),(2,2),(0.,0.0194221981205745,0.0350529607084166),(0.,0.2),
 .UNSPECIFIED.);
#1111=B_SPLINE_SURFACE_WITH_KNOTS('',3,1,((#16643,#16644),(#16645,#16646),
(#16647,#16648),(#16649,#16650),(#16651,#16652)),.UNSPECIFIED.,.F.,.F.,
 .F.,(4,1,4),(2,2),(0.,0.0406426878889564,0.0833387879945192),(0.,0.2),
 .UNSPECIFIED.);
#1112=FACE_OUTER_BOUND('',#1591,.T.);
#1113=FACE_OUTER_BOUND('',#1592,.T.);
#1114=FACE_OUTER_BOUND('',#1593,.T.);
#1115=FACE_OUTER_BOUND('',#1594,.T.);
#1116=FACE_OUTER_BOUND('',#1595,.T.);
#1117=FACE_OUTER_BOUND('',#1596,.T.);
#1118=FACE_OUTER_BOUND('',#1597,.T.);
#1119=FACE_OUTER_BOUND('',#1598,.T.);
#1120=FACE_OUTER_BOUND('',#1599,.T.);
#1121=FACE_OUTER_BOUND('',#1600,.T.);
#1122=FACE_OUTER_BOUND('',#1601,.T.);
#1123=FACE_OUTER_BOUND('',#1602,.T.);
#1124=FACE_OUTER_BOUND('',#1603,.T.);
#1125=FACE_OUTER_BOUND('',#1604,.T.);
#1126=FACE_OUTER_BOUND('',#1605,.T.);
#1127=FACE_OUTER_BOUND('',#1606,.T.);
#1128=FACE_OUTER_BOUND('',#1607,.T.);
#1129=FACE_OUTER_BOUND('',#1608,.T.);
#1130=FACE_OUTER_BOUND('',#1609,.T.);
#1131=FACE_OUTER_BOUND('',#1610,.T.);
#1132=FACE_OUTER_BOUND('',#1611,.T.);
#1133=FACE_OUTER_BOUND('',#1612,.T.);
#1134=FACE_OUTER_BOUND('',#1613,.T.);
#1135=FACE_OUTER_BOUND('',#1614,.T.);
#1136=FACE_OUTER_BOUND('',#1615,.T.);
#1137=FACE_OUTER_BOUND('',#1616,.T.);
#1138=FACE_OUTER_BOUND('',#1617,.T.);
#1139=FACE_OUTER_BOUND('',#1618,.T.);
#1140=FACE_OUTER_BOUND('',#1619,.T.);
#1141=FACE_OUTER_BOUND('',#1620,.T.);
#1142=FACE_OUTER_BOUND('',#1621,.T.);
#1143=FACE_OUTER_BOUND('',#1622,.T.);
#1144=FACE_OUTER_BOUND('',#1623,.T.);
#1145=FACE_OUTER_BOUND('',#1624,.T.);
#1146=FACE_OUTER_BOUND('',#1625,.T.);
#1147=FACE_OUTER_BOUND('',#1626,.T.);
#1148=FACE_OUTER_BOUND('',#1627,.T.);
#1149=FACE_OUTER_BOUND('',#1628,.T.);
#1150=FACE_OUTER_BOUND('',#1629,.T.);
#1151=FACE_OUTER_BOUND('',#1630,.T.);
#1152=FACE_OUTER_BOUND('',#1631,.T.);
#1153=FACE_OUTER_BOUND('',#1632,.T.);
#1154=FACE_OUTER_BOUND('',#1633,.T.);
#1155=FACE_OUTER_BOUND('',#1634,.T.);
#1156=FACE_OUTER_BOUND('',#1635,.T.);
#1157=FACE_OUTER_BOUND('',#1636,.T.);
#1158=FACE_OUTER_BOUND('',#1637,.T.);
#1159=FACE_OUTER_BOUND('',#1638,.T.);
#1160=FACE_OUTER_BOUND('',#1639,.T.);
#1161=FACE_OUTER_BOUND('',#1640,.T.);
#1162=FACE_OUTER_BOUND('',#1641,.T.);
#1163=FACE_OUTER_BOUND('',#1642,.T.);
#1164=FACE_OUTER_BOUND('',#1643,.T.);
#1165=FACE_OUTER_BOUND('',#1644,.T.);
#1166=FACE_OUTER_BOUND('',#1645,.T.);
#1167=FACE_OUTER_BOUND('',#1646,.T.);
#1168=FACE_OUTER_BOUND('',#1647,.T.);
#1169=FACE_OUTER_BOUND('',#1648,.T.);
#1170=FACE_OUTER_BOUND('',#1649,.T.);
#1171=FACE_OUTER_BOUND('',#1650,.T.);
#1172=FACE_OUTER_BOUND('',#1651,.T.);
#1173=FACE_OUTER_BOUND('',#1652,.T.);
#1174=FACE_OUTER_BOUND('',#1653,.T.);
#1175=FACE_OUTER_BOUND('',#1654,.T.);
#1176=FACE_OUTER_BOUND('',#1655,.T.);
#1177=FACE_OUTER_BOUND('',#1656,.T.);
#1178=FACE_OUTER_BOUND('',#1657,.T.);
#1179=FACE_OUTER_BOUND('',#1658,.T.);
#1180=FACE_OUTER_BOUND('',#1659,.T.);
#1181=FACE_OUTER_BOUND('',#1660,.T.);
#1182=FACE_OUTER_BOUND('',#1661,.T.);
#1183=FACE_OUTER_BOUND('',#1662,.T.);
#1184=FACE_OUTER_BOUND('',#1663,.T.);
#1185=FACE_OUTER_BOUND('',#1664,.T.);
#1186=FACE_OUTER_BOUND('',#1665,.T.);
#1187=FACE_OUTER_BOUND('',#1666,.T.);
#1188=FACE_OUTER_BOUND('',#1667,.T.);
#1189=FACE_OUTER_BOUND('',#1668,.T.);
#1190=FACE_OUTER_BOUND('',#1669,.T.);
#1191=FACE_OUTER_BOUND('',#1670,.T.);
#1192=FACE_OUTER_BOUND('',#1671,.T.);
#1193=FACE_OUTER_BOUND('',#1672,.T.);
#1194=FACE_OUTER_BOUND('',#1673,.T.);
#1195=FACE_OUTER_BOUND('',#1674,.T.);
#1196=FACE_OUTER_BOUND('',#1675,.T.);
#1197=FACE_OUTER_BOUND('',#1676,.T.);
#1198=FACE_OUTER_BOUND('',#1677,.T.);
#1199=FACE_OUTER_BOUND('',#1678,.T.);
#1200=FACE_OUTER_BOUND('',#1679,.T.);
#1201=FACE_OUTER_BOUND('',#1680,.T.);
#1202=FACE_OUTER_BOUND('',#1681,.T.);
#1203=FACE_OUTER_BOUND('',#1682,.T.);
#1204=FACE_OUTER_BOUND('',#1683,.T.);
#1205=FACE_OUTER_BOUND('',#1684,.T.);
#1206=FACE_OUTER_BOUND('',#1685,.T.);
#1207=FACE_OUTER_BOUND('',#1686,.T.);
#1208=FACE_OUTER_BOUND('',#1687,.T.);
#1209=FACE_OUTER_BOUND('',#1688,.T.);
#1210=FACE_OUTER_BOUND('',#1689,.T.);
#1211=FACE_OUTER_BOUND('',#1690,.T.);
#1212=FACE_OUTER_BOUND('',#1691,.T.);
#1213=FACE_OUTER_BOUND('',#1692,.T.);
#1214=FACE_OUTER_BOUND('',#1693,.T.);
#1215=FACE_OUTER_BOUND('',#1694,.T.);
#1216=FACE_OUTER_BOUND('',#1695,.T.);
#1217=FACE_OUTER_BOUND('',#1696,.T.);
#1218=FACE_OUTER_BOUND('',#1697,.T.);
#1219=FACE_OUTER_BOUND('',#1698,.T.);
#1220=FACE_OUTER_BOUND('',#1699,.T.);
#1221=FACE_OUTER_BOUND('',#1700,.T.);
#1222=FACE_OUTER_BOUND('',#1701,.T.);
#1223=FACE_OUTER_BOUND('',#1703,.T.);
#1224=FACE_OUTER_BOUND('',#1704,.T.);
#1225=FACE_OUTER_BOUND('',#1705,.T.);
#1226=FACE_OUTER_BOUND('',#1706,.T.);
#1227=FACE_OUTER_BOUND('',#1707,.T.);
#1228=FACE_OUTER_BOUND('',#1708,.T.);
#1229=FACE_OUTER_BOUND('',#1709,.T.);
#1230=FACE_OUTER_BOUND('',#1710,.T.);
#1231=FACE_OUTER_BOUND('',#1711,.T.);
#1232=FACE_OUTER_BOUND('',#1712,.T.);
#1233=FACE_OUTER_BOUND('',#1713,.T.);
#1234=FACE_OUTER_BOUND('',#1714,.T.);
#1235=FACE_OUTER_BOUND('',#1715,.T.);
#1236=FACE_OUTER_BOUND('',#1716,.T.);
#1237=FACE_OUTER_BOUND('',#1717,.T.);
#1238=FACE_OUTER_BOUND('',#1718,.T.);
#1239=FACE_OUTER_BOUND('',#1719,.T.);
#1240=FACE_OUTER_BOUND('',#1720,.T.);
#1241=FACE_OUTER_BOUND('',#1721,.T.);
#1242=FACE_OUTER_BOUND('',#1722,.T.);
#1243=FACE_OUTER_BOUND('',#1723,.T.);
#1244=FACE_OUTER_BOUND('',#1724,.T.);
#1245=FACE_OUTER_BOUND('',#1725,.T.);
#1246=FACE_OUTER_BOUND('',#1726,.T.);
#1247=FACE_OUTER_BOUND('',#1727,.T.);
#1248=FACE_OUTER_BOUND('',#1728,.T.);
#1249=FACE_OUTER_BOUND('',#1729,.T.);
#1250=FACE_OUTER_BOUND('',#1730,.T.);
#1251=FACE_OUTER_BOUND('',#1731,.T.);
#1252=FACE_OUTER_BOUND('',#1732,.T.);
#1253=FACE_OUTER_BOUND('',#1733,.T.);
#1254=FACE_OUTER_BOUND('',#1734,.T.);
#1255=FACE_OUTER_BOUND('',#1735,.T.);
#1256=FACE_OUTER_BOUND('',#1736,.T.);
#1257=FACE_OUTER_BOUND('',#1737,.T.);
#1258=FACE_OUTER_BOUND('',#1738,.T.);
#1259=FACE_OUTER_BOUND('',#1739,.T.);
#1260=FACE_OUTER_BOUND('',#1741,.T.);
#1261=FACE_OUTER_BOUND('',#1742,.T.);
#1262=FACE_OUTER_BOUND('',#1743,.T.);
#1263=FACE_OUTER_BOUND('',#1744,.T.);
#1264=FACE_OUTER_BOUND('',#1745,.T.);
#1265=FACE_OUTER_BOUND('',#1746,.T.);
#1266=FACE_OUTER_BOUND('',#1747,.T.);
#1267=FACE_OUTER_BOUND('',#1748,.T.);
#1268=FACE_OUTER_BOUND('',#1749,.T.);
#1269=FACE_OUTER_BOUND('',#1750,.T.);
#1270=FACE_OUTER_BOUND('',#1751,.T.);
#1271=FACE_OUTER_BOUND('',#1752,.T.);
#1272=FACE_OUTER_BOUND('',#1753,.T.);
#1273=FACE_OUTER_BOUND('',#1754,.T.);
#1274=FACE_OUTER_BOUND('',#1755,.T.);
#1275=FACE_OUTER_BOUND('',#1756,.T.);
#1276=FACE_OUTER_BOUND('',#1757,.T.);
#1277=FACE_OUTER_BOUND('',#1758,.T.);
#1278=FACE_OUTER_BOUND('',#1759,.T.);
#1279=FACE_OUTER_BOUND('',#1760,.T.);
#1280=FACE_OUTER_BOUND('',#1761,.T.);
#1281=FACE_OUTER_BOUND('',#1762,.T.);
#1282=FACE_OUTER_BOUND('',#1764,.T.);
#1283=FACE_OUTER_BOUND('',#1765,.T.);
#1284=FACE_OUTER_BOUND('',#1766,.T.);
#1285=FACE_OUTER_BOUND('',#1767,.T.);
#1286=FACE_OUTER_BOUND('',#1768,.T.);
#1287=FACE_OUTER_BOUND('',#1769,.T.);
#1288=FACE_OUTER_BOUND('',#1770,.T.);
#1289=FACE_OUTER_BOUND('',#1771,.T.);
#1290=FACE_OUTER_BOUND('',#1772,.T.);
#1291=FACE_OUTER_BOUND('',#1773,.T.);
#1292=FACE_OUTER_BOUND('',#1774,.T.);
#1293=FACE_OUTER_BOUND('',#1775,.T.);
#1294=FACE_OUTER_BOUND('',#1776,.T.);
#1295=FACE_OUTER_BOUND('',#1777,.T.);
#1296=FACE_OUTER_BOUND('',#1778,.T.);
#1297=FACE_OUTER_BOUND('',#1779,.T.);
#1298=FACE_OUTER_BOUND('',#1780,.T.);
#1299=FACE_OUTER_BOUND('',#1781,.T.);
#1300=FACE_OUTER_BOUND('',#1782,.T.);
#1301=FACE_OUTER_BOUND('',#1783,.T.);
#1302=FACE_OUTER_BOUND('',#1784,.T.);
#1303=FACE_OUTER_BOUND('',#1785,.T.);
#1304=FACE_OUTER_BOUND('',#1786,.T.);
#1305=FACE_OUTER_BOUND('',#1787,.T.);
#1306=FACE_OUTER_BOUND('',#1788,.T.);
#1307=FACE_OUTER_BOUND('',#1789,.T.);
#1308=FACE_OUTER_BOUND('',#1790,.T.);
#1309=FACE_OUTER_BOUND('',#1791,.T.);
#1310=FACE_OUTER_BOUND('',#1792,.T.);
#1311=FACE_OUTER_BOUND('',#1793,.T.);
#1312=FACE_OUTER_BOUND('',#1794,.T.);
#1313=FACE_OUTER_BOUND('',#1795,.T.);
#1314=FACE_OUTER_BOUND('',#1796,.T.);
#1315=FACE_OUTER_BOUND('',#1797,.T.);
#1316=FACE_OUTER_BOUND('',#1798,.T.);
#1317=FACE_OUTER_BOUND('',#1799,.T.);
#1318=FACE_OUTER_BOUND('',#1800,.T.);
#1319=FACE_OUTER_BOUND('',#1801,.T.);
#1320=FACE_OUTER_BOUND('',#1802,.T.);
#1321=FACE_OUTER_BOUND('',#1803,.T.);
#1322=FACE_OUTER_BOUND('',#1804,.T.);
#1323=FACE_OUTER_BOUND('',#1805,.T.);
#1324=FACE_OUTER_BOUND('',#1806,.T.);
#1325=FACE_OUTER_BOUND('',#1807,.T.);
#1326=FACE_OUTER_BOUND('',#1808,.T.);
#1327=FACE_OUTER_BOUND('',#1809,.T.);
#1328=FACE_OUTER_BOUND('',#1810,.T.);
#1329=FACE_OUTER_BOUND('',#1811,.T.);
#1330=FACE_OUTER_BOUND('',#1812,.T.);
#1331=FACE_OUTER_BOUND('',#1813,.T.);
#1332=FACE_OUTER_BOUND('',#1815,.T.);
#1333=FACE_OUTER_BOUND('',#1816,.T.);
#1334=FACE_OUTER_BOUND('',#1817,.T.);
#1335=FACE_OUTER_BOUND('',#1818,.T.);
#1336=FACE_OUTER_BOUND('',#1819,.T.);
#1337=FACE_OUTER_BOUND('',#1820,.T.);
#1338=FACE_OUTER_BOUND('',#1821,.T.);
#1339=FACE_OUTER_BOUND('',#1822,.T.);
#1340=FACE_OUTER_BOUND('',#1823,.T.);
#1341=FACE_OUTER_BOUND('',#1824,.T.);
#1342=FACE_OUTER_BOUND('',#1825,.T.);
#1343=FACE_OUTER_BOUND('',#1826,.T.);
#1344=FACE_OUTER_BOUND('',#1827,.T.);
#1345=FACE_OUTER_BOUND('',#1828,.T.);
#1346=FACE_OUTER_BOUND('',#1829,.T.);
#1347=FACE_OUTER_BOUND('',#1830,.T.);
#1348=FACE_OUTER_BOUND('',#1831,.T.);
#1349=FACE_OUTER_BOUND('',#1832,.T.);
#1350=FACE_OUTER_BOUND('',#1833,.T.);
#1351=FACE_OUTER_BOUND('',#1834,.T.);
#1352=FACE_OUTER_BOUND('',#1835,.T.);
#1353=FACE_OUTER_BOUND('',#1836,.T.);
#1354=FACE_OUTER_BOUND('',#1838,.T.);
#1355=FACE_OUTER_BOUND('',#1839,.T.);
#1356=FACE_OUTER_BOUND('',#1840,.T.);
#1357=FACE_OUTER_BOUND('',#1841,.T.);
#1358=FACE_OUTER_BOUND('',#1842,.T.);
#1359=FACE_OUTER_BOUND('',#1843,.T.);
#1360=FACE_OUTER_BOUND('',#1844,.T.);
#1361=FACE_OUTER_BOUND('',#1845,.T.);
#1362=FACE_OUTER_BOUND('',#1846,.T.);
#1363=FACE_OUTER_BOUND('',#1847,.T.);
#1364=FACE_OUTER_BOUND('',#1848,.T.);
#1365=FACE_OUTER_BOUND('',#1849,.T.);
#1366=FACE_OUTER_BOUND('',#1850,.T.);
#1367=FACE_OUTER_BOUND('',#1851,.T.);
#1368=FACE_OUTER_BOUND('',#1852,.T.);
#1369=FACE_OUTER_BOUND('',#1853,.T.);
#1370=FACE_OUTER_BOUND('',#1854,.T.);
#1371=FACE_OUTER_BOUND('',#1855,.T.);
#1372=FACE_OUTER_BOUND('',#1856,.T.);
#1373=FACE_OUTER_BOUND('',#1857,.T.);
#1374=FACE_OUTER_BOUND('',#1858,.T.);
#1375=FACE_OUTER_BOUND('',#1859,.T.);
#1376=FACE_OUTER_BOUND('',#1860,.T.);
#1377=FACE_OUTER_BOUND('',#1861,.T.);
#1378=FACE_OUTER_BOUND('',#1862,.T.);
#1379=FACE_OUTER_BOUND('',#1863,.T.);
#1380=FACE_OUTER_BOUND('',#1864,.T.);
#1381=FACE_OUTER_BOUND('',#1865,.T.);
#1382=FACE_OUTER_BOUND('',#1866,.T.);
#1383=FACE_OUTER_BOUND('',#1867,.T.);
#1384=FACE_OUTER_BOUND('',#1868,.T.);
#1385=FACE_OUTER_BOUND('',#1869,.T.);
#1386=FACE_OUTER_BOUND('',#1870,.T.);
#1387=FACE_OUTER_BOUND('',#1871,.T.);
#1388=FACE_OUTER_BOUND('',#1872,.T.);
#1389=FACE_OUTER_BOUND('',#1873,.T.);
#1390=FACE_OUTER_BOUND('',#1874,.T.);
#1391=FACE_OUTER_BOUND('',#1875,.T.);
#1392=FACE_OUTER_BOUND('',#1876,.T.);
#1393=FACE_OUTER_BOUND('',#1877,.T.);
#1394=FACE_OUTER_BOUND('',#1878,.T.);
#1395=FACE_OUTER_BOUND('',#1880,.T.);
#1396=FACE_OUTER_BOUND('',#1881,.T.);
#1397=FACE_OUTER_BOUND('',#1882,.T.);
#1398=FACE_OUTER_BOUND('',#1883,.T.);
#1399=FACE_OUTER_BOUND('',#1884,.T.);
#1400=FACE_OUTER_BOUND('',#1885,.T.);
#1401=FACE_OUTER_BOUND('',#1886,.T.);
#1402=FACE_OUTER_BOUND('',#1887,.T.);
#1403=FACE_OUTER_BOUND('',#1888,.T.);
#1404=FACE_OUTER_BOUND('',#1889,.T.);
#1405=FACE_OUTER_BOUND('',#1890,.T.);
#1406=FACE_OUTER_BOUND('',#1891,.T.);
#1407=FACE_OUTER_BOUND('',#1892,.T.);
#1408=FACE_OUTER_BOUND('',#1893,.T.);
#1409=FACE_OUTER_BOUND('',#1894,.T.);
#1410=FACE_OUTER_BOUND('',#1895,.T.);
#1411=FACE_OUTER_BOUND('',#1896,.T.);
#1412=FACE_OUTER_BOUND('',#1897,.T.);
#1413=FACE_OUTER_BOUND('',#1898,.T.);
#1414=FACE_OUTER_BOUND('',#1899,.T.);
#1415=FACE_OUTER_BOUND('',#1900,.T.);
#1416=FACE_OUTER_BOUND('',#1901,.T.);
#1417=FACE_OUTER_BOUND('',#1902,.T.);
#1418=FACE_OUTER_BOUND('',#1903,.T.);
#1419=FACE_OUTER_BOUND('',#1904,.T.);
#1420=FACE_OUTER_BOUND('',#1905,.T.);
#1421=FACE_OUTER_BOUND('',#1906,.T.);
#1422=FACE_OUTER_BOUND('',#1907,.T.);
#1423=FACE_OUTER_BOUND('',#1908,.T.);
#1424=FACE_OUTER_BOUND('',#1909,.T.);
#1425=FACE_OUTER_BOUND('',#1910,.T.);
#1426=FACE_OUTER_BOUND('',#1931,.T.);
#1427=FACE_OUTER_BOUND('',#1932,.T.);
#1428=FACE_OUTER_BOUND('',#1933,.T.);
#1429=FACE_OUTER_BOUND('',#1934,.T.);
#1430=FACE_OUTER_BOUND('',#1935,.T.);
#1431=FACE_OUTER_BOUND('',#1936,.T.);
#1432=FACE_OUTER_BOUND('',#1937,.T.);
#1433=FACE_OUTER_BOUND('',#1938,.T.);
#1434=FACE_OUTER_BOUND('',#1939,.T.);
#1435=FACE_OUTER_BOUND('',#1940,.T.);
#1436=FACE_OUTER_BOUND('',#1941,.T.);
#1437=FACE_OUTER_BOUND('',#1943,.T.);
#1438=FACE_OUTER_BOUND('',#1944,.T.);
#1439=FACE_OUTER_BOUND('',#1949,.T.);
#1440=FACE_OUTER_BOUND('',#1950,.T.);
#1441=FACE_OUTER_BOUND('',#1951,.T.);
#1442=FACE_OUTER_BOUND('',#1952,.T.);
#1443=FACE_OUTER_BOUND('',#1953,.T.);
#1444=FACE_OUTER_BOUND('',#1954,.T.);
#1445=FACE_OUTER_BOUND('',#1955,.T.);
#1446=FACE_OUTER_BOUND('',#1956,.T.);
#1447=FACE_OUTER_BOUND('',#1957,.T.);
#1448=FACE_OUTER_BOUND('',#1958,.T.);
#1449=FACE_OUTER_BOUND('',#1959,.T.);
#1450=FACE_OUTER_BOUND('',#1960,.T.);
#1451=FACE_OUTER_BOUND('',#1961,.T.);
#1452=FACE_OUTER_BOUND('',#1962,.T.);
#1453=FACE_OUTER_BOUND('',#1963,.T.);
#1454=FACE_OUTER_BOUND('',#1964,.T.);
#1455=FACE_OUTER_BOUND('',#1965,.T.);
#1456=FACE_OUTER_BOUND('',#1966,.T.);
#1457=FACE_OUTER_BOUND('',#1968,.T.);
#1458=FACE_OUTER_BOUND('',#1969,.T.);
#1459=FACE_OUTER_BOUND('',#1971,.T.);
#1460=FACE_OUTER_BOUND('',#1972,.T.);
#1461=FACE_OUTER_BOUND('',#1974,.T.);
#1462=FACE_OUTER_BOUND('',#1975,.T.);
#1463=FACE_OUTER_BOUND('',#1976,.T.);
#1464=FACE_OUTER_BOUND('',#1977,.T.);
#1465=FACE_OUTER_BOUND('',#1979,.T.);
#1466=FACE_OUTER_BOUND('',#1981,.T.);
#1467=FACE_OUTER_BOUND('',#1982,.T.);
#1468=FACE_OUTER_BOUND('',#1983,.T.);
#1469=FACE_OUTER_BOUND('',#1985,.T.);
#1470=FACE_OUTER_BOUND('',#1987,.T.);
#1471=FACE_OUTER_BOUND('',#1989,.T.);
#1472=FACE_OUTER_BOUND('',#1990,.T.);
#1473=FACE_OUTER_BOUND('',#1991,.T.);
#1474=FACE_OUTER_BOUND('',#1993,.T.);
#1475=FACE_OUTER_BOUND('',#1994,.T.);
#1476=FACE_OUTER_BOUND('',#1995,.T.);
#1477=FACE_OUTER_BOUND('',#1996,.T.);
#1478=FACE_OUTER_BOUND('',#2047,.T.);
#1479=FACE_OUTER_BOUND('',#2098,.T.);
#1480=FACE_OUTER_BOUND('',#2099,.T.);
#1481=FACE_OUTER_BOUND('',#2100,.T.);
#1482=FACE_OUTER_BOUND('',#2101,.T.);
#1483=FACE_OUTER_BOUND('',#2102,.T.);
#1484=FACE_OUTER_BOUND('',#2103,.T.);
#1485=FACE_OUTER_BOUND('',#2104,.T.);
#1486=FACE_OUTER_BOUND('',#2105,.T.);
#1487=FACE_OUTER_BOUND('',#2106,.T.);
#1488=FACE_OUTER_BOUND('',#2107,.T.);
#1489=FACE_OUTER_BOUND('',#2108,.T.);
#1490=FACE_OUTER_BOUND('',#2109,.T.);
#1491=FACE_OUTER_BOUND('',#2110,.T.);
#1492=FACE_OUTER_BOUND('',#2111,.T.);
#1493=FACE_OUTER_BOUND('',#2112,.T.);
#1494=FACE_OUTER_BOUND('',#2113,.T.);
#1495=FACE_OUTER_BOUND('',#2114,.T.);
#1496=FACE_OUTER_BOUND('',#2115,.T.);
#1497=FACE_OUTER_BOUND('',#2116,.T.);
#1498=FACE_OUTER_BOUND('',#2117,.T.);
#1499=FACE_OUTER_BOUND('',#2118,.T.);
#1500=FACE_OUTER_BOUND('',#2119,.T.);
#1501=FACE_OUTER_BOUND('',#2120,.T.);
#1502=FACE_OUTER_BOUND('',#2121,.T.);
#1503=FACE_OUTER_BOUND('',#2122,.T.);
#1504=FACE_OUTER_BOUND('',#2123,.T.);
#1505=FACE_OUTER_BOUND('',#2124,.T.);
#1506=FACE_OUTER_BOUND('',#2125,.T.);
#1507=FACE_OUTER_BOUND('',#2126,.T.);
#1508=FACE_OUTER_BOUND('',#2127,.T.);
#1509=FACE_OUTER_BOUND('',#2128,.T.);
#1510=FACE_OUTER_BOUND('',#2129,.T.);
#1511=FACE_OUTER_BOUND('',#2130,.T.);
#1512=FACE_OUTER_BOUND('',#2131,.T.);
#1513=FACE_OUTER_BOUND('',#2132,.T.);
#1514=FACE_OUTER_BOUND('',#2133,.T.);
#1515=FACE_OUTER_BOUND('',#2134,.T.);
#1516=FACE_OUTER_BOUND('',#2135,.T.);
#1517=FACE_OUTER_BOUND('',#2136,.T.);
#1518=FACE_OUTER_BOUND('',#2137,.T.);
#1519=FACE_OUTER_BOUND('',#2138,.T.);
#1520=FACE_OUTER_BOUND('',#2139,.T.);
#1521=FACE_OUTER_BOUND('',#2140,.T.);
#1522=FACE_OUTER_BOUND('',#2141,.T.);
#1523=FACE_OUTER_BOUND('',#2142,.T.);
#1524=FACE_OUTER_BOUND('',#2143,.T.);
#1525=FACE_OUTER_BOUND('',#2144,.T.);
#1526=FACE_OUTER_BOUND('',#2145,.T.);
#1527=FACE_OUTER_BOUND('',#2146,.T.);
#1528=FACE_OUTER_BOUND('',#2147,.T.);
#1529=FACE_OUTER_BOUND('',#2148,.T.);
#1530=FACE_OUTER_BOUND('',#2149,.T.);
#1531=FACE_OUTER_BOUND('',#2150,.T.);
#1532=FACE_OUTER_BOUND('',#2151,.T.);
#1533=FACE_OUTER_BOUND('',#2152,.T.);
#1534=FACE_OUTER_BOUND('',#2153,.T.);
#1535=FACE_OUTER_BOUND('',#2154,.T.);
#1536=FACE_OUTER_BOUND('',#2155,.T.);
#1537=FACE_OUTER_BOUND('',#2156,.T.);
#1538=FACE_OUTER_BOUND('',#2157,.T.);
#1539=FACE_OUTER_BOUND('',#2158,.T.);
#1540=FACE_OUTER_BOUND('',#2171,.T.);
#1541=FACE_OUTER_BOUND('',#2172,.T.);
#1542=FACE_OUTER_BOUND('',#2173,.T.);
#1543=FACE_OUTER_BOUND('',#2174,.T.);
#1544=FACE_OUTER_BOUND('',#2175,.T.);
#1545=FACE_OUTER_BOUND('',#2176,.T.);
#1546=FACE_OUTER_BOUND('',#2177,.T.);
#1547=FACE_OUTER_BOUND('',#2178,.T.);
#1548=FACE_OUTER_BOUND('',#2179,.T.);
#1549=FACE_OUTER_BOUND('',#2180,.T.);
#1550=FACE_OUTER_BOUND('',#2181,.T.);
#1551=FACE_OUTER_BOUND('',#2182,.T.);
#1552=FACE_OUTER_BOUND('',#2183,.T.);
#1553=FACE_OUTER_BOUND('',#2184,.T.);
#1554=FACE_OUTER_BOUND('',#2185,.T.);
#1555=FACE_OUTER_BOUND('',#2186,.T.);
#1556=FACE_OUTER_BOUND('',#2187,.T.);
#1557=FACE_OUTER_BOUND('',#2188,.T.);
#1558=FACE_OUTER_BOUND('',#2189,.T.);
#1559=FACE_OUTER_BOUND('',#2190,.T.);
#1560=FACE_OUTER_BOUND('',#2191,.T.);
#1561=FACE_OUTER_BOUND('',#2192,.T.);
#1562=FACE_OUTER_BOUND('',#2193,.T.);
#1563=FACE_OUTER_BOUND('',#2194,.T.);
#1564=FACE_OUTER_BOUND('',#2195,.T.);
#1565=FACE_OUTER_BOUND('',#2196,.T.);
#1566=FACE_OUTER_BOUND('',#2197,.T.);
#1567=FACE_OUTER_BOUND('',#2198,.T.);
#1568=FACE_OUTER_BOUND('',#2199,.T.);
#1569=FACE_OUTER_BOUND('',#2200,.T.);
#1570=FACE_OUTER_BOUND('',#2201,.T.);
#1571=FACE_OUTER_BOUND('',#2202,.T.);
#1572=FACE_OUTER_BOUND('',#2203,.T.);
#1573=FACE_OUTER_BOUND('',#2204,.T.);
#1574=FACE_OUTER_BOUND('',#2205,.T.);
#1575=FACE_OUTER_BOUND('',#2206,.T.);
#1576=FACE_OUTER_BOUND('',#2207,.T.);
#1577=FACE_OUTER_BOUND('',#2208,.T.);
#1578=FACE_OUTER_BOUND('',#2209,.T.);
#1579=FACE_OUTER_BOUND('',#2210,.T.);
#1580=FACE_OUTER_BOUND('',#2211,.T.);
#1581=FACE_OUTER_BOUND('',#2212,.T.);
#1582=FACE_OUTER_BOUND('',#2213,.T.);
#1583=FACE_OUTER_BOUND('',#2226,.T.);
#1584=FACE_OUTER_BOUND('',#2227,.T.);
#1585=FACE_OUTER_BOUND('',#2228,.T.);
#1586=FACE_OUTER_BOUND('',#2229,.T.);
#1587=FACE_OUTER_BOUND('',#2230,.T.);
#1588=FACE_OUTER_BOUND('',#2232,.T.);
#1589=FACE_OUTER_BOUND('',#2233,.T.);
#1590=FACE_OUTER_BOUND('',#2235,.T.);
#1591=EDGE_LOOP('',(#5857,#5858,#5859,#5860));
#1592=EDGE_LOOP('',(#5861,#5862,#5863,#5864));
#1593=EDGE_LOOP('',(#5865,#5866,#5867,#5868));
#1594=EDGE_LOOP('',(#5869,#5870,#5871,#5872));
#1595=EDGE_LOOP('',(#5873,#5874,#5875,#5876));
#1596=EDGE_LOOP('',(#5877,#5878,#5879,#5880));
#1597=EDGE_LOOP('',(#5881,#5882,#5883,#5884));
#1598=EDGE_LOOP('',(#5885,#5886,#5887,#5888));
#1599=EDGE_LOOP('',(#5889,#5890,#5891,#5892));
#1600=EDGE_LOOP('',(#5893,#5894,#5895,#5896));
#1601=EDGE_LOOP('',(#5897,#5898,#5899,#5900));
#1602=EDGE_LOOP('',(#5901,#5902,#5903,#5904));
#1603=EDGE_LOOP('',(#5905,#5906,#5907,#5908));
#1604=EDGE_LOOP('',(#5909,#5910,#5911,#5912));
#1605=EDGE_LOOP('',(#5913,#5914,#5915,#5916));
#1606=EDGE_LOOP('',(#5917,#5918,#5919,#5920));
#1607=EDGE_LOOP('',(#5921,#5922,#5923,#5924,#5925,#5926,#5927,#5928,#5929,
#5930,#5931,#5932,#5933,#5934,#5935,#5936));
#1608=EDGE_LOOP('',(#5937,#5938,#5939,#5940));
#1609=EDGE_LOOP('',(#5941,#5942,#5943,#5944));
#1610=EDGE_LOOP('',(#5945,#5946,#5947,#5948));
#1611=EDGE_LOOP('',(#5949,#5950,#5951,#5952));
#1612=EDGE_LOOP('',(#5953,#5954,#5955,#5956));
#1613=EDGE_LOOP('',(#5957,#5958,#5959,#5960));
#1614=EDGE_LOOP('',(#5961,#5962,#5963,#5964));
#1615=EDGE_LOOP('',(#5965,#5966,#5967,#5968));
#1616=EDGE_LOOP('',(#5969,#5970,#5971,#5972));
#1617=EDGE_LOOP('',(#5973,#5974,#5975,#5976));
#1618=EDGE_LOOP('',(#5977,#5978,#5979,#5980));
#1619=EDGE_LOOP('',(#5981,#5982,#5983,#5984));
#1620=EDGE_LOOP('',(#5985,#5986,#5987,#5988,#5989,#5990,#5991,#5992,#5993,
#5994,#5995,#5996));
#1621=EDGE_LOOP('',(#5997,#5998,#5999,#6000));
#1622=EDGE_LOOP('',(#6001,#6002,#6003,#6004));
#1623=EDGE_LOOP('',(#6005,#6006,#6007,#6008));
#1624=EDGE_LOOP('',(#6009,#6010,#6011,#6012));
#1625=EDGE_LOOP('',(#6013,#6014,#6015,#6016));
#1626=EDGE_LOOP('',(#6017,#6018,#6019,#6020));
#1627=EDGE_LOOP('',(#6021,#6022,#6023,#6024));
#1628=EDGE_LOOP('',(#6025,#6026,#6027,#6028));
#1629=EDGE_LOOP('',(#6029,#6030,#6031,#6032));
#1630=EDGE_LOOP('',(#6033,#6034,#6035,#6036));
#1631=EDGE_LOOP('',(#6037,#6038,#6039,#6040));
#1632=EDGE_LOOP('',(#6041,#6042,#6043,#6044));
#1633=EDGE_LOOP('',(#6045,#6046,#6047,#6048));
#1634=EDGE_LOOP('',(#6049,#6050,#6051,#6052));
#1635=EDGE_LOOP('',(#6053,#6054,#6055,#6056));
#1636=EDGE_LOOP('',(#6057,#6058,#6059,#6060));
#1637=EDGE_LOOP('',(#6061,#6062,#6063,#6064));
#1638=EDGE_LOOP('',(#6065,#6066,#6067,#6068));
#1639=EDGE_LOOP('',(#6069,#6070,#6071,#6072));
#1640=EDGE_LOOP('',(#6073,#6074,#6075,#6076));
#1641=EDGE_LOOP('',(#6077,#6078,#6079,#6080));
#1642=EDGE_LOOP('',(#6081,#6082,#6083,#6084));
#1643=EDGE_LOOP('',(#6085,#6086,#6087,#6088));
#1644=EDGE_LOOP('',(#6089,#6090,#6091,#6092));
#1645=EDGE_LOOP('',(#6093,#6094,#6095,#6096));
#1646=EDGE_LOOP('',(#6097,#6098,#6099,#6100,#6101,#6102,#6103,#6104,#6105,
#6106,#6107,#6108,#6109,#6110,#6111,#6112,#6113,#6114,#6115,#6116));
#1647=EDGE_LOOP('',(#6117,#6118,#6119,#6120));
#1648=EDGE_LOOP('',(#6121,#6122,#6123,#6124));
#1649=EDGE_LOOP('',(#6125,#6126,#6127,#6128));
#1650=EDGE_LOOP('',(#6129,#6130,#6131,#6132));
#1651=EDGE_LOOP('',(#6133,#6134,#6135,#6136));
#1652=EDGE_LOOP('',(#6137,#6138,#6139,#6140));
#1653=EDGE_LOOP('',(#6141,#6142,#6143,#6144));
#1654=EDGE_LOOP('',(#6145,#6146,#6147,#6148));
#1655=EDGE_LOOP('',(#6149,#6150,#6151,#6152));
#1656=EDGE_LOOP('',(#6153,#6154,#6155,#6156));
#1657=EDGE_LOOP('',(#6157,#6158,#6159,#6160));
#1658=EDGE_LOOP('',(#6161,#6162,#6163,#6164));
#1659=EDGE_LOOP('',(#6165,#6166,#6167,#6168));
#1660=EDGE_LOOP('',(#6169,#6170,#6171,#6172,#6173,#6174,#6175,#6176,#6177,
#6178,#6179,#6180,#6181));
#1661=EDGE_LOOP('',(#6182,#6183,#6184,#6185));
#1662=EDGE_LOOP('',(#6186,#6187,#6188,#6189));
#1663=EDGE_LOOP('',(#6190,#6191,#6192,#6193));
#1664=EDGE_LOOP('',(#6194,#6195,#6196,#6197));
#1665=EDGE_LOOP('',(#6198,#6199,#6200,#6201));
#1666=EDGE_LOOP('',(#6202,#6203,#6204,#6205));
#1667=EDGE_LOOP('',(#6206,#6207,#6208,#6209));
#1668=EDGE_LOOP('',(#6210,#6211,#6212,#6213));
#1669=EDGE_LOOP('',(#6214,#6215,#6216,#6217));
#1670=EDGE_LOOP('',(#6218,#6219,#6220,#6221));
#1671=EDGE_LOOP('',(#6222,#6223,#6224,#6225));
#1672=EDGE_LOOP('',(#6226,#6227,#6228,#6229));
#1673=EDGE_LOOP('',(#6230,#6231,#6232,#6233));
#1674=EDGE_LOOP('',(#6234,#6235,#6236,#6237));
#1675=EDGE_LOOP('',(#6238,#6239,#6240,#6241));
#1676=EDGE_LOOP('',(#6242,#6243,#6244,#6245));
#1677=EDGE_LOOP('',(#6246,#6247,#6248,#6249));
#1678=EDGE_LOOP('',(#6250,#6251,#6252,#6253));
#1679=EDGE_LOOP('',(#6254,#6255,#6256,#6257));
#1680=EDGE_LOOP('',(#6258,#6259,#6260,#6261));
#1681=EDGE_LOOP('',(#6262,#6263,#6264,#6265));
#1682=EDGE_LOOP('',(#6266,#6267,#6268,#6269));
#1683=EDGE_LOOP('',(#6270,#6271,#6272,#6273));
#1684=EDGE_LOOP('',(#6274,#6275,#6276,#6277,#6278,#6279,#6280,#6281,#6282,
#6283,#6284,#6285,#6286,#6287,#6288,#6289,#6290,#6291,#6292,#6293,#6294,
#6295,#6296));
#1685=EDGE_LOOP('',(#6297,#6298,#6299,#6300));
#1686=EDGE_LOOP('',(#6301,#6302,#6303,#6304));
#1687=EDGE_LOOP('',(#6305,#6306,#6307,#6308));
#1688=EDGE_LOOP('',(#6309,#6310,#6311,#6312));
#1689=EDGE_LOOP('',(#6313,#6314,#6315,#6316));
#1690=EDGE_LOOP('',(#6317,#6318,#6319,#6320));
#1691=EDGE_LOOP('',(#6321,#6322,#6323,#6324));
#1692=EDGE_LOOP('',(#6325,#6326,#6327,#6328));
#1693=EDGE_LOOP('',(#6329,#6330,#6331,#6332));
#1694=EDGE_LOOP('',(#6333,#6334,#6335,#6336));
#1695=EDGE_LOOP('',(#6337,#6338,#6339,#6340));
#1696=EDGE_LOOP('',(#6341,#6342,#6343,#6344));
#1697=EDGE_LOOP('',(#6345,#6346,#6347,#6348));
#1698=EDGE_LOOP('',(#6349,#6350,#6351,#6352));
#1699=EDGE_LOOP('',(#6353,#6354,#6355,#6356));
#1700=EDGE_LOOP('',(#6357,#6358,#6359,#6360));
#1701=EDGE_LOOP('',(#6361,#6362,#6363,#6364,#6365,#6366,#6367,#6368));
#1702=EDGE_LOOP('',(#6369,#6370,#6371,#6372,#6373,#6374,#6375,#6376));
#1703=EDGE_LOOP('',(#6377,#6378,#6379,#6380));
#1704=EDGE_LOOP('',(#6381,#6382,#6383,#6384));
#1705=EDGE_LOOP('',(#6385,#6386,#6387,#6388));
#1706=EDGE_LOOP('',(#6389,#6390,#6391,#6392));
#1707=EDGE_LOOP('',(#6393,#6394,#6395,#6396));
#1708=EDGE_LOOP('',(#6397,#6398,#6399,#6400));
#1709=EDGE_LOOP('',(#6401,#6402,#6403,#6404));
#1710=EDGE_LOOP('',(#6405,#6406,#6407,#6408));
#1711=EDGE_LOOP('',(#6409,#6410,#6411,#6412));
#1712=EDGE_LOOP('',(#6413,#6414,#6415,#6416));
#1713=EDGE_LOOP('',(#6417,#6418,#6419,#6420));
#1714=EDGE_LOOP('',(#6421,#6422,#6423,#6424));
#1715=EDGE_LOOP('',(#6425,#6426,#6427,#6428));
#1716=EDGE_LOOP('',(#6429,#6430,#6431,#6432));
#1717=EDGE_LOOP('',(#6433,#6434,#6435,#6436));
#1718=EDGE_LOOP('',(#6437,#6438,#6439,#6440));
#1719=EDGE_LOOP('',(#6441,#6442,#6443,#6444));
#1720=EDGE_LOOP('',(#6445,#6446,#6447,#6448));
#1721=EDGE_LOOP('',(#6449,#6450,#6451,#6452));
#1722=EDGE_LOOP('',(#6453,#6454,#6455,#6456));
#1723=EDGE_LOOP('',(#6457,#6458,#6459,#6460));
#1724=EDGE_LOOP('',(#6461,#6462,#6463,#6464));
#1725=EDGE_LOOP('',(#6465,#6466,#6467,#6468));
#1726=EDGE_LOOP('',(#6469,#6470,#6471,#6472));
#1727=EDGE_LOOP('',(#6473,#6474,#6475,#6476));
#1728=EDGE_LOOP('',(#6477,#6478,#6479,#6480));
#1729=EDGE_LOOP('',(#6481,#6482,#6483,#6484));
#1730=EDGE_LOOP('',(#6485,#6486,#6487,#6488));
#1731=EDGE_LOOP('',(#6489,#6490,#6491,#6492));
#1732=EDGE_LOOP('',(#6493,#6494,#6495,#6496));
#1733=EDGE_LOOP('',(#6497,#6498,#6499,#6500));
#1734=EDGE_LOOP('',(#6501,#6502,#6503,#6504));
#1735=EDGE_LOOP('',(#6505,#6506,#6507,#6508));
#1736=EDGE_LOOP('',(#6509,#6510,#6511,#6512));
#1737=EDGE_LOOP('',(#6513,#6514,#6515,#6516));
#1738=EDGE_LOOP('',(#6517,#6518,#6519,#6520));
#1739=EDGE_LOOP('',(#6521,#6522,#6523,#6524,#6525,#6526,#6527,#6528,#6529,
#6530,#6531,#6532,#6533,#6534,#6535,#6536,#6537,#6538,#6539,#6540,#6541,
#6542,#6543,#6544,#6545,#6546,#6547));
#1740=EDGE_LOOP('',(#6548,#6549,#6550,#6551,#6552,#6553,#6554,#6555,#6556));
#1741=EDGE_LOOP('',(#6557,#6558,#6559,#6560));
#1742=EDGE_LOOP('',(#6561,#6562,#6563,#6564));
#1743=EDGE_LOOP('',(#6565,#6566,#6567,#6568));
#1744=EDGE_LOOP('',(#6569,#6570,#6571,#6572));
#1745=EDGE_LOOP('',(#6573,#6574,#6575,#6576));
#1746=EDGE_LOOP('',(#6577,#6578,#6579,#6580));
#1747=EDGE_LOOP('',(#6581,#6582,#6583,#6584));
#1748=EDGE_LOOP('',(#6585,#6586,#6587,#6588));
#1749=EDGE_LOOP('',(#6589,#6590,#6591,#6592));
#1750=EDGE_LOOP('',(#6593,#6594,#6595,#6596));
#1751=EDGE_LOOP('',(#6597,#6598,#6599,#6600));
#1752=EDGE_LOOP('',(#6601,#6602,#6603,#6604));
#1753=EDGE_LOOP('',(#6605,#6606,#6607,#6608));
#1754=EDGE_LOOP('',(#6609,#6610,#6611,#6612));
#1755=EDGE_LOOP('',(#6613,#6614,#6615,#6616));
#1756=EDGE_LOOP('',(#6617,#6618,#6619,#6620));
#1757=EDGE_LOOP('',(#6621,#6622,#6623,#6624));
#1758=EDGE_LOOP('',(#6625,#6626,#6627,#6628));
#1759=EDGE_LOOP('',(#6629,#6630,#6631,#6632));
#1760=EDGE_LOOP('',(#6633,#6634,#6635,#6636));
#1761=EDGE_LOOP('',(#6637,#6638,#6639,#6640));
#1762=EDGE_LOOP('',(#6641,#6642,#6643,#6644,#6645,#6646,#6647,#6648,#6649,
#6650,#6651,#6652,#6653));
#1763=EDGE_LOOP('',(#6654,#6655,#6656,#6657,#6658,#6659,#6660,#6661));
#1764=EDGE_LOOP('',(#6662,#6663,#6664,#6665));
#1765=EDGE_LOOP('',(#6666,#6667,#6668,#6669));
#1766=EDGE_LOOP('',(#6670,#6671,#6672,#6673));
#1767=EDGE_LOOP('',(#6674,#6675,#6676,#6677));
#1768=EDGE_LOOP('',(#6678,#6679,#6680,#6681));
#1769=EDGE_LOOP('',(#6682,#6683,#6684,#6685));
#1770=EDGE_LOOP('',(#6686,#6687,#6688,#6689));
#1771=EDGE_LOOP('',(#6690,#6691,#6692,#6693));
#1772=EDGE_LOOP('',(#6694,#6695,#6696,#6697));
#1773=EDGE_LOOP('',(#6698,#6699,#6700,#6701));
#1774=EDGE_LOOP('',(#6702,#6703,#6704,#6705));
#1775=EDGE_LOOP('',(#6706,#6707,#6708,#6709));
#1776=EDGE_LOOP('',(#6710,#6711,#6712,#6713,#6714,#6715,#6716,#6717,#6718,
#6719,#6720,#6721));
#1777=EDGE_LOOP('',(#6722,#6723,#6724,#6725));
#1778=EDGE_LOOP('',(#6726,#6727,#6728,#6729));
#1779=EDGE_LOOP('',(#6730,#6731,#6732,#6733));
#1780=EDGE_LOOP('',(#6734,#6735,#6736,#6737));
#1781=EDGE_LOOP('',(#6738,#6739,#6740,#6741));
#1782=EDGE_LOOP('',(#6742,#6743,#6744,#6745));
#1783=EDGE_LOOP('',(#6746,#6747,#6748,#6749));
#1784=EDGE_LOOP('',(#6750,#6751,#6752,#6753));
#1785=EDGE_LOOP('',(#6754,#6755,#6756,#6757));
#1786=EDGE_LOOP('',(#6758,#6759,#6760,#6761));
#1787=EDGE_LOOP('',(#6762,#6763,#6764,#6765));
#1788=EDGE_LOOP('',(#6766,#6767,#6768,#6769));
#1789=EDGE_LOOP('',(#6770,#6771,#6772,#6773));
#1790=EDGE_LOOP('',(#6774,#6775,#6776,#6777));
#1791=EDGE_LOOP('',(#6778,#6779,#6780,#6781));
#1792=EDGE_LOOP('',(#6782,#6783,#6784,#6785));
#1793=EDGE_LOOP('',(#6786,#6787,#6788,#6789));
#1794=EDGE_LOOP('',(#6790,#6791,#6792,#6793));
#1795=EDGE_LOOP('',(#6794,#6795,#6796,#6797));
#1796=EDGE_LOOP('',(#6798,#6799,#6800,#6801));
#1797=EDGE_LOOP('',(#6802,#6803,#6804,#6805));
#1798=EDGE_LOOP('',(#6806,#6807,#6808,#6809));
#1799=EDGE_LOOP('',(#6810,#6811,#6812,#6813));
#1800=EDGE_LOOP('',(#6814,#6815,#6816,#6817));
#1801=EDGE_LOOP('',(#6818,#6819,#6820,#6821));
#1802=EDGE_LOOP('',(#6822,#6823,#6824,#6825));
#1803=EDGE_LOOP('',(#6826,#6827,#6828,#6829));
#1804=EDGE_LOOP('',(#6830,#6831,#6832,#6833));
#1805=EDGE_LOOP('',(#6834,#6835,#6836,#6837));
#1806=EDGE_LOOP('',(#6838,#6839,#6840,#6841));
#1807=EDGE_LOOP('',(#6842,#6843,#6844,#6845));
#1808=EDGE_LOOP('',(#6846,#6847,#6848,#6849));
#1809=EDGE_LOOP('',(#6850,#6851,#6852,#6853));
#1810=EDGE_LOOP('',(#6854,#6855,#6856,#6857));
#1811=EDGE_LOOP('',(#6858,#6859,#6860,#6861));
#1812=EDGE_LOOP('',(#6862,#6863,#6864,#6865));
#1813=EDGE_LOOP('',(#6866,#6867,#6868,#6869,#6870,#6871,#6872,#6873,#6874,
#6875,#6876,#6877,#6878,#6879,#6880,#6881,#6882,#6883,#6884,#6885,#6886,
#6887,#6888,#6889,#6890,#6891,#6892));
#1814=EDGE_LOOP('',(#6893,#6894,#6895,#6896,#6897,#6898,#6899,#6900,#6901));
#1815=EDGE_LOOP('',(#6902,#6903,#6904,#6905));
#1816=EDGE_LOOP('',(#6906,#6907,#6908,#6909));
#1817=EDGE_LOOP('',(#6910,#6911,#6912,#6913));
#1818=EDGE_LOOP('',(#6914,#6915,#6916,#6917));
#1819=EDGE_LOOP('',(#6918,#6919,#6920,#6921));
#1820=EDGE_LOOP('',(#6922,#6923,#6924,#6925));
#1821=EDGE_LOOP('',(#6926,#6927,#6928,#6929));
#1822=EDGE_LOOP('',(#6930,#6931,#6932,#6933));
#1823=EDGE_LOOP('',(#6934,#6935,#6936,#6937));
#1824=EDGE_LOOP('',(#6938,#6939,#6940,#6941));
#1825=EDGE_LOOP('',(#6942,#6943,#6944,#6945));
#1826=EDGE_LOOP('',(#6946,#6947,#6948,#6949));
#1827=EDGE_LOOP('',(#6950,#6951,#6952,#6953));
#1828=EDGE_LOOP('',(#6954,#6955,#6956,#6957));
#1829=EDGE_LOOP('',(#6958,#6959,#6960,#6961));
#1830=EDGE_LOOP('',(#6962,#6963,#6964,#6965));
#1831=EDGE_LOOP('',(#6966,#6967,#6968,#6969));
#1832=EDGE_LOOP('',(#6970,#6971,#6972,#6973));
#1833=EDGE_LOOP('',(#6974,#6975,#6976,#6977));
#1834=EDGE_LOOP('',(#6978,#6979,#6980,#6981));
#1835=EDGE_LOOP('',(#6982,#6983,#6984,#6985));
#1836=EDGE_LOOP('',(#6986,#6987,#6988,#6989,#6990,#6991,#6992,#6993,#6994,
#6995,#6996,#6997,#6998));
#1837=EDGE_LOOP('',(#6999,#7000,#7001,#7002,#7003,#7004,#7005,#7006));
#1838=EDGE_LOOP('',(#7007,#7008,#7009,#7010));
#1839=EDGE_LOOP('',(#7011,#7012,#7013,#7014));
#1840=EDGE_LOOP('',(#7015,#7016,#7017,#7018));
#1841=EDGE_LOOP('',(#7019,#7020,#7021,#7022));
#1842=EDGE_LOOP('',(#7023,#7024,#7025,#7026));
#1843=EDGE_LOOP('',(#7027,#7028,#7029,#7030));
#1844=EDGE_LOOP('',(#7031,#7032,#7033,#7034));
#1845=EDGE_LOOP('',(#7035,#7036,#7037,#7038));
#1846=EDGE_LOOP('',(#7039,#7040,#7041,#7042));
#1847=EDGE_LOOP('',(#7043,#7044,#7045,#7046));
#1848=EDGE_LOOP('',(#7047,#7048,#7049,#7050));
#1849=EDGE_LOOP('',(#7051,#7052,#7053,#7054));
#1850=EDGE_LOOP('',(#7055,#7056,#7057,#7058));
#1851=EDGE_LOOP('',(#7059,#7060,#7061,#7062));
#1852=EDGE_LOOP('',(#7063,#7064,#7065,#7066));
#1853=EDGE_LOOP('',(#7067,#7068,#7069,#7070));
#1854=EDGE_LOOP('',(#7071,#7072,#7073,#7074));
#1855=EDGE_LOOP('',(#7075,#7076,#7077,#7078,#7079,#7080,#7081,#7082,#7083,
#7084,#7085,#7086));
#1856=EDGE_LOOP('',(#7087,#7088,#7089,#7090));
#1857=EDGE_LOOP('',(#7091,#7092,#7093,#7094));
#1858=EDGE_LOOP('',(#7095,#7096,#7097,#7098));
#1859=EDGE_LOOP('',(#7099,#7100,#7101,#7102));
#1860=EDGE_LOOP('',(#7103,#7104,#7105,#7106));
#1861=EDGE_LOOP('',(#7107,#7108,#7109,#7110));
#1862=EDGE_LOOP('',(#7111,#7112,#7113,#7114));
#1863=EDGE_LOOP('',(#7115,#7116,#7117,#7118));
#1864=EDGE_LOOP('',(#7119,#7120,#7121,#7122));
#1865=EDGE_LOOP('',(#7123,#7124,#7125,#7126));
#1866=EDGE_LOOP('',(#7127,#7128,#7129,#7130));
#1867=EDGE_LOOP('',(#7131,#7132,#7133,#7134));
#1868=EDGE_LOOP('',(#7135,#7136,#7137,#7138));
#1869=EDGE_LOOP('',(#7139,#7140,#7141,#7142));
#1870=EDGE_LOOP('',(#7143,#7144,#7145,#7146));
#1871=EDGE_LOOP('',(#7147,#7148,#7149,#7150));
#1872=EDGE_LOOP('',(#7151,#7152,#7153,#7154));
#1873=EDGE_LOOP('',(#7155,#7156,#7157,#7158));
#1874=EDGE_LOOP('',(#7159,#7160,#7161,#7162));
#1875=EDGE_LOOP('',(#7163,#7164,#7165,#7166));
#1876=EDGE_LOOP('',(#7167,#7168,#7169,#7170));
#1877=EDGE_LOOP('',(#7171,#7172,#7173,#7174));
#1878=EDGE_LOOP('',(#7175,#7176,#7177,#7178,#7179,#7180,#7181,#7182,#7183,
#7184,#7185,#7186,#7187,#7188,#7189,#7190,#7191));
#1879=EDGE_LOOP('',(#7192,#7193,#7194,#7195,#7196));
#1880=EDGE_LOOP('',(#7197,#7198,#7199,#7200));
#1881=EDGE_LOOP('',(#7201,#7202,#7203,#7204));
#1882=EDGE_LOOP('',(#7205,#7206,#7207,#7208));
#1883=EDGE_LOOP('',(#7209,#7210,#7211,#7212));
#1884=EDGE_LOOP('',(#7213,#7214,#7215,#7216));
#1885=EDGE_LOOP('',(#7217,#7218,#7219,#7220));
#1886=EDGE_LOOP('',(#7221,#7222,#7223,#7224));
#1887=EDGE_LOOP('',(#7225,#7226,#7227,#7228));
#1888=EDGE_LOOP('',(#7229,#7230,#7231,#7232));
#1889=EDGE_LOOP('',(#7233,#7234,#7235,#7236));
#1890=EDGE_LOOP('',(#7237,#7238,#7239,#7240));
#1891=EDGE_LOOP('',(#7241,#7242,#7243,#7244));
#1892=EDGE_LOOP('',(#7245,#7246,#7247,#7248));
#1893=EDGE_LOOP('',(#7249,#7250,#7251,#7252));
#1894=EDGE_LOOP('',(#7253,#7254,#7255,#7256));
#1895=EDGE_LOOP('',(#7257,#7258,#7259,#7260));
#1896=EDGE_LOOP('',(#7261,#7262,#7263,#7264));
#1897=EDGE_LOOP('',(#7265,#7266,#7267,#7268));
#1898=EDGE_LOOP('',(#7269,#7270,#7271,#7272));
#1899=EDGE_LOOP('',(#7273,#7274,#7275,#7276));
#1900=EDGE_LOOP('',(#7277,#7278,#7279,#7280));
#1901=EDGE_LOOP('',(#7281,#7282,#7283,#7284));
#1902=EDGE_LOOP('',(#7285,#7286,#7287,#7288));
#1903=EDGE_LOOP('',(#7289,#7290,#7291,#7292));
#1904=EDGE_LOOP('',(#7293,#7294,#7295,#7296));
#1905=EDGE_LOOP('',(#7297,#7298,#7299,#7300));
#1906=EDGE_LOOP('',(#7301,#7302,#7303,#7304));
#1907=EDGE_LOOP('',(#7305,#7306,#7307,#7308));
#1908=EDGE_LOOP('',(#7309,#7310,#7311,#7312));
#1909=EDGE_LOOP('',(#7313,#7314,#7315,#7316,#7317,#7318,#7319,#7320,#7321,
#7322,#7323,#7324,#7325,#7326,#7327,#7328,#7329,#7330,#7331,#7332,#7333,
#7334,#7335,#7336,#7337,#7338,#7339,#7340,#7341));
#1910=EDGE_LOOP('',(#7342,#7343,#7344,#7345,#7346,#7347,#7348,#7349));
#1911=EDGE_LOOP('',(#7350,#7351,#7352,#7353,#7354,#7355,#7356,#7357,#7358,
#7359,#7360,#7361,#7362,#7363,#7364,#7365));
#1912=EDGE_LOOP('',(#7366,#7367,#7368,#7369,#7370,#7371,#7372,#7373,#7374,
#7375,#7376,#7377));
#1913=EDGE_LOOP('',(#7378,#7379,#7380,#7381));
#1914=EDGE_LOOP('',(#7382,#7383,#7384,#7385,#7386,#7387,#7388,#7389,#7390,
#7391,#7392,#7393,#7394,#7395,#7396,#7397,#7398,#7399,#7400,#7401));
#1915=EDGE_LOOP('',(#7402,#7403,#7404,#7405,#7406,#7407,#7408,#7409,#7410,
#7411,#7412,#7413,#7414));
#1916=EDGE_LOOP('',(#7415,#7416,#7417,#7418,#7419,#7420,#7421,#7422,#7423,
#7424,#7425,#7426,#7427,#7428,#7429,#7430,#7431,#7432,#7433,#7434,#7435,
#7436,#7437));
#1917=EDGE_LOOP('',(#7438,#7439,#7440,#7441,#7442,#7443,#7444,#7445));
#1918=EDGE_LOOP('',(#7446,#7447,#7448,#7449,#7450,#7451,#7452,#7453,#7454,
#7455,#7456,#7457,#7458,#7459,#7460,#7461,#7462,#7463,#7464,#7465,#7466,
#7467,#7468,#7469,#7470,#7471,#7472));
#1919=EDGE_LOOP('',(#7473,#7474,#7475,#7476,#7477,#7478,#7479,#7480,#7481,
#7482,#7483,#7484,#7485));
#1920=EDGE_LOOP('',(#7486,#7487,#7488,#7489,#7490,#7491,#7492,#7493,#7494,
#7495,#7496,#7497));
#1921=EDGE_LOOP('',(#7498,#7499,#7500,#7501,#7502,#7503,#7504,#7505,#7506,
#7507,#7508,#7509,#7510,#7511,#7512,#7513,#7514,#7515,#7516,#7517,#7518,
#7519,#7520,#7521,#7522,#7523,#7524));
#1922=EDGE_LOOP('',(#7525,#7526,#7527,#7528,#7529,#7530,#7531,#7532,#7533,
#7534,#7535,#7536,#7537));
#1923=EDGE_LOOP('',(#7538,#7539,#7540,#7541));
#1924=EDGE_LOOP('',(#7542,#7543,#7544,#7545,#7546,#7547,#7548,#7549,#7550,
#7551,#7552,#7553));
#1925=EDGE_LOOP('',(#7554,#7555,#7556,#7557,#7558,#7559,#7560,#7561,#7562,
#7563,#7564,#7565,#7566,#7567,#7568,#7569,#7570));
#1926=EDGE_LOOP('',(#7571,#7572,#7573,#7574,#7575,#7576,#7577,#7578,#7579,
#7580,#7581,#7582,#7583,#7584,#7585,#7586,#7587,#7588,#7589,#7590,#7591,
#7592,#7593,#7594,#7595,#7596,#7597,#7598,#7599));
#1927=EDGE_LOOP('',(#7600));
#1928=EDGE_LOOP('',(#7601));
#1929=EDGE_LOOP('',(#7602));
#1930=EDGE_LOOP('',(#7603));
#1931=EDGE_LOOP('',(#7604,#7605,#7606,#7607,#7608));
#1932=EDGE_LOOP('',(#7609,#7610,#7611,#7612,#7613,#7614,#7615,#7616));
#1933=EDGE_LOOP('',(#7617,#7618,#7619,#7620,#7621,#7622,#7623,#7624,#7625));
#1934=EDGE_LOOP('',(#7626,#7627,#7628,#7629,#7630,#7631,#7632,#7633));
#1935=EDGE_LOOP('',(#7634,#7635,#7636,#7637,#7638,#7639,#7640,#7641,#7642));
#1936=EDGE_LOOP('',(#7643,#7644,#7645,#7646));
#1937=EDGE_LOOP('',(#7647,#7648,#7649,#7650,#7651,#7652,#7653,#7654));
#1938=EDGE_LOOP('',(#7655,#7656,#7657,#7658));
#1939=EDGE_LOOP('',(#7659,#7660,#7661,#7662));
#1940=EDGE_LOOP('',(#7663,#7664,#7665,#7666));
#1941=EDGE_LOOP('',(#7667));
#1942=EDGE_LOOP('',(#7668));
#1943=EDGE_LOOP('',(#7669,#7670,#7671,#7672));
#1944=EDGE_LOOP('',(#7673,#7674,#7675,#7676,#7677,#7678,#7679,#7680,#7681,
#7682,#7683,#7684,#7685,#7686,#7687,#7688));
#1945=EDGE_LOOP('',(#7689));
#1946=EDGE_LOOP('',(#7690));
#1947=EDGE_LOOP('',(#7691));
#1948=EDGE_LOOP('',(#7692));
#1949=EDGE_LOOP('',(#7693,#7694,#7695,#7696));
#1950=EDGE_LOOP('',(#7697,#7698,#7699,#7700));
#1951=EDGE_LOOP('',(#7701,#7702,#7703,#7704));
#1952=EDGE_LOOP('',(#7705,#7706,#7707,#7708));
#1953=EDGE_LOOP('',(#7709,#7710,#7711,#7712));
#1954=EDGE_LOOP('',(#7713,#7714,#7715,#7716));
#1955=EDGE_LOOP('',(#7717,#7718,#7719,#7720,#7721,#7722,#7723,#7724));
#1956=EDGE_LOOP('',(#7725,#7726,#7727,#7728));
#1957=EDGE_LOOP('',(#7729,#7730,#7731,#7732,#7733,#7734,#7735,#7736));
#1958=EDGE_LOOP('',(#7737,#7738,#7739,#7740));
#1959=EDGE_LOOP('',(#7741,#7742,#7743,#7744));
#1960=EDGE_LOOP('',(#7745,#7746,#7747,#7748));
#1961=EDGE_LOOP('',(#7749,#7750,#7751,#7752));
#1962=EDGE_LOOP('',(#7753,#7754,#7755,#7756));
#1963=EDGE_LOOP('',(#7757,#7758,#7759,#7760));
#1964=EDGE_LOOP('',(#7761,#7762,#7763,#7764));
#1965=EDGE_LOOP('',(#7765,#7766,#7767,#7768));
#1966=EDGE_LOOP('',(#7769));
#1967=EDGE_LOOP('',(#7770));
#1968=EDGE_LOOP('',(#7771,#7772,#7773,#7774));
#1969=EDGE_LOOP('',(#7775));
#1970=EDGE_LOOP('',(#7776));
#1971=EDGE_LOOP('',(#7777,#7778,#7779,#7780));
#1972=EDGE_LOOP('',(#7781));
#1973=EDGE_LOOP('',(#7782));
#1974=EDGE_LOOP('',(#7783,#7784,#7785,#7786));
#1975=EDGE_LOOP('',(#7787,#7788,#7789,#7790));
#1976=EDGE_LOOP('',(#7791,#7792,#7793,#7794));
#1977=EDGE_LOOP('',(#7795));
#1978=EDGE_LOOP('',(#7796));
#1979=EDGE_LOOP('',(#7797));
#1980=EDGE_LOOP('',(#7798));
#1981=EDGE_LOOP('',(#7799,#7800,#7801,#7802));
#1982=EDGE_LOOP('',(#7803,#7804,#7805,#7806));
#1983=EDGE_LOOP('',(#7807));
#1984=EDGE_LOOP('',(#7808));
#1985=EDGE_LOOP('',(#7809));
#1986=EDGE_LOOP('',(#7810));
#1987=EDGE_LOOP('',(#7811));
#1988=EDGE_LOOP('',(#7812));
#1989=EDGE_LOOP('',(#7813,#7814,#7815,#7816));
#1990=EDGE_LOOP('',(#7817,#7818,#7819,#7820));
#1991=EDGE_LOOP('',(#7821));
#1992=EDGE_LOOP('',(#7822));
#1993=EDGE_LOOP('',(#7823,#7824,#7825,#7826));
#1994=EDGE_LOOP('',(#7827,#7828,#7829,#7830));
#1995=EDGE_LOOP('',(#7831,#7832,#7833,#7834));
#1996=EDGE_LOOP('',(#7835,#7836,#7837,#7838));
#1997=EDGE_LOOP('',(#7839));
#1998=EDGE_LOOP('',(#7840));
#1999=EDGE_LOOP('',(#7841));
#2000=EDGE_LOOP('',(#7842));
#2001=EDGE_LOOP('',(#7843));
#2002=EDGE_LOOP('',(#7844));
#2003=EDGE_LOOP('',(#7845));
#2004=EDGE_LOOP('',(#7846));
#2005=EDGE_LOOP('',(#7847));
#2006=EDGE_LOOP('',(#7848));
#2007=EDGE_LOOP('',(#7849));
#2008=EDGE_LOOP('',(#7850));
#2009=EDGE_LOOP('',(#7851));
#2010=EDGE_LOOP('',(#7852));
#2011=EDGE_LOOP('',(#7853));
#2012=EDGE_LOOP('',(#7854));
#2013=EDGE_LOOP('',(#7855));
#2014=EDGE_LOOP('',(#7856));
#2015=EDGE_LOOP('',(#7857));
#2016=EDGE_LOOP('',(#7858));
#2017=EDGE_LOOP('',(#7859));
#2018=EDGE_LOOP('',(#7860));
#2019=EDGE_LOOP('',(#7861));
#2020=EDGE_LOOP('',(#7862));
#2021=EDGE_LOOP('',(#7863));
#2022=EDGE_LOOP('',(#7864));
#2023=EDGE_LOOP('',(#7865));
#2024=EDGE_LOOP('',(#7866));
#2025=EDGE_LOOP('',(#7867));
#2026=EDGE_LOOP('',(#7868));
#2027=EDGE_LOOP('',(#7869));
#2028=EDGE_LOOP('',(#7870));
#2029=EDGE_LOOP('',(#7871));
#2030=EDGE_LOOP('',(#7872,#7873,#7874,#7875));
#2031=EDGE_LOOP('',(#7876));
#2032=EDGE_LOOP('',(#7877));
#2033=EDGE_LOOP('',(#7878));
#2034=EDGE_LOOP('',(#7879));
#2035=EDGE_LOOP('',(#7880));
#2036=EDGE_LOOP('',(#7881));
#2037=EDGE_LOOP('',(#7882));
#2038=EDGE_LOOP('',(#7883));
#2039=EDGE_LOOP('',(#7884));
#2040=EDGE_LOOP('',(#7885));
#2041=EDGE_LOOP('',(#7886));
#2042=EDGE_LOOP('',(#7887,#7888,#7889,#7890));
#2043=EDGE_LOOP('',(#7891));
#2044=EDGE_LOOP('',(#7892));
#2045=EDGE_LOOP('',(#7893));
#2046=EDGE_LOOP('',(#7894));
#2047=EDGE_LOOP('',(#7895,#7896,#7897,#7898));
#2048=EDGE_LOOP('',(#7899));
#2049=EDGE_LOOP('',(#7900));
#2050=EDGE_LOOP('',(#7901));
#2051=EDGE_LOOP('',(#7902));
#2052=EDGE_LOOP('',(#7903));
#2053=EDGE_LOOP('',(#7904));
#2054=EDGE_LOOP('',(#7905));
#2055=EDGE_LOOP('',(#7906));
#2056=EDGE_LOOP('',(#7907));
#2057=EDGE_LOOP('',(#7908));
#2058=EDGE_LOOP('',(#7909));
#2059=EDGE_LOOP('',(#7910));
#2060=EDGE_LOOP('',(#7911));
#2061=EDGE_LOOP('',(#7912));
#2062=EDGE_LOOP('',(#7913));
#2063=EDGE_LOOP('',(#7914));
#2064=EDGE_LOOP('',(#7915));
#2065=EDGE_LOOP('',(#7916));
#2066=EDGE_LOOP('',(#7917));
#2067=EDGE_LOOP('',(#7918));
#2068=EDGE_LOOP('',(#7919));
#2069=EDGE_LOOP('',(#7920));
#2070=EDGE_LOOP('',(#7921));
#2071=EDGE_LOOP('',(#7922));
#2072=EDGE_LOOP('',(#7923));
#2073=EDGE_LOOP('',(#7924));
#2074=EDGE_LOOP('',(#7925));
#2075=EDGE_LOOP('',(#7926));
#2076=EDGE_LOOP('',(#7927));
#2077=EDGE_LOOP('',(#7928));
#2078=EDGE_LOOP('',(#7929));
#2079=EDGE_LOOP('',(#7930));
#2080=EDGE_LOOP('',(#7931));
#2081=EDGE_LOOP('',(#7932,#7933,#7934,#7935));
#2082=EDGE_LOOP('',(#7936));
#2083=EDGE_LOOP('',(#7937));
#2084=EDGE_LOOP('',(#7938));
#2085=EDGE_LOOP('',(#7939));
#2086=EDGE_LOOP('',(#7940));
#2087=EDGE_LOOP('',(#7941));
#2088=EDGE_LOOP('',(#7942));
#2089=EDGE_LOOP('',(#7943));
#2090=EDGE_LOOP('',(#7944));
#2091=EDGE_LOOP('',(#7945));
#2092=EDGE_LOOP('',(#7946));
#2093=EDGE_LOOP('',(#7947,#7948,#7949,#7950));
#2094=EDGE_LOOP('',(#7951));
#2095=EDGE_LOOP('',(#7952));
#2096=EDGE_LOOP('',(#7953));
#2097=EDGE_LOOP('',(#7954));
#2098=EDGE_LOOP('',(#7955,#7956,#7957,#7958));
#2099=EDGE_LOOP('',(#7959,#7960,#7961,#7962));
#2100=EDGE_LOOP('',(#7963,#7964,#7965,#7966));
#2101=EDGE_LOOP('',(#7967,#7968,#7969,#7970));
#2102=EDGE_LOOP('',(#7971,#7972,#7973,#7974));
#2103=EDGE_LOOP('',(#7975,#7976,#7977,#7978));
#2104=EDGE_LOOP('',(#7979,#7980,#7981,#7982));
#2105=EDGE_LOOP('',(#7983,#7984,#7985,#7986));
#2106=EDGE_LOOP('',(#7987,#7988,#7989,#7990));
#2107=EDGE_LOOP('',(#7991,#7992,#7993,#7994));
#2108=EDGE_LOOP('',(#7995,#7996,#7997,#7998));
#2109=EDGE_LOOP('',(#7999,#8000,#8001,#8002));
#2110=EDGE_LOOP('',(#8003,#8004,#8005,#8006));
#2111=EDGE_LOOP('',(#8007,#8008,#8009,#8010));
#2112=EDGE_LOOP('',(#8011,#8012,#8013,#8014));
#2113=EDGE_LOOP('',(#8015,#8016,#8017,#8018));
#2114=EDGE_LOOP('',(#8019,#8020,#8021,#8022));
#2115=EDGE_LOOP('',(#8023,#8024,#8025,#8026));
#2116=EDGE_LOOP('',(#8027,#8028,#8029,#8030));
#2117=EDGE_LOOP('',(#8031,#8032,#8033,#8034));
#2118=EDGE_LOOP('',(#8035,#8036,#8037,#8038));
#2119=EDGE_LOOP('',(#8039,#8040,#8041,#8042));
#2120=EDGE_LOOP('',(#8043,#8044,#8045,#8046));
#2121=EDGE_LOOP('',(#8047,#8048,#8049,#8050));
#2122=EDGE_LOOP('',(#8051,#8052,#8053,#8054));
#2123=EDGE_LOOP('',(#8055,#8056,#8057,#8058));
#2124=EDGE_LOOP('',(#8059,#8060,#8061,#8062));
#2125=EDGE_LOOP('',(#8063,#8064,#8065,#8066));
#2126=EDGE_LOOP('',(#8067,#8068,#8069,#8070));
#2127=EDGE_LOOP('',(#8071,#8072,#8073,#8074));
#2128=EDGE_LOOP('',(#8075,#8076,#8077,#8078));
#2129=EDGE_LOOP('',(#8079,#8080,#8081,#8082));
#2130=EDGE_LOOP('',(#8083,#8084,#8085,#8086));
#2131=EDGE_LOOP('',(#8087,#8088,#8089,#8090));
#2132=EDGE_LOOP('',(#8091,#8092,#8093,#8094));
#2133=EDGE_LOOP('',(#8095,#8096,#8097,#8098));
#2134=EDGE_LOOP('',(#8099,#8100,#8101,#8102));
#2135=EDGE_LOOP('',(#8103,#8104,#8105,#8106));
#2136=EDGE_LOOP('',(#8107,#8108,#8109,#8110));
#2137=EDGE_LOOP('',(#8111,#8112,#8113,#8114));
#2138=EDGE_LOOP('',(#8115,#8116,#8117,#8118));
#2139=EDGE_LOOP('',(#8119,#8120,#8121,#8122));
#2140=EDGE_LOOP('',(#8123,#8124,#8125,#8126));
#2141=EDGE_LOOP('',(#8127,#8128,#8129,#8130));
#2142=EDGE_LOOP('',(#8131,#8132,#8133,#8134));
#2143=EDGE_LOOP('',(#8135,#8136,#8137,#8138));
#2144=EDGE_LOOP('',(#8139,#8140,#8141,#8142));
#2145=EDGE_LOOP('',(#8143,#8144,#8145,#8146));
#2146=EDGE_LOOP('',(#8147,#8148,#8149,#8150));
#2147=EDGE_LOOP('',(#8151,#8152,#8153,#8154));
#2148=EDGE_LOOP('',(#8155,#8156,#8157,#8158));
#2149=EDGE_LOOP('',(#8159,#8160,#8161,#8162));
#2150=EDGE_LOOP('',(#8163,#8164,#8165,#8166));
#2151=EDGE_LOOP('',(#8167,#8168,#8169,#8170));
#2152=EDGE_LOOP('',(#8171,#8172,#8173,#8174));
#2153=EDGE_LOOP('',(#8175,#8176,#8177,#8178));
#2154=EDGE_LOOP('',(#8179,#8180,#8181,#8182));
#2155=EDGE_LOOP('',(#8183,#8184,#8185,#8186));
#2156=EDGE_LOOP('',(#8187,#8188,#8189,#8190));
#2157=EDGE_LOOP('',(#8191,#8192,#8193,#8194));
#2158=EDGE_LOOP('',(#8195,#8196,#8197,#8198,#8199,#8200,#8201,#8202,#8203,
#8204,#8205,#8206));
#2159=EDGE_LOOP('',(#8207));
#2160=EDGE_LOOP('',(#8208,#8209,#8210,#8211));
#2161=EDGE_LOOP('',(#8212,#8213,#8214,#8215));
#2162=EDGE_LOOP('',(#8216,#8217,#8218,#8219));
#2163=EDGE_LOOP('',(#8220,#8221,#8222,#8223));
#2164=EDGE_LOOP('',(#8224,#8225,#8226,#8227));
#2165=EDGE_LOOP('',(#8228,#8229,#8230,#8231));
#2166=EDGE_LOOP('',(#8232,#8233,#8234,#8235));
#2167=EDGE_LOOP('',(#8236));
#2168=EDGE_LOOP('',(#8237));
#2169=EDGE_LOOP('',(#8238));
#2170=EDGE_LOOP('',(#8239));
#2171=EDGE_LOOP('',(#8240,#8241,#8242,#8243));
#2172=EDGE_LOOP('',(#8244,#8245,#8246,#8247));
#2173=EDGE_LOOP('',(#8248,#8249,#8250,#8251));
#2174=EDGE_LOOP('',(#8252,#8253,#8254,#8255));
#2175=EDGE_LOOP('',(#8256,#8257,#8258,#8259));
#2176=EDGE_LOOP('',(#8260,#8261,#8262,#8263));
#2177=EDGE_LOOP('',(#8264,#8265,#8266,#8267));
#2178=EDGE_LOOP('',(#8268,#8269,#8270,#8271));
#2179=EDGE_LOOP('',(#8272,#8273,#8274,#8275));
#2180=EDGE_LOOP('',(#8276,#8277,#8278,#8279));
#2181=EDGE_LOOP('',(#8280,#8281,#8282,#8283));
#2182=EDGE_LOOP('',(#8284,#8285,#8286,#8287));
#2183=EDGE_LOOP('',(#8288,#8289,#8290,#8291));
#2184=EDGE_LOOP('',(#8292,#8293,#8294,#8295));
#2185=EDGE_LOOP('',(#8296,#8297,#8298,#8299));
#2186=EDGE_LOOP('',(#8300,#8301,#8302,#8303));
#2187=EDGE_LOOP('',(#8304,#8305,#8306,#8307));
#2188=EDGE_LOOP('',(#8308,#8309,#8310,#8311));
#2189=EDGE_LOOP('',(#8312,#8313,#8314,#8315));
#2190=EDGE_LOOP('',(#8316,#8317,#8318,#8319));
#2191=EDGE_LOOP('',(#8320,#8321,#8322,#8323));
#2192=EDGE_LOOP('',(#8324,#8325,#8326,#8327));
#2193=EDGE_LOOP('',(#8328,#8329,#8330,#8331));
#2194=EDGE_LOOP('',(#8332,#8333,#8334,#8335));
#2195=EDGE_LOOP('',(#8336,#8337,#8338,#8339));
#2196=EDGE_LOOP('',(#8340,#8341,#8342,#8343));
#2197=EDGE_LOOP('',(#8344,#8345,#8346,#8347));
#2198=EDGE_LOOP('',(#8348,#8349,#8350,#8351));
#2199=EDGE_LOOP('',(#8352,#8353,#8354,#8355));
#2200=EDGE_LOOP('',(#8356,#8357,#8358,#8359));
#2201=EDGE_LOOP('',(#8360,#8361,#8362,#8363));
#2202=EDGE_LOOP('',(#8364,#8365,#8366,#8367));
#2203=EDGE_LOOP('',(#8368,#8369,#8370,#8371));
#2204=EDGE_LOOP('',(#8372,#8373,#8374,#8375));
#2205=EDGE_LOOP('',(#8376,#8377,#8378,#8379));
#2206=EDGE_LOOP('',(#8380,#8381,#8382,#8383));
#2207=EDGE_LOOP('',(#8384,#8385,#8386,#8387));
#2208=EDGE_LOOP('',(#8388,#8389,#8390,#8391));
#2209=EDGE_LOOP('',(#8392,#8393,#8394,#8395));
#2210=EDGE_LOOP('',(#8396,#8397,#8398,#8399));
#2211=EDGE_LOOP('',(#8400,#8401,#8402,#8403));
#2212=EDGE_LOOP('',(#8404,#8405,#8406,#8407));
#2213=EDGE_LOOP('',(#8408,#8409,#8410,#8411,#8412,#8413,#8414,#8415,#8416,
#8417,#8418,#8419));
#2214=EDGE_LOOP('',(#8420));
#2215=EDGE_LOOP('',(#8421,#8422,#8423,#8424));
#2216=EDGE_LOOP('',(#8425,#8426,#8427,#8428));
#2217=EDGE_LOOP('',(#8429,#8430,#8431,#8432));
#2218=EDGE_LOOP('',(#8433,#8434,#8435,#8436));
#2219=EDGE_LOOP('',(#8437,#8438,#8439,#8440));
#2220=EDGE_LOOP('',(#8441,#8442,#8443,#8444));
#2221=EDGE_LOOP('',(#8445,#8446,#8447,#8448));
#2222=EDGE_LOOP('',(#8449));
#2223=EDGE_LOOP('',(#8450));
#2224=EDGE_LOOP('',(#8451));
#2225=EDGE_LOOP('',(#8452));
#2226=EDGE_LOOP('',(#8453,#8454,#8455,#8456));
#2227=EDGE_LOOP('',(#8457,#8458,#8459,#8460));
#2228=EDGE_LOOP('',(#8461,#8462));
#2229=EDGE_LOOP('',(#8463,#8464,#8465,#8466));
#2230=EDGE_LOOP('',(#8467));
#2231=EDGE_LOOP('',(#8468,#8469));
#2232=EDGE_LOOP('',(#8470,#8471,#8472,#8473));
#2233=EDGE_LOOP('',(#8474));
#2234=EDGE_LOOP('',(#8475));
#2235=EDGE_LOOP('',(#8476));
#2236=LINE('',#11248,#2955);
#2237=LINE('',#11250,#2956);
#2238=LINE('',#11252,#2957);
#2239=LINE('',#11253,#2958);
#2240=LINE('',#11256,#2959);
#2241=LINE('',#11258,#2960);
#2242=LINE('',#11259,#2961);
#2243=LINE('',#11277,#2962);
#2244=LINE('',#11300,#2963);
#2245=LINE('',#11323,#2964);
#2246=LINE('',#11346,#2965);
#2247=LINE('',#11354,#2966);
#2248=LINE('',#11356,#2967);
#2249=LINE('',#11357,#2968);
#2250=LINE('',#11360,#2969);
#2251=LINE('',#11362,#2970);
#2252=LINE('',#11363,#2971);
#2253=LINE('',#11366,#2972);
#2254=LINE('',#11368,#2973);
#2255=LINE('',#11369,#2974);
#2256=LINE('',#11387,#2975);
#2257=LINE('',#11410,#2976);
#2258=LINE('',#11433,#2977);
#2259=LINE('',#11456,#2978);
#2260=LINE('',#11464,#2979);
#2261=LINE('',#11466,#2980);
#2262=LINE('',#11467,#2981);
#2263=LINE('',#11470,#2982);
#2264=LINE('',#11472,#2983);
#2265=LINE('',#11473,#2984);
#2266=LINE('',#11475,#2985);
#2267=LINE('',#11476,#2986);
#2268=LINE('',#11481,#2987);
#2269=LINE('',#11483,#2988);
#2270=LINE('',#11485,#2989);
#2271=LINE('',#11486,#2990);
#2272=LINE('',#11489,#2991);
#2273=LINE('',#11491,#2992);
#2274=LINE('',#11492,#2993);
#2275=LINE('',#11510,#2994);
#2276=LINE('',#11533,#2995);
#2277=LINE('',#11556,#2996);
#2278=LINE('',#11564,#2997);
#2279=LINE('',#11566,#2998);
#2280=LINE('',#11567,#2999);
#2281=LINE('',#11585,#3000);
#2282=LINE('',#11608,#3001);
#2283=LINE('',#11631,#3002);
#2284=LINE('',#11639,#3003);
#2285=LINE('',#11641,#3004);
#2286=LINE('',#11642,#3005);
#2287=LINE('',#11645,#3006);
#2288=LINE('',#11647,#3007);
#2289=LINE('',#11648,#3008);
#2290=LINE('',#11650,#3009);
#2291=LINE('',#11651,#3010);
#2292=LINE('',#11656,#3011);
#2293=LINE('',#11658,#3012);
#2294=LINE('',#11660,#3013);
#2295=LINE('',#11661,#3014);
#2296=LINE('',#11664,#3015);
#2297=LINE('',#11666,#3016);
#2298=LINE('',#11667,#3017);
#2299=LINE('',#11670,#3018);
#2300=LINE('',#11672,#3019);
#2301=LINE('',#11673,#3020);
#2302=LINE('',#11675,#3021);
#2303=LINE('',#11676,#3022);
#2304=LINE('',#11696,#3023);
#2305=LINE('',#11703,#3024);
#2306=LINE('',#11721,#3025);
#2307=LINE('',#11744,#3026);
#2308=LINE('',#11752,#3027);
#2309=LINE('',#11754,#3028);
#2310=LINE('',#11755,#3029);
#2311=LINE('',#11773,#3030);
#2312=LINE('',#11796,#3031);
#2313=LINE('',#11819,#3032);
#2314=LINE('',#11842,#3033);
#2315=LINE('',#11865,#3034);
#2316=LINE('',#11873,#3035);
#2317=LINE('',#11875,#3036);
#2318=LINE('',#11876,#3037);
#2319=LINE('',#11879,#3038);
#2320=LINE('',#11881,#3039);
#2321=LINE('',#11882,#3040);
#2322=LINE('',#11885,#3041);
#2323=LINE('',#11887,#3042);
#2324=LINE('',#11888,#3043);
#2325=LINE('',#11891,#3044);
#2326=LINE('',#11893,#3045);
#2327=LINE('',#11894,#3046);
#2328=LINE('',#11897,#3047);
#2329=LINE('',#11899,#3048);
#2330=LINE('',#11900,#3049);
#2331=LINE('',#11903,#3050);
#2332=LINE('',#11905,#3051);
#2333=LINE('',#11906,#3052);
#2334=LINE('',#11909,#3053);
#2335=LINE('',#11911,#3054);
#2336=LINE('',#11912,#3055);
#2337=LINE('',#11915,#3056);
#2338=LINE('',#11917,#3057);
#2339=LINE('',#11918,#3058);
#2340=LINE('',#11921,#3059);
#2341=LINE('',#11923,#3060);
#2342=LINE('',#11924,#3061);
#2343=LINE('',#11927,#3062);
#2344=LINE('',#11929,#3063);
#2345=LINE('',#11930,#3064);
#2346=LINE('',#11955,#3065);
#2347=LINE('',#11957,#3066);
#2348=LINE('',#11959,#3067);
#2349=LINE('',#11960,#3068);
#2350=LINE('',#11963,#3069);
#2351=LINE('',#11965,#3070);
#2352=LINE('',#11966,#3071);
#2353=LINE('',#11969,#3072);
#2354=LINE('',#11971,#3073);
#2355=LINE('',#11972,#3074);
#2356=LINE('',#11975,#3075);
#2357=LINE('',#11977,#3076);
#2358=LINE('',#11978,#3077);
#2359=LINE('',#11981,#3078);
#2360=LINE('',#11983,#3079);
#2361=LINE('',#11984,#3080);
#2362=LINE('',#11987,#3081);
#2363=LINE('',#11989,#3082);
#2364=LINE('',#11990,#3083);
#2365=LINE('',#11993,#3084);
#2366=LINE('',#11995,#3085);
#2367=LINE('',#11996,#3086);
#2368=LINE('',#11999,#3087);
#2369=LINE('',#12001,#3088);
#2370=LINE('',#12002,#3089);
#2371=LINE('',#12005,#3090);
#2372=LINE('',#12007,#3091);
#2373=LINE('',#12008,#3092);
#2374=LINE('',#12011,#3093);
#2375=LINE('',#12013,#3094);
#2376=LINE('',#12014,#3095);
#2377=LINE('',#12017,#3096);
#2378=LINE('',#12019,#3097);
#2379=LINE('',#12020,#3098);
#2380=LINE('',#12023,#3099);
#2381=LINE('',#12025,#3100);
#2382=LINE('',#12026,#3101);
#2383=LINE('',#12028,#3102);
#2384=LINE('',#12029,#3103);
#2385=LINE('',#12049,#3104);
#2386=LINE('',#12056,#3105);
#2387=LINE('',#12074,#3106);
#2388=LINE('',#12097,#3107);
#2389=LINE('',#12120,#3108);
#2390=LINE('',#12143,#3109);
#2391=LINE('',#12166,#3110);
#2392=LINE('',#12189,#3111);
#2393=LINE('',#12197,#3112);
#2394=LINE('',#12199,#3113);
#2395=LINE('',#12200,#3114);
#2396=LINE('',#12218,#3115);
#2397=LINE('',#12241,#3116);
#2398=LINE('',#12264,#3117);
#2399=LINE('',#12287,#3118);
#2400=LINE('',#12310,#3119);
#2401=LINE('',#12333,#3120);
#2402=LINE('',#12356,#3121);
#2403=LINE('',#12379,#3122);
#2404=LINE('',#12402,#3123);
#2405=LINE('',#12425,#3124);
#2406=LINE('',#12448,#3125);
#2407=LINE('',#12471,#3126);
#2408=LINE('',#12494,#3127);
#2409=LINE('',#12502,#3128);
#2410=LINE('',#12504,#3129);
#2411=LINE('',#12505,#3130);
#2412=LINE('',#12545,#3131);
#2413=LINE('',#12552,#3132);
#2414=LINE('',#12570,#3133);
#2415=LINE('',#12593,#3134);
#2416=LINE('',#12616,#3135);
#2417=LINE('',#12639,#3136);
#2418=LINE('',#12662,#3137);
#2419=LINE('',#12685,#3138);
#2420=LINE('',#12729,#3139);
#2421=LINE('',#12736,#3140);
#2422=LINE('',#12754,#3141);
#2423=LINE('',#12777,#3142);
#2424=LINE('',#12800,#3143);
#2425=LINE('',#12823,#3144);
#2426=LINE('',#12846,#3145);
#2427=LINE('',#12869,#3146);
#2428=LINE('',#12914,#3147);
#2429=LINE('',#12921,#3148);
#2430=LINE('',#12939,#3149);
#2431=LINE('',#12962,#3150);
#2432=LINE('',#12985,#3151);
#2433=LINE('',#13008,#3152);
#2434=LINE('',#13031,#3153);
#2435=LINE('',#13054,#3154);
#2436=LINE('',#13077,#3155);
#2437=LINE('',#13084,#3156);
#2438=LINE('',#13085,#3157);
#2439=LINE('',#13104,#3158);
#2440=LINE('',#13111,#3159);
#2441=LINE('',#13129,#3160);
#2442=LINE('',#13152,#3161);
#2443=LINE('',#13175,#3162);
#2444=LINE('',#13198,#3163);
#2445=LINE('',#13221,#3164);
#2446=LINE('',#13244,#3165);
#2447=LINE('',#13267,#3166);
#2448=LINE('',#13290,#3167);
#2449=LINE('',#13313,#3168);
#2450=LINE('',#13336,#3169);
#2451=LINE('',#13359,#3170);
#2452=LINE('',#13382,#3171);
#2453=LINE('',#13390,#3172);
#2454=LINE('',#13392,#3173);
#2455=LINE('',#13393,#3174);
#2456=LINE('',#13411,#3175);
#2457=LINE('',#13434,#3176);
#2458=LINE('',#13442,#3177);
#2459=LINE('',#13444,#3178);
#2460=LINE('',#13445,#3179);
#2461=LINE('',#13463,#3180);
#2462=LINE('',#13486,#3181);
#2463=LINE('',#13509,#3182);
#2464=LINE('',#13532,#3183);
#2465=LINE('',#13555,#3184);
#2466=LINE('',#13578,#3185);
#2467=LINE('',#13601,#3186);
#2468=LINE('',#13624,#3187);
#2469=LINE('',#13632,#3188);
#2470=LINE('',#13634,#3189);
#2471=LINE('',#13635,#3190);
#2472=LINE('',#13675,#3191);
#2473=LINE('',#13682,#3192);
#2474=LINE('',#13700,#3193);
#2475=LINE('',#13723,#3194);
#2476=LINE('',#13746,#3195);
#2477=LINE('',#13769,#3196);
#2478=LINE('',#13792,#3197);
#2479=LINE('',#13815,#3198);
#2480=LINE('',#13844,#3199);
#2481=LINE('',#13846,#3200);
#2482=LINE('',#13848,#3201);
#2483=LINE('',#13849,#3202);
#2484=LINE('',#13867,#3203);
#2485=LINE('',#13890,#3204);
#2486=LINE('',#13913,#3205);
#2487=LINE('',#13936,#3206);
#2488=LINE('',#13959,#3207);
#2489=LINE('',#13982,#3208);
#2490=LINE('',#14005,#3209);
#2491=LINE('',#14028,#3210);
#2492=LINE('',#14036,#3211);
#2493=LINE('',#14038,#3212);
#2494=LINE('',#14039,#3213);
#2495=LINE('',#14042,#3214);
#2496=LINE('',#14044,#3215);
#2497=LINE('',#14045,#3216);
#2498=LINE('',#14048,#3217);
#2499=LINE('',#14050,#3218);
#2500=LINE('',#14051,#3219);
#2501=LINE('',#14053,#3220);
#2502=LINE('',#14054,#3221);
#2503=LINE('',#14059,#3222);
#2504=LINE('',#14061,#3223);
#2505=LINE('',#14063,#3224);
#2506=LINE('',#14064,#3225);
#2507=LINE('',#14067,#3226);
#2508=LINE('',#14069,#3227);
#2509=LINE('',#14070,#3228);
#2510=LINE('',#14088,#3229);
#2511=LINE('',#14111,#3230);
#2512=LINE('',#14134,#3231);
#2513=LINE('',#14142,#3232);
#2514=LINE('',#14144,#3233);
#2515=LINE('',#14145,#3234);
#2516=LINE('',#14163,#3235);
#2517=LINE('',#14186,#3236);
#2518=LINE('',#14209,#3237);
#2519=LINE('',#14217,#3238);
#2520=LINE('',#14219,#3239);
#2521=LINE('',#14220,#3240);
#2522=LINE('',#14223,#3241);
#2523=LINE('',#14225,#3242);
#2524=LINE('',#14226,#3243);
#2525=LINE('',#14228,#3244);
#2526=LINE('',#14229,#3245);
#2527=LINE('',#14249,#3246);
#2528=LINE('',#14256,#3247);
#2529=LINE('',#14274,#3248);
#2530=LINE('',#14297,#3249);
#2531=LINE('',#14320,#3250);
#2532=LINE('',#14343,#3251);
#2533=LINE('',#14366,#3252);
#2534=LINE('',#14389,#3253);
#2535=LINE('',#14412,#3254);
#2536=LINE('',#14419,#3255);
#2537=LINE('',#14420,#3256);
#2538=LINE('',#14439,#3257);
#2539=LINE('',#14446,#3258);
#2540=LINE('',#14464,#3259);
#2541=LINE('',#14487,#3260);
#2542=LINE('',#14510,#3261);
#2543=LINE('',#14533,#3262);
#2544=LINE('',#14556,#3263);
#2545=LINE('',#14579,#3264);
#2546=LINE('',#14602,#3265);
#2547=LINE('',#14625,#3266);
#2548=LINE('',#14648,#3267);
#2549=LINE('',#14671,#3268);
#2550=LINE('',#14694,#3269);
#2551=LINE('',#14717,#3270);
#2552=LINE('',#14725,#3271);
#2553=LINE('',#14727,#3272);
#2554=LINE('',#14728,#3273);
#2555=LINE('',#14746,#3274);
#2556=LINE('',#14769,#3275);
#2557=LINE('',#14777,#3276);
#2558=LINE('',#14779,#3277);
#2559=LINE('',#14780,#3278);
#2560=LINE('',#14798,#3279);
#2561=LINE('',#14821,#3280);
#2562=LINE('',#14844,#3281);
#2563=LINE('',#14867,#3282);
#2564=LINE('',#14890,#3283);
#2565=LINE('',#14913,#3284);
#2566=LINE('',#14936,#3285);
#2567=LINE('',#14959,#3286);
#2568=LINE('',#14967,#3287);
#2569=LINE('',#14969,#3288);
#2570=LINE('',#14970,#3289);
#2571=LINE('',#15010,#3290);
#2572=LINE('',#15017,#3291);
#2573=LINE('',#15035,#3292);
#2574=LINE('',#15058,#3293);
#2575=LINE('',#15081,#3294);
#2576=LINE('',#15104,#3295);
#2577=LINE('',#15127,#3296);
#2578=LINE('',#15150,#3297);
#2579=LINE('',#15179,#3298);
#2580=LINE('',#15181,#3299);
#2581=LINE('',#15183,#3300);
#2582=LINE('',#15184,#3301);
#2583=LINE('',#15202,#3302);
#2584=LINE('',#15225,#3303);
#2585=LINE('',#15248,#3304);
#2586=LINE('',#15271,#3305);
#2587=LINE('',#15294,#3306);
#2588=LINE('',#15317,#3307);
#2589=LINE('',#15340,#3308);
#2590=LINE('',#15363,#3309);
#2591=LINE('',#15371,#3310);
#2592=LINE('',#15373,#3311);
#2593=LINE('',#15374,#3312);
#2594=LINE('',#15377,#3313);
#2595=LINE('',#15379,#3314);
#2596=LINE('',#15380,#3315);
#2597=LINE('',#15383,#3316);
#2598=LINE('',#15385,#3317);
#2599=LINE('',#15386,#3318);
#2600=LINE('',#15388,#3319);
#2601=LINE('',#15389,#3320);
#2602=LINE('',#15394,#3321);
#2603=LINE('',#15396,#3322);
#2604=LINE('',#15398,#3323);
#2605=LINE('',#15399,#3324);
#2606=LINE('',#15402,#3325);
#2607=LINE('',#15404,#3326);
#2608=LINE('',#15405,#3327);
#2609=LINE('',#15408,#3328);
#2610=LINE('',#15410,#3329);
#2611=LINE('',#15411,#3330);
#2612=LINE('',#15413,#3331);
#2613=LINE('',#15414,#3332);
#2614=LINE('',#15419,#3333);
#2615=LINE('',#15421,#3334);
#2616=LINE('',#15423,#3335);
#2617=LINE('',#15424,#3336);
#2618=LINE('',#15427,#3337);
#2619=LINE('',#15429,#3338);
#2620=LINE('',#15430,#3339);
#2621=LINE('',#15448,#3340);
#2622=LINE('',#15471,#3341);
#2623=LINE('',#15494,#3342);
#2624=LINE('',#15502,#3343);
#2625=LINE('',#15504,#3344);
#2626=LINE('',#15505,#3345);
#2627=LINE('',#15523,#3346);
#2628=LINE('',#15546,#3347);
#2629=LINE('',#15569,#3348);
#2630=LINE('',#15577,#3349);
#2631=LINE('',#15579,#3350);
#2632=LINE('',#15580,#3351);
#2633=LINE('',#15583,#3352);
#2634=LINE('',#15585,#3353);
#2635=LINE('',#15586,#3354);
#2636=LINE('',#15588,#3355);
#2637=LINE('',#15589,#3356);
#2638=LINE('',#15609,#3357);
#2639=LINE('',#15616,#3358);
#2640=LINE('',#15634,#3359);
#2641=LINE('',#15657,#3360);
#2642=LINE('',#15680,#3361);
#2643=LINE('',#15687,#3362);
#2644=LINE('',#15688,#3363);
#2645=LINE('',#15707,#3364);
#2646=LINE('',#15714,#3365);
#2647=LINE('',#15732,#3366);
#2648=LINE('',#15755,#3367);
#2649=LINE('',#15778,#3368);
#2650=LINE('',#15801,#3369);
#2651=LINE('',#15824,#3370);
#2652=LINE('',#15847,#3371);
#2653=LINE('',#15870,#3372);
#2654=LINE('',#15893,#3373);
#2655=LINE('',#15916,#3374);
#2656=LINE('',#15924,#3375);
#2657=LINE('',#15926,#3376);
#2658=LINE('',#15927,#3377);
#2659=LINE('',#15945,#3378);
#2660=LINE('',#15968,#3379);
#2661=LINE('',#15991,#3380);
#2662=LINE('',#16014,#3381);
#2663=LINE('',#16022,#3382);
#2664=LINE('',#16024,#3383);
#2665=LINE('',#16025,#3384);
#2666=LINE('',#16027,#3385);
#2667=LINE('',#16028,#3386);
#2668=LINE('',#16048,#3387);
#2669=LINE('',#16055,#3388);
#2670=LINE('',#16073,#3389);
#2671=LINE('',#16096,#3390);
#2672=LINE('',#16119,#3391);
#2673=LINE('',#16142,#3392);
#2674=LINE('',#16165,#3393);
#2675=LINE('',#16188,#3394);
#2676=LINE('',#16211,#3395);
#2677=LINE('',#16234,#3396);
#2678=LINE('',#16257,#3397);
#2679=LINE('',#16280,#3398);
#2680=LINE('',#16303,#3399);
#2681=LINE('',#16326,#3400);
#2682=LINE('',#16334,#3401);
#2683=LINE('',#16336,#3402);
#2684=LINE('',#16337,#3403);
#2685=LINE('',#16355,#3404);
#2686=LINE('',#16378,#3405);
#2687=LINE('',#16401,#3406);
#2688=LINE('',#16424,#3407);
#2689=LINE('',#16447,#3408);
#2690=LINE('',#16470,#3409);
#2691=LINE('',#16493,#3410);
#2692=LINE('',#16516,#3411);
#2693=LINE('',#16539,#3412);
#2694=LINE('',#16562,#3413);
#2695=LINE('',#16585,#3414);
#2696=LINE('',#16608,#3415);
#2697=LINE('',#16631,#3416);
#2698=LINE('',#16639,#3417);
#2699=LINE('',#16641,#3418);
#2700=LINE('',#16642,#3419);
#2701=LINE('',#16669,#3420);
#2702=LINE('',#16673,#3421);
#2703=LINE('',#16677,#3422);
#2704=LINE('',#16680,#3423);
#2705=LINE('',#16696,#3424);
#2706=LINE('',#16698,#3425);
#2707=LINE('',#16699,#3426);
#2708=LINE('',#16703,#3427);
#2709=LINE('',#16705,#3428);
#2710=LINE('',#16706,#3429);
#2711=LINE('',#16709,#3430);
#2712=LINE('',#16711,#3431);
#2713=LINE('',#16712,#3432);
#2714=LINE('',#16717,#3433);
#2715=LINE('',#16728,#3434);
#2716=LINE('',#16730,#3435);
#2717=LINE('',#16732,#3436);
#2718=LINE('',#16734,#3437);
#2719=LINE('',#16736,#3438);
#2720=LINE('',#16738,#3439);
#2721=LINE('',#16740,#3440);
#2722=LINE('',#16742,#3441);
#2723=LINE('',#16744,#3442);
#2724=LINE('',#16756,#3443);
#2725=LINE('',#16759,#3444);
#2726=LINE('',#16762,#3445);
#2727=LINE('',#16764,#3446);
#2728=LINE('',#16765,#3447);
#2729=LINE('',#16768,#3448);
#2730=LINE('',#16770,#3449);
#2731=LINE('',#16771,#3450);
#2732=LINE('',#16773,#3451);
#2733=LINE('',#16774,#3452);
#2734=LINE('',#16779,#3453);
#2735=LINE('',#16781,#3454);
#2736=LINE('',#16783,#3455);
#2737=LINE('',#16784,#3456);
#2738=LINE('',#16786,#3457);
#2739=LINE('',#16787,#3458);
#2740=LINE('',#16789,#3459);
#2741=LINE('',#16791,#3460);
#2742=LINE('',#16795,#3461);
#2743=LINE('',#16799,#3462);
#2744=LINE('',#16803,#3463);
#2745=LINE('',#16805,#3464);
#2746=LINE('',#16810,#3465);
#2747=LINE('',#16815,#3466);
#2748=LINE('',#16820,#3467);
#2749=LINE('',#16823,#3468);
#2750=LINE('',#16828,#3469);
#2751=LINE('',#16834,#3470);
#2752=LINE('',#16842,#3471);
#2753=LINE('',#16848,#3472);
#2754=LINE('',#16860,#3473);
#2755=LINE('',#16864,#3474);
#2756=LINE('',#16872,#3475);
#2757=LINE('',#16874,#3476);
#2758=LINE('',#16876,#3477);
#2759=LINE('',#16877,#3478);
#2760=LINE('',#16881,#3479);
#2761=LINE('',#16882,#3480);
#2762=LINE('',#16883,#3481);
#2763=LINE('',#16886,#3482);
#2764=LINE('',#16888,#3483);
#2765=LINE('',#16889,#3484);
#2766=LINE('',#16891,#3485);
#2767=LINE('',#16962,#3486);
#2768=LINE('',#16965,#3487);
#2769=LINE('',#16992,#3488);
#2770=LINE('',#16995,#3489);
#2771=LINE('',#17005,#3490);
#2772=LINE('',#17076,#3491);
#2773=LINE('',#17079,#3492);
#2774=LINE('',#17106,#3493);
#2775=LINE('',#17109,#3494);
#2776=LINE('',#17120,#3495);
#2777=LINE('',#17122,#3496);
#2778=LINE('',#17124,#3497);
#2779=LINE('',#17126,#3498);
#2780=LINE('',#17128,#3499);
#2781=LINE('',#17130,#3500);
#2782=LINE('',#17132,#3501);
#2783=LINE('',#17134,#3502);
#2784=LINE('',#17136,#3503);
#2785=LINE('',#17138,#3504);
#2786=LINE('',#17140,#3505);
#2787=LINE('',#17142,#3506);
#2788=LINE('',#17144,#3507);
#2789=LINE('',#17146,#3508);
#2790=LINE('',#17148,#3509);
#2791=LINE('',#17150,#3510);
#2792=LINE('',#17152,#3511);
#2793=LINE('',#17154,#3512);
#2794=LINE('',#17156,#3513);
#2795=LINE('',#17158,#3514);
#2796=LINE('',#17160,#3515);
#2797=LINE('',#17162,#3516);
#2798=LINE('',#17164,#3517);
#2799=LINE('',#17166,#3518);
#2800=LINE('',#17168,#3519);
#2801=LINE('',#17170,#3520);
#2802=LINE('',#17172,#3521);
#2803=LINE('',#17174,#3522);
#2804=LINE('',#17176,#3523);
#2805=LINE('',#17178,#3524);
#2806=LINE('',#17180,#3525);
#2807=LINE('',#17182,#3526);
#2808=LINE('',#17184,#3527);
#2809=LINE('',#17186,#3528);
#2810=LINE('',#17187,#3529);
#2811=LINE('',#17189,#3530);
#2812=LINE('',#17191,#3531);
#2813=LINE('',#17194,#3532);
#2814=LINE('',#17196,#3533);
#2815=LINE('',#17198,#3534);
#2816=LINE('',#17200,#3535);
#2817=LINE('',#17202,#3536);
#2818=LINE('',#17204,#3537);
#2819=LINE('',#17206,#3538);
#2820=LINE('',#17208,#3539);
#2821=LINE('',#17210,#3540);
#2822=LINE('',#17212,#3541);
#2823=LINE('',#17214,#3542);
#2824=LINE('',#17216,#3543);
#2825=LINE('',#17217,#3544);
#2826=LINE('',#17219,#3545);
#2827=LINE('',#17221,#3546);
#2828=LINE('',#17224,#3547);
#2829=LINE('',#17226,#3548);
#2830=LINE('',#17228,#3549);
#2831=LINE('',#17230,#3550);
#2832=LINE('',#17237,#3551);
#2833=LINE('',#17244,#3552);
#2834=LINE('',#17247,#3553);
#2835=LINE('',#17250,#3554);
#2836=LINE('',#17252,#3555);
#2837=LINE('',#17253,#3556);
#2838=LINE('',#17256,#3557);
#2839=LINE('',#17260,#3558);
#2840=LINE('',#17264,#3559);
#2841=LINE('',#17266,#3560);
#2842=LINE('',#17268,#3561);
#2843=LINE('',#17270,#3562);
#2844=LINE('',#17272,#3563);
#2845=LINE('',#17276,#3564);
#2846=LINE('',#17278,#3565);
#2847=LINE('',#17280,#3566);
#2848=LINE('',#17281,#3567);
#2849=LINE('',#17284,#3568);
#2850=LINE('',#17286,#3569);
#2851=LINE('',#17288,#3570);
#2852=LINE('',#17289,#3571);
#2853=LINE('',#17292,#3572);
#2854=LINE('',#17294,#3573);
#2855=LINE('',#17296,#3574);
#2856=LINE('',#17297,#3575);
#2857=LINE('',#17300,#3576);
#2858=LINE('',#17302,#3577);
#2859=LINE('',#17304,#3578);
#2860=LINE('',#17305,#3579);
#2861=LINE('',#17308,#3580);
#2862=LINE('',#17310,#3581);
#2863=LINE('',#17312,#3582);
#2864=LINE('',#17313,#3583);
#2865=LINE('',#17316,#3584);
#2866=LINE('',#17318,#3585);
#2867=LINE('',#17320,#3586);
#2868=LINE('',#17321,#3587);
#2869=LINE('',#17324,#3588);
#2870=LINE('',#17326,#3589);
#2871=LINE('',#17328,#3590);
#2872=LINE('',#17329,#3591);
#2873=LINE('',#17342,#3592);
#2874=LINE('',#17343,#3593);
#2875=LINE('',#17346,#3594);
#2876=LINE('',#17347,#3595);
#2877=LINE('',#17351,#3596);
#2878=LINE('',#17355,#3597);
#2879=LINE('',#17358,#3598);
#2880=LINE('',#17359,#3599);
#2881=LINE('',#17363,#3600);
#2882=LINE('',#17364,#3601);
#2883=LINE('',#17365,#3602);
#2884=LINE('',#17368,#3603);
#2885=LINE('',#17369,#3604);
#2886=LINE('',#17372,#3605);
#2887=LINE('',#17373,#3606);
#2888=LINE('',#17375,#3607);
#2889=LINE('',#17379,#3608);
#2890=LINE('',#17380,#3609);
#2891=LINE('',#17381,#3610);
#2892=LINE('',#17384,#3611);
#2893=LINE('',#17385,#3612);
#2894=LINE('',#17388,#3613);
#2895=LINE('',#17389,#3614);
#2896=LINE('',#17391,#3615);
#2897=LINE('',#17395,#3616);
#2898=LINE('',#17396,#3617);
#2899=LINE('',#17397,#3618);
#2900=LINE('',#17400,#3619);
#2901=LINE('',#17401,#3620);
#2902=LINE('',#17404,#3621);
#2903=LINE('',#17405,#3622);
#2904=LINE('',#17407,#3623);
#2905=LINE('',#17411,#3624);
#2906=LINE('',#17412,#3625);
#2907=LINE('',#17413,#3626);
#2908=LINE('',#17416,#3627);
#2909=LINE('',#17417,#3628);
#2910=LINE('',#17420,#3629);
#2911=LINE('',#17421,#3630);
#2912=LINE('',#17423,#3631);
#2913=LINE('',#17427,#3632);
#2914=LINE('',#17428,#3633);
#2915=LINE('',#17429,#3634);
#2916=LINE('',#17432,#3635);
#2917=LINE('',#17433,#3636);
#2918=LINE('',#17436,#3637);
#2919=LINE('',#17437,#3638);
#2920=LINE('',#17439,#3639);
#2921=LINE('',#17443,#3640);
#2922=LINE('',#17444,#3641);
#2923=LINE('',#17445,#3642);
#2924=LINE('',#17448,#3643);
#2925=LINE('',#17449,#3644);
#2926=LINE('',#17452,#3645);
#2927=LINE('',#17453,#3646);
#2928=LINE('',#17455,#3647);
#2929=LINE('',#17459,#3648);
#2930=LINE('',#17460,#3649);
#2931=LINE('',#17461,#3650);
#2932=LINE('',#17464,#3651);
#2933=LINE('',#17465,#3652);
#2934=LINE('',#17468,#3653);
#2935=LINE('',#17469,#3654);
#2936=LINE('',#17471,#3655);
#2937=LINE('',#17475,#3656);
#2938=LINE('',#17476,#3657);
#2939=LINE('',#17477,#3658);
#2940=LINE('',#17480,#3659);
#2941=LINE('',#17481,#3660);
#2942=LINE('',#17483,#3661);
#2943=LINE('',#17485,#3662);
#2944=LINE('',#17489,#3663);
#2945=LINE('',#17493,#3664);
#2946=LINE('',#17497,#3665);
#2947=LINE('',#17501,#3666);
#2948=LINE('',#17503,#3667);
#2949=LINE('',#17511,#3668);
#2950=LINE('',#17514,#3669);
#2951=LINE('',#17516,#3670);
#2952=LINE('',#17517,#3671);
#2953=LINE('',#17523,#3672);
#2954=LINE('',#17530,#3673);
#2955=VECTOR('',#9643,10.);
#2956=VECTOR('',#9644,10.);
#2957=VECTOR('',#9645,10.);
#2958=VECTOR('',#9646,10.);
#2959=VECTOR('',#9649,10.);
#2960=VECTOR('',#9650,10.);
#2961=VECTOR('',#9651,10.);
#2962=VECTOR('',#9652,10.);
#2963=VECTOR('',#9653,10.);
#2964=VECTOR('',#9654,10.);
#2965=VECTOR('',#9655,10.);
#2966=VECTOR('',#9658,10.);
#2967=VECTOR('',#9659,10.);
#2968=VECTOR('',#9660,10.);
#2969=VECTOR('',#9663,10.);
#2970=VECTOR('',#9664,10.);
#2971=VECTOR('',#9665,10.);
#2972=VECTOR('',#9668,10.);
#2973=VECTOR('',#9669,10.);
#2974=VECTOR('',#9670,10.);
#2975=VECTOR('',#9671,10.);
#2976=VECTOR('',#9672,10.);
#2977=VECTOR('',#9673,10.);
#2978=VECTOR('',#9674,10.);
#2979=VECTOR('',#9677,10.);
#2980=VECTOR('',#9678,10.);
#2981=VECTOR('',#9679,10.);
#2982=VECTOR('',#9682,10.);
#2983=VECTOR('',#9683,10.);
#2984=VECTOR('',#9684,10.);
#2985=VECTOR('',#9687,10.);
#2986=VECTOR('',#9688,10.);
#2987=VECTOR('',#9693,10.);
#2988=VECTOR('',#9694,10.);
#2989=VECTOR('',#9695,10.);
#2990=VECTOR('',#9696,10.);
#2991=VECTOR('',#9699,10.);
#2992=VECTOR('',#9700,10.);
#2993=VECTOR('',#9701,10.);
#2994=VECTOR('',#9702,10.);
#2995=VECTOR('',#9703,10.);
#2996=VECTOR('',#9704,10.);
#2997=VECTOR('',#9707,10.);
#2998=VECTOR('',#9708,10.);
#2999=VECTOR('',#9709,10.);
#3000=VECTOR('',#9710,10.);
#3001=VECTOR('',#9711,10.);
#3002=VECTOR('',#9712,10.);
#3003=VECTOR('',#9715,10.);
#3004=VECTOR('',#9716,10.);
#3005=VECTOR('',#9717,10.);
#3006=VECTOR('',#9720,10.);
#3007=VECTOR('',#9721,10.);
#3008=VECTOR('',#9722,10.);
#3009=VECTOR('',#9725,10.);
#3010=VECTOR('',#9726,10.);
#3011=VECTOR('',#9731,10.);
#3012=VECTOR('',#9732,10.);
#3013=VECTOR('',#9733,10.);
#3014=VECTOR('',#9734,10.);
#3015=VECTOR('',#9737,10.);
#3016=VECTOR('',#9738,10.);
#3017=VECTOR('',#9739,10.);
#3018=VECTOR('',#9742,10.);
#3019=VECTOR('',#9743,10.);
#3020=VECTOR('',#9744,10.);
#3021=VECTOR('',#9747,10.);
#3022=VECTOR('',#9748,10.);
#3023=VECTOR('',#9751,10.);
#3024=VECTOR('',#9752,10.);
#3025=VECTOR('',#9753,10.);
#3026=VECTOR('',#9754,10.);
#3027=VECTOR('',#9757,10.);
#3028=VECTOR('',#9758,10.);
#3029=VECTOR('',#9759,10.);
#3030=VECTOR('',#9760,10.);
#3031=VECTOR('',#9761,10.);
#3032=VECTOR('',#9762,10.);
#3033=VECTOR('',#9763,10.);
#3034=VECTOR('',#9764,10.);
#3035=VECTOR('',#9767,10.);
#3036=VECTOR('',#9768,10.);
#3037=VECTOR('',#9769,10.);
#3038=VECTOR('',#9772,10.);
#3039=VECTOR('',#9773,10.);
#3040=VECTOR('',#9774,10.);
#3041=VECTOR('',#9777,10.);
#3042=VECTOR('',#9778,10.);
#3043=VECTOR('',#9779,10.);
#3044=VECTOR('',#9782,10.);
#3045=VECTOR('',#9783,10.);
#3046=VECTOR('',#9784,10.);
#3047=VECTOR('',#9787,10.);
#3048=VECTOR('',#9788,10.);
#3049=VECTOR('',#9789,10.);
#3050=VECTOR('',#9792,10.);
#3051=VECTOR('',#9793,10.);
#3052=VECTOR('',#9794,10.);
#3053=VECTOR('',#9797,10.);
#3054=VECTOR('',#9798,10.);
#3055=VECTOR('',#9799,10.);
#3056=VECTOR('',#9802,10.);
#3057=VECTOR('',#9803,10.);
#3058=VECTOR('',#9804,10.);
#3059=VECTOR('',#9807,10.);
#3060=VECTOR('',#9808,10.);
#3061=VECTOR('',#9809,10.);
#3062=VECTOR('',#9812,10.);
#3063=VECTOR('',#9813,10.);
#3064=VECTOR('',#9814,10.);
#3065=VECTOR('',#9819,10.);
#3066=VECTOR('',#9820,10.);
#3067=VECTOR('',#9821,10.);
#3068=VECTOR('',#9822,10.);
#3069=VECTOR('',#9825,10.);
#3070=VECTOR('',#9826,10.);
#3071=VECTOR('',#9827,10.);
#3072=VECTOR('',#9830,10.);
#3073=VECTOR('',#9831,10.);
#3074=VECTOR('',#9832,10.);
#3075=VECTOR('',#9835,10.);
#3076=VECTOR('',#9836,10.);
#3077=VECTOR('',#9837,10.);
#3078=VECTOR('',#9840,10.);
#3079=VECTOR('',#9841,10.);
#3080=VECTOR('',#9842,10.);
#3081=VECTOR('',#9845,10.);
#3082=VECTOR('',#9846,10.);
#3083=VECTOR('',#9847,10.);
#3084=VECTOR('',#9850,10.);
#3085=VECTOR('',#9851,10.);
#3086=VECTOR('',#9852,10.);
#3087=VECTOR('',#9855,10.);
#3088=VECTOR('',#9856,10.);
#3089=VECTOR('',#9857,10.);
#3090=VECTOR('',#9860,10.);
#3091=VECTOR('',#9861,10.);
#3092=VECTOR('',#9862,10.);
#3093=VECTOR('',#9865,10.);
#3094=VECTOR('',#9866,10.);
#3095=VECTOR('',#9867,10.);
#3096=VECTOR('',#9870,10.);
#3097=VECTOR('',#9871,10.);
#3098=VECTOR('',#9872,10.);
#3099=VECTOR('',#9875,10.);
#3100=VECTOR('',#9876,10.);
#3101=VECTOR('',#9877,10.);
#3102=VECTOR('',#9880,10.);
#3103=VECTOR('',#9881,10.);
#3104=VECTOR('',#9884,10.);
#3105=VECTOR('',#9885,10.);
#3106=VECTOR('',#9886,10.);
#3107=VECTOR('',#9887,10.);
#3108=VECTOR('',#9888,10.);
#3109=VECTOR('',#9889,10.);
#3110=VECTOR('',#9890,10.);
#3111=VECTOR('',#9891,10.);
#3112=VECTOR('',#9894,10.);
#3113=VECTOR('',#9895,10.);
#3114=VECTOR('',#9896,10.);
#3115=VECTOR('',#9897,10.);
#3116=VECTOR('',#9898,10.);
#3117=VECTOR('',#9899,10.);
#3118=VECTOR('',#9900,10.);
#3119=VECTOR('',#9901,10.);
#3120=VECTOR('',#9902,10.);
#3121=VECTOR('',#9903,10.);
#3122=VECTOR('',#9904,10.);
#3123=VECTOR('',#9905,10.);
#3124=VECTOR('',#9906,10.);
#3125=VECTOR('',#9907,10.);
#3126=VECTOR('',#9908,10.);
#3127=VECTOR('',#9909,10.);
#3128=VECTOR('',#9912,10.);
#3129=VECTOR('',#9913,10.);
#3130=VECTOR('',#9914,10.);
#3131=VECTOR('',#9917,10.);
#3132=VECTOR('',#9918,10.);
#3133=VECTOR('',#9919,10.);
#3134=VECTOR('',#9920,10.);
#3135=VECTOR('',#9921,10.);
#3136=VECTOR('',#9922,10.);
#3137=VECTOR('',#9923,10.);
#3138=VECTOR('',#9924,10.);
#3139=VECTOR('',#9925,10.);
#3140=VECTOR('',#9926,10.);
#3141=VECTOR('',#9927,10.);
#3142=VECTOR('',#9928,10.);
#3143=VECTOR('',#9929,10.);
#3144=VECTOR('',#9930,10.);
#3145=VECTOR('',#9931,10.);
#3146=VECTOR('',#9932,10.);
#3147=VECTOR('',#9935,10.);
#3148=VECTOR('',#9936,10.);
#3149=VECTOR('',#9937,10.);
#3150=VECTOR('',#9938,10.);
#3151=VECTOR('',#9939,10.);
#3152=VECTOR('',#9940,10.);
#3153=VECTOR('',#9941,10.);
#3154=VECTOR('',#9942,10.);
#3155=VECTOR('',#9943,10.);
#3156=VECTOR('',#9946,10.);
#3157=VECTOR('',#9947,10.);
#3158=VECTOR('',#9948,10.);
#3159=VECTOR('',#9949,10.);
#3160=VECTOR('',#9950,10.);
#3161=VECTOR('',#9951,10.);
#3162=VECTOR('',#9952,10.);
#3163=VECTOR('',#9953,10.);
#3164=VECTOR('',#9954,10.);
#3165=VECTOR('',#9955,10.);
#3166=VECTOR('',#9956,10.);
#3167=VECTOR('',#9957,10.);
#3168=VECTOR('',#9958,10.);
#3169=VECTOR('',#9959,10.);
#3170=VECTOR('',#9960,10.);
#3171=VECTOR('',#9961,10.);
#3172=VECTOR('',#9964,10.);
#3173=VECTOR('',#9965,10.);
#3174=VECTOR('',#9966,10.);
#3175=VECTOR('',#9967,10.);
#3176=VECTOR('',#9968,10.);
#3177=VECTOR('',#9971,10.);
#3178=VECTOR('',#9972,10.);
#3179=VECTOR('',#9973,10.);
#3180=VECTOR('',#9974,10.);
#3181=VECTOR('',#9975,10.);
#3182=VECTOR('',#9976,10.);
#3183=VECTOR('',#9977,10.);
#3184=VECTOR('',#9978,10.);
#3185=VECTOR('',#9979,10.);
#3186=VECTOR('',#9980,10.);
#3187=VECTOR('',#9981,10.);
#3188=VECTOR('',#9984,10.);
#3189=VECTOR('',#9985,10.);
#3190=VECTOR('',#9986,10.);
#3191=VECTOR('',#9989,10.);
#3192=VECTOR('',#9990,10.);
#3193=VECTOR('',#9991,10.);
#3194=VECTOR('',#9992,10.);
#3195=VECTOR('',#9993,10.);
#3196=VECTOR('',#9994,10.);
#3197=VECTOR('',#9995,10.);
#3198=VECTOR('',#9996,10.);
#3199=VECTOR('',#9999,10.);
#3200=VECTOR('',#10000,10.);
#3201=VECTOR('',#10001,10.);
#3202=VECTOR('',#10002,10.);
#3203=VECTOR('',#10003,10.);
#3204=VECTOR('',#10004,10.);
#3205=VECTOR('',#10005,10.);
#3206=VECTOR('',#10006,10.);
#3207=VECTOR('',#10007,10.);
#3208=VECTOR('',#10008,10.);
#3209=VECTOR('',#10009,10.);
#3210=VECTOR('',#10010,10.);
#3211=VECTOR('',#10013,10.);
#3212=VECTOR('',#10014,10.);
#3213=VECTOR('',#10015,10.);
#3214=VECTOR('',#10018,10.);
#3215=VECTOR('',#10019,10.);
#3216=VECTOR('',#10020,10.);
#3217=VECTOR('',#10023,10.);
#3218=VECTOR('',#10024,10.);
#3219=VECTOR('',#10025,10.);
#3220=VECTOR('',#10028,10.);
#3221=VECTOR('',#10029,10.);
#3222=VECTOR('',#10034,10.);
#3223=VECTOR('',#10035,10.);
#3224=VECTOR('',#10036,10.);
#3225=VECTOR('',#10037,10.);
#3226=VECTOR('',#10040,10.);
#3227=VECTOR('',#10041,10.);
#3228=VECTOR('',#10042,10.);
#3229=VECTOR('',#10043,10.);
#3230=VECTOR('',#10044,10.);
#3231=VECTOR('',#10045,10.);
#3232=VECTOR('',#10048,10.);
#3233=VECTOR('',#10049,10.);
#3234=VECTOR('',#10050,10.);
#3235=VECTOR('',#10051,10.);
#3236=VECTOR('',#10052,10.);
#3237=VECTOR('',#10053,10.);
#3238=VECTOR('',#10056,10.);
#3239=VECTOR('',#10057,10.);
#3240=VECTOR('',#10058,10.);
#3241=VECTOR('',#10061,10.);
#3242=VECTOR('',#10062,10.);
#3243=VECTOR('',#10063,10.);
#3244=VECTOR('',#10066,10.);
#3245=VECTOR('',#10067,10.);
#3246=VECTOR('',#10070,10.);
#3247=VECTOR('',#10071,10.);
#3248=VECTOR('',#10072,10.);
#3249=VECTOR('',#10073,10.);
#3250=VECTOR('',#10074,10.);
#3251=VECTOR('',#10075,10.);
#3252=VECTOR('',#10076,10.);
#3253=VECTOR('',#10077,10.);
#3254=VECTOR('',#10078,10.);
#3255=VECTOR('',#10081,10.);
#3256=VECTOR('',#10082,10.);
#3257=VECTOR('',#10083,10.);
#3258=VECTOR('',#10084,10.);
#3259=VECTOR('',#10085,10.);
#3260=VECTOR('',#10086,10.);
#3261=VECTOR('',#10087,10.);
#3262=VECTOR('',#10088,10.);
#3263=VECTOR('',#10089,10.);
#3264=VECTOR('',#10090,10.);
#3265=VECTOR('',#10091,10.);
#3266=VECTOR('',#10092,10.);
#3267=VECTOR('',#10093,10.);
#3268=VECTOR('',#10094,10.);
#3269=VECTOR('',#10095,10.);
#3270=VECTOR('',#10096,10.);
#3271=VECTOR('',#10099,10.);
#3272=VECTOR('',#10100,10.);
#3273=VECTOR('',#10101,10.);
#3274=VECTOR('',#10102,10.);
#3275=VECTOR('',#10103,10.);
#3276=VECTOR('',#10106,10.);
#3277=VECTOR('',#10107,10.);
#3278=VECTOR('',#10108,10.);
#3279=VECTOR('',#10109,10.);
#3280=VECTOR('',#10110,10.);
#3281=VECTOR('',#10111,10.);
#3282=VECTOR('',#10112,10.);
#3283=VECTOR('',#10113,10.);
#3284=VECTOR('',#10114,10.);
#3285=VECTOR('',#10115,10.);
#3286=VECTOR('',#10116,10.);
#3287=VECTOR('',#10119,10.);
#3288=VECTOR('',#10120,10.);
#3289=VECTOR('',#10121,10.);
#3290=VECTOR('',#10124,10.);
#3291=VECTOR('',#10125,10.);
#3292=VECTOR('',#10126,10.);
#3293=VECTOR('',#10127,10.);
#3294=VECTOR('',#10128,10.);
#3295=VECTOR('',#10129,10.);
#3296=VECTOR('',#10130,10.);
#3297=VECTOR('',#10131,10.);
#3298=VECTOR('',#10134,10.);
#3299=VECTOR('',#10135,10.);
#3300=VECTOR('',#10136,10.);
#3301=VECTOR('',#10137,10.);
#3302=VECTOR('',#10138,10.);
#3303=VECTOR('',#10139,10.);
#3304=VECTOR('',#10140,10.);
#3305=VECTOR('',#10141,10.);
#3306=VECTOR('',#10142,10.);
#3307=VECTOR('',#10143,10.);
#3308=VECTOR('',#10144,10.);
#3309=VECTOR('',#10145,10.);
#3310=VECTOR('',#10148,10.);
#3311=VECTOR('',#10149,10.);
#3312=VECTOR('',#10150,10.);
#3313=VECTOR('',#10153,10.);
#3314=VECTOR('',#10154,10.);
#3315=VECTOR('',#10155,10.);
#3316=VECTOR('',#10158,10.);
#3317=VECTOR('',#10159,10.);
#3318=VECTOR('',#10160,10.);
#3319=VECTOR('',#10163,10.);
#3320=VECTOR('',#10164,10.);
#3321=VECTOR('',#10169,10.);
#3322=VECTOR('',#10170,10.);
#3323=VECTOR('',#10171,10.);
#3324=VECTOR('',#10172,10.);
#3325=VECTOR('',#10175,10.);
#3326=VECTOR('',#10176,10.);
#3327=VECTOR('',#10177,10.);
#3328=VECTOR('',#10180,10.);
#3329=VECTOR('',#10181,10.);
#3330=VECTOR('',#10182,10.);
#3331=VECTOR('',#10185,10.);
#3332=VECTOR('',#10186,10.);
#3333=VECTOR('',#10191,10.);
#3334=VECTOR('',#10192,10.);
#3335=VECTOR('',#10193,10.);
#3336=VECTOR('',#10194,10.);
#3337=VECTOR('',#10197,10.);
#3338=VECTOR('',#10198,10.);
#3339=VECTOR('',#10199,10.);
#3340=VECTOR('',#10200,10.);
#3341=VECTOR('',#10201,10.);
#3342=VECTOR('',#10202,10.);
#3343=VECTOR('',#10205,10.);
#3344=VECTOR('',#10206,10.);
#3345=VECTOR('',#10207,10.);
#3346=VECTOR('',#10208,10.);
#3347=VECTOR('',#10209,10.);
#3348=VECTOR('',#10210,10.);
#3349=VECTOR('',#10213,10.);
#3350=VECTOR('',#10214,10.);
#3351=VECTOR('',#10215,10.);
#3352=VECTOR('',#10218,10.);
#3353=VECTOR('',#10219,10.);
#3354=VECTOR('',#10220,10.);
#3355=VECTOR('',#10223,10.);
#3356=VECTOR('',#10224,10.);
#3357=VECTOR('',#10227,10.);
#3358=VECTOR('',#10228,10.);
#3359=VECTOR('',#10229,10.);
#3360=VECTOR('',#10230,10.);
#3361=VECTOR('',#10231,10.);
#3362=VECTOR('',#10234,10.);
#3363=VECTOR('',#10235,10.);
#3364=VECTOR('',#10236,10.);
#3365=VECTOR('',#10237,10.);
#3366=VECTOR('',#10238,10.);
#3367=VECTOR('',#10239,10.);
#3368=VECTOR('',#10240,10.);
#3369=VECTOR('',#10241,10.);
#3370=VECTOR('',#10242,10.);
#3371=VECTOR('',#10243,10.);
#3372=VECTOR('',#10244,10.);
#3373=VECTOR('',#10245,10.);
#3374=VECTOR('',#10246,10.);
#3375=VECTOR('',#10249,10.);
#3376=VECTOR('',#10250,10.);
#3377=VECTOR('',#10251,10.);
#3378=VECTOR('',#10252,10.);
#3379=VECTOR('',#10253,10.);
#3380=VECTOR('',#10254,10.);
#3381=VECTOR('',#10255,10.);
#3382=VECTOR('',#10258,10.);
#3383=VECTOR('',#10259,10.);
#3384=VECTOR('',#10260,10.);
#3385=VECTOR('',#10263,10.);
#3386=VECTOR('',#10264,10.);
#3387=VECTOR('',#10267,10.);
#3388=VECTOR('',#10268,10.);
#3389=VECTOR('',#10269,10.);
#3390=VECTOR('',#10270,10.);
#3391=VECTOR('',#10271,10.);
#3392=VECTOR('',#10272,10.);
#3393=VECTOR('',#10273,10.);
#3394=VECTOR('',#10274,10.);
#3395=VECTOR('',#10275,10.);
#3396=VECTOR('',#10276,10.);
#3397=VECTOR('',#10277,10.);
#3398=VECTOR('',#10278,10.);
#3399=VECTOR('',#10279,10.);
#3400=VECTOR('',#10280,10.);
#3401=VECTOR('',#10283,10.);
#3402=VECTOR('',#10284,10.);
#3403=VECTOR('',#10285,10.);
#3404=VECTOR('',#10286,10.);
#3405=VECTOR('',#10287,10.);
#3406=VECTOR('',#10288,10.);
#3407=VECTOR('',#10289,10.);
#3408=VECTOR('',#10290,10.);
#3409=VECTOR('',#10291,10.);
#3410=VECTOR('',#10292,10.);
#3411=VECTOR('',#10293,10.);
#3412=VECTOR('',#10294,10.);
#3413=VECTOR('',#10295,10.);
#3414=VECTOR('',#10296,10.);
#3415=VECTOR('',#10297,10.);
#3416=VECTOR('',#10298,10.);
#3417=VECTOR('',#10301,10.);
#3418=VECTOR('',#10302,10.);
#3419=VECTOR('',#10303,10.);
#3420=VECTOR('',#10310,10.);
#3421=VECTOR('',#10313,10.);
#3422=VECTOR('',#10316,10.);
#3423=VECTOR('',#10319,10.);
#3424=VECTOR('',#10340,10.);
#3425=VECTOR('',#10341,10.);
#3426=VECTOR('',#10342,10.);
#3427=VECTOR('',#10347,10.);
#3428=VECTOR('',#10348,10.);
#3429=VECTOR('',#10349,10.);
#3430=VECTOR('',#10352,10.);
#3431=VECTOR('',#10353,10.);
#3432=VECTOR('',#10354,10.);
#3433=VECTOR('',#10359,1.7);
#3434=VECTOR('',#10374,10.);
#3435=VECTOR('',#10375,10.);
#3436=VECTOR('',#10376,10.);
#3437=VECTOR('',#10377,10.);
#3438=VECTOR('',#10378,10.);
#3439=VECTOR('',#10379,10.);
#3440=VECTOR('',#10380,10.);
#3441=VECTOR('',#10381,10.);
#3442=VECTOR('',#10382,10.);
#3443=VECTOR('',#10397,10.);
#3444=VECTOR('',#10402,10.);
#3445=VECTOR('',#10405,10.);
#3446=VECTOR('',#10406,10.);
#3447=VECTOR('',#10407,10.);
#3448=VECTOR('',#10410,10.);
#3449=VECTOR('',#10411,10.);
#3450=VECTOR('',#10412,10.);
#3451=VECTOR('',#10415,10.);
#3452=VECTOR('',#10416,10.);
#3453=VECTOR('',#10421,10.);
#3454=VECTOR('',#10422,10.);
#3455=VECTOR('',#10423,10.);
#3456=VECTOR('',#10424,10.);
#3457=VECTOR('',#10427,10.);
#3458=VECTOR('',#10428,10.);
#3459=VECTOR('',#10431,10.);
#3460=VECTOR('',#10434,3.);
#3461=VECTOR('',#10439,2.99987234431915);
#3462=VECTOR('',#10444,3.);
#3463=VECTOR('',#10449,3.);
#3464=VECTOR('',#10452,10.);
#3465=VECTOR('',#10459,1.7);
#3466=VECTOR('',#10466,1.7);
#3467=VECTOR('',#10473,1.7);
#3468=VECTOR('',#10478,1.7);
#3469=VECTOR('',#10483,1.7);
#3470=VECTOR('',#10490,2.99987234431915);
#3471=VECTOR('',#10501,1.7);
#3472=VECTOR('',#10508,3.);
#3473=VECTOR('',#10525,1.7);
#3474=VECTOR('',#10530,3.);
#3475=VECTOR('',#10541,1.);
#3476=VECTOR('',#10542,1.);
#3477=VECTOR('',#10543,1.);
#3478=VECTOR('',#10544,1.);
#3479=VECTOR('',#10547,1.);
#3480=VECTOR('',#10548,1.);
#3481=VECTOR('',#10549,1.);
#3482=VECTOR('',#10552,1.);
#3483=VECTOR('',#10553,1.);
#3484=VECTOR('',#10554,1.);
#3485=VECTOR('',#10557,1.);
#3486=VECTOR('',#10626,1.);
#3487=VECTOR('',#10629,1.);
#3488=VECTOR('',#10654,1.);
#3489=VECTOR('',#10657,1.);
#3490=VECTOR('',#10668,1.);
#3491=VECTOR('',#10737,1.);
#3492=VECTOR('',#10740,1.);
#3493=VECTOR('',#10765,1.);
#3494=VECTOR('',#10768,1.);
#3495=VECTOR('',#10781,0.85);
#3496=VECTOR('',#10784,2.);
#3497=VECTOR('',#10787,0.85);
#3498=VECTOR('',#10790,0.85);
#3499=VECTOR('',#10793,0.75);
#3500=VECTOR('',#10796,0.75);
#3501=VECTOR('',#10799,2.);
#3502=VECTOR('',#10802,0.85);
#3503=VECTOR('',#10805,0.85);
#3504=VECTOR('',#10808,0.75);
#3505=VECTOR('',#10811,0.75);
#3506=VECTOR('',#10814,0.75);
#3507=VECTOR('',#10817,2.);
#3508=VECTOR('',#10820,0.85);
#3509=VECTOR('',#10823,0.85);
#3510=VECTOR('',#10826,2.);
#3511=VECTOR('',#10829,0.75);
#3512=VECTOR('',#10832,0.75);
#3513=VECTOR('',#10835,0.85);
#3514=VECTOR('',#10838,0.85);
#3515=VECTOR('',#10841,2.);
#3516=VECTOR('',#10844,0.85);
#3517=VECTOR('',#10847,0.75);
#3518=VECTOR('',#10850,0.75);
#3519=VECTOR('',#10853,0.75);
#3520=VECTOR('',#10856,0.4445);
#3521=VECTOR('',#10859,0.4445);
#3522=VECTOR('',#10862,0.4445);
#3523=VECTOR('',#10865,0.4445);
#3524=VECTOR('',#10868,0.4445);
#3525=VECTOR('',#10871,0.4445);
#3526=VECTOR('',#10874,0.4445);
#3527=VECTOR('',#10877,0.4445);
#3528=VECTOR('',#10880,1.);
#3529=VECTOR('',#10881,1.);
#3530=VECTOR('',#10884,1.);
#3531=VECTOR('',#10887,1.);
#3532=VECTOR('',#10892,0.5);
#3533=VECTOR('',#10895,0.5);
#3534=VECTOR('',#10898,0.5);
#3535=VECTOR('',#10901,0.4445);
#3536=VECTOR('',#10904,0.4445);
#3537=VECTOR('',#10907,0.4445);
#3538=VECTOR('',#10910,0.4445);
#3539=VECTOR('',#10913,0.4445);
#3540=VECTOR('',#10916,0.4445);
#3541=VECTOR('',#10919,0.5);
#3542=VECTOR('',#10922,0.5);
#3543=VECTOR('',#10925,1.);
#3544=VECTOR('',#10926,1.);
#3545=VECTOR('',#10929,1.);
#3546=VECTOR('',#10932,1.);
#3547=VECTOR('',#10937,0.5);
#3548=VECTOR('',#10940,0.5);
#3549=VECTOR('',#10943,0.5);
#3550=VECTOR('',#10946,0.5);
#3551=VECTOR('',#10955,8.);
#3552=VECTOR('',#10962,10.);
#3553=VECTOR('',#10965,10.);
#3554=VECTOR('',#10968,10.);
#3555=VECTOR('',#10969,10.);
#3556=VECTOR('',#10970,10.);
#3557=VECTOR('',#10973,10.);
#3558=VECTOR('',#10976,10.);
#3559=VECTOR('',#10979,10.);
#3560=VECTOR('',#10980,10.);
#3561=VECTOR('',#10981,10.);
#3562=VECTOR('',#10982,10.);
#3563=VECTOR('',#10983,10.);
#3564=VECTOR('',#10986,10.);
#3565=VECTOR('',#10987,10.);
#3566=VECTOR('',#10988,10.);
#3567=VECTOR('',#10989,10.);
#3568=VECTOR('',#10990,10.);
#3569=VECTOR('',#10991,10.);
#3570=VECTOR('',#10992,10.);
#3571=VECTOR('',#10993,10.);
#3572=VECTOR('',#10994,10.);
#3573=VECTOR('',#10995,10.);
#3574=VECTOR('',#10996,10.);
#3575=VECTOR('',#10997,10.);
#3576=VECTOR('',#10998,10.);
#3577=VECTOR('',#10999,10.);
#3578=VECTOR('',#11000,10.);
#3579=VECTOR('',#11001,10.);
#3580=VECTOR('',#11002,10.);
#3581=VECTOR('',#11003,10.);
#3582=VECTOR('',#11004,10.);
#3583=VECTOR('',#11005,10.);
#3584=VECTOR('',#11006,10.);
#3585=VECTOR('',#11007,10.);
#3586=VECTOR('',#11008,10.);
#3587=VECTOR('',#11009,10.);
#3588=VECTOR('',#11010,10.);
#3589=VECTOR('',#11011,10.);
#3590=VECTOR('',#11012,10.);
#3591=VECTOR('',#11013,10.);
#3592=VECTOR('',#11026,10.);
#3593=VECTOR('',#11027,10.);
#3594=VECTOR('',#11030,10.);
#3595=VECTOR('',#11031,10.);
#3596=VECTOR('',#11036,10.);
#3597=VECTOR('',#11041,10.);
#3598=VECTOR('',#11044,10.);
#3599=VECTOR('',#11045,10.);
#3600=VECTOR('',#11048,10.);
#3601=VECTOR('',#11049,10.);
#3602=VECTOR('',#11050,10.);
#3603=VECTOR('',#11053,10.);
#3604=VECTOR('',#11054,10.);
#3605=VECTOR('',#11057,10.);
#3606=VECTOR('',#11058,10.);
#3607=VECTOR('',#11061,10.);
#3608=VECTOR('',#11064,10.);
#3609=VECTOR('',#11065,10.);
#3610=VECTOR('',#11066,10.);
#3611=VECTOR('',#11069,10.);
#3612=VECTOR('',#11070,10.);
#3613=VECTOR('',#11073,10.);
#3614=VECTOR('',#11074,10.);
#3615=VECTOR('',#11077,10.);
#3616=VECTOR('',#11080,10.);
#3617=VECTOR('',#11081,10.);
#3618=VECTOR('',#11082,10.);
#3619=VECTOR('',#11085,10.);
#3620=VECTOR('',#11086,10.);
#3621=VECTOR('',#11089,10.);
#3622=VECTOR('',#11090,10.);
#3623=VECTOR('',#11093,10.);
#3624=VECTOR('',#11096,10.);
#3625=VECTOR('',#11097,10.);
#3626=VECTOR('',#11098,10.);
#3627=VECTOR('',#11101,10.);
#3628=VECTOR('',#11102,10.);
#3629=VECTOR('',#11105,10.);
#3630=VECTOR('',#11106,10.);
#3631=VECTOR('',#11109,10.);
#3632=VECTOR('',#11112,10.);
#3633=VECTOR('',#11113,10.);
#3634=VECTOR('',#11114,10.);
#3635=VECTOR('',#11117,10.);
#3636=VECTOR('',#11118,10.);
#3637=VECTOR('',#11121,10.);
#3638=VECTOR('',#11122,10.);
#3639=VECTOR('',#11125,10.);
#3640=VECTOR('',#11128,10.);
#3641=VECTOR('',#11129,10.);
#3642=VECTOR('',#11130,10.);
#3643=VECTOR('',#11133,10.);
#3644=VECTOR('',#11134,10.);
#3645=VECTOR('',#11137,10.);
#3646=VECTOR('',#11138,10.);
#3647=VECTOR('',#11141,10.);
#3648=VECTOR('',#11144,10.);
#3649=VECTOR('',#11145,10.);
#3650=VECTOR('',#11146,10.);
#3651=VECTOR('',#11149,10.);
#3652=VECTOR('',#11150,10.);
#3653=VECTOR('',#11153,10.);
#3654=VECTOR('',#11154,10.);
#3655=VECTOR('',#11157,10.);
#3656=VECTOR('',#11160,10.);
#3657=VECTOR('',#11161,10.);
#3658=VECTOR('',#11162,10.);
#3659=VECTOR('',#11165,10.);
#3660=VECTOR('',#11166,10.);
#3661=VECTOR('',#11169,10.);
#3662=VECTOR('',#11172,10.);
#3663=VECTOR('',#11177,1.7);
#3664=VECTOR('',#11182,1.7);
#3665=VECTOR('',#11187,1.7);
#3666=VECTOR('',#11192,1.7);
#3667=VECTOR('',#11195,10.);
#3668=VECTOR('',#11204,10.);
#3669=VECTOR('',#11207,10.);
#3670=VECTOR('',#11210,10.);
#3671=VECTOR('',#11211,10.);
#3672=VECTOR('',#11218,5.24999999999999);
#3673=VECTOR('',#11227,7.25000000000001);
#3674=VERTEX_POINT('',#11246);
#3675=VERTEX_POINT('',#11247);
#3676=VERTEX_POINT('',#11249);
#3677=VERTEX_POINT('',#11251);
#3678=VERTEX_POINT('',#11255);
#3679=VERTEX_POINT('',#11257);
#3680=VERTEX_POINT('',#11270);
#3681=VERTEX_POINT('',#11276);
#3682=VERTEX_POINT('',#11293);
#3683=VERTEX_POINT('',#11299);
#3684=VERTEX_POINT('',#11316);
#3685=VERTEX_POINT('',#11322);
#3686=VERTEX_POINT('',#11339);
#3687=VERTEX_POINT('',#11345);
#3688=VERTEX_POINT('',#11353);
#3689=VERTEX_POINT('',#11355);
#3690=VERTEX_POINT('',#11359);
#3691=VERTEX_POINT('',#11361);
#3692=VERTEX_POINT('',#11365);
#3693=VERTEX_POINT('',#11367);
#3694=VERTEX_POINT('',#11380);
#3695=VERTEX_POINT('',#11386);
#3696=VERTEX_POINT('',#11403);
#3697=VERTEX_POINT('',#11409);
#3698=VERTEX_POINT('',#11426);
#3699=VERTEX_POINT('',#11432);
#3700=VERTEX_POINT('',#11449);
#3701=VERTEX_POINT('',#11455);
#3702=VERTEX_POINT('',#11463);
#3703=VERTEX_POINT('',#11465);
#3704=VERTEX_POINT('',#11469);
#3705=VERTEX_POINT('',#11471);
#3706=VERTEX_POINT('',#11479);
#3707=VERTEX_POINT('',#11480);
#3708=VERTEX_POINT('',#11482);
#3709=VERTEX_POINT('',#11484);
#3710=VERTEX_POINT('',#11488);
#3711=VERTEX_POINT('',#11490);
#3712=VERTEX_POINT('',#11503);
#3713=VERTEX_POINT('',#11509);
#3714=VERTEX_POINT('',#11526);
#3715=VERTEX_POINT('',#11532);
#3716=VERTEX_POINT('',#11549);
#3717=VERTEX_POINT('',#11555);
#3718=VERTEX_POINT('',#11563);
#3719=VERTEX_POINT('',#11565);
#3720=VERTEX_POINT('',#11578);
#3721=VERTEX_POINT('',#11584);
#3722=VERTEX_POINT('',#11601);
#3723=VERTEX_POINT('',#11607);
#3724=VERTEX_POINT('',#11624);
#3725=VERTEX_POINT('',#11630);
#3726=VERTEX_POINT('',#11638);
#3727=VERTEX_POINT('',#11640);
#3728=VERTEX_POINT('',#11644);
#3729=VERTEX_POINT('',#11646);
#3730=VERTEX_POINT('',#11654);
#3731=VERTEX_POINT('',#11655);
#3732=VERTEX_POINT('',#11657);
#3733=VERTEX_POINT('',#11659);
#3734=VERTEX_POINT('',#11663);
#3735=VERTEX_POINT('',#11665);
#3736=VERTEX_POINT('',#11669);
#3737=VERTEX_POINT('',#11671);
#3738=VERTEX_POINT('',#11688);
#3739=VERTEX_POINT('',#11689);
#3740=VERTEX_POINT('',#11695);
#3741=VERTEX_POINT('',#11697);
#3742=VERTEX_POINT('',#11714);
#3743=VERTEX_POINT('',#11720);
#3744=VERTEX_POINT('',#11737);
#3745=VERTEX_POINT('',#11743);
#3746=VERTEX_POINT('',#11751);
#3747=VERTEX_POINT('',#11753);
#3748=VERTEX_POINT('',#11766);
#3749=VERTEX_POINT('',#11772);
#3750=VERTEX_POINT('',#11789);
#3751=VERTEX_POINT('',#11795);
#3752=VERTEX_POINT('',#11812);
#3753=VERTEX_POINT('',#11818);
#3754=VERTEX_POINT('',#11835);
#3755=VERTEX_POINT('',#11841);
#3756=VERTEX_POINT('',#11858);
#3757=VERTEX_POINT('',#11864);
#3758=VERTEX_POINT('',#11872);
#3759=VERTEX_POINT('',#11874);
#3760=VERTEX_POINT('',#11878);
#3761=VERTEX_POINT('',#11880);
#3762=VERTEX_POINT('',#11884);
#3763=VERTEX_POINT('',#11886);
#3764=VERTEX_POINT('',#11890);
#3765=VERTEX_POINT('',#11892);
#3766=VERTEX_POINT('',#11896);
#3767=VERTEX_POINT('',#11898);
#3768=VERTEX_POINT('',#11902);
#3769=VERTEX_POINT('',#11904);
#3770=VERTEX_POINT('',#11908);
#3771=VERTEX_POINT('',#11910);
#3772=VERTEX_POINT('',#11914);
#3773=VERTEX_POINT('',#11916);
#3774=VERTEX_POINT('',#11920);
#3775=VERTEX_POINT('',#11922);
#3776=VERTEX_POINT('',#11926);
#3777=VERTEX_POINT('',#11928);
#3778=VERTEX_POINT('',#11953);
#3779=VERTEX_POINT('',#11954);
#3780=VERTEX_POINT('',#11956);
#3781=VERTEX_POINT('',#11958);
#3782=VERTEX_POINT('',#11962);
#3783=VERTEX_POINT('',#11964);
#3784=VERTEX_POINT('',#11968);
#3785=VERTEX_POINT('',#11970);
#3786=VERTEX_POINT('',#11974);
#3787=VERTEX_POINT('',#11976);
#3788=VERTEX_POINT('',#11980);
#3789=VERTEX_POINT('',#11982);
#3790=VERTEX_POINT('',#11986);
#3791=VERTEX_POINT('',#11988);
#3792=VERTEX_POINT('',#11992);
#3793=VERTEX_POINT('',#11994);
#3794=VERTEX_POINT('',#11998);
#3795=VERTEX_POINT('',#12000);
#3796=VERTEX_POINT('',#12004);
#3797=VERTEX_POINT('',#12006);
#3798=VERTEX_POINT('',#12010);
#3799=VERTEX_POINT('',#12012);
#3800=VERTEX_POINT('',#12016);
#3801=VERTEX_POINT('',#12018);
#3802=VERTEX_POINT('',#12022);
#3803=VERTEX_POINT('',#12024);
#3804=VERTEX_POINT('',#12041);
#3805=VERTEX_POINT('',#12042);
#3806=VERTEX_POINT('',#12048);
#3807=VERTEX_POINT('',#12050);
#3808=VERTEX_POINT('',#12067);
#3809=VERTEX_POINT('',#12073);
#3810=VERTEX_POINT('',#12090);
#3811=VERTEX_POINT('',#12096);
#3812=VERTEX_POINT('',#12113);
#3813=VERTEX_POINT('',#12119);
#3814=VERTEX_POINT('',#12136);
#3815=VERTEX_POINT('',#12142);
#3816=VERTEX_POINT('',#12159);
#3817=VERTEX_POINT('',#12165);
#3818=VERTEX_POINT('',#12182);
#3819=VERTEX_POINT('',#12188);
#3820=VERTEX_POINT('',#12196);
#3821=VERTEX_POINT('',#12198);
#3822=VERTEX_POINT('',#12211);
#3823=VERTEX_POINT('',#12217);
#3824=VERTEX_POINT('',#12234);
#3825=VERTEX_POINT('',#12240);
#3826=VERTEX_POINT('',#12257);
#3827=VERTEX_POINT('',#12263);
#3828=VERTEX_POINT('',#12280);
#3829=VERTEX_POINT('',#12286);
#3830=VERTEX_POINT('',#12303);
#3831=VERTEX_POINT('',#12309);
#3832=VERTEX_POINT('',#12326);
#3833=VERTEX_POINT('',#12332);
#3834=VERTEX_POINT('',#12349);
#3835=VERTEX_POINT('',#12355);
#3836=VERTEX_POINT('',#12372);
#3837=VERTEX_POINT('',#12378);
#3838=VERTEX_POINT('',#12395);
#3839=VERTEX_POINT('',#12401);
#3840=VERTEX_POINT('',#12418);
#3841=VERTEX_POINT('',#12424);
#3842=VERTEX_POINT('',#12441);
#3843=VERTEX_POINT('',#12447);
#3844=VERTEX_POINT('',#12464);
#3845=VERTEX_POINT('',#12470);
#3846=VERTEX_POINT('',#12487);
#3847=VERTEX_POINT('',#12493);
#3848=VERTEX_POINT('',#12501);
#3849=VERTEX_POINT('',#12503);
#3850=VERTEX_POINT('',#12537);
#3851=VERTEX_POINT('',#12538);
#3852=VERTEX_POINT('',#12544);
#3853=VERTEX_POINT('',#12546);
#3854=VERTEX_POINT('',#12563);
#3855=VERTEX_POINT('',#12569);
#3856=VERTEX_POINT('',#12586);
#3857=VERTEX_POINT('',#12592);
#3858=VERTEX_POINT('',#12609);
#3859=VERTEX_POINT('',#12615);
#3860=VERTEX_POINT('',#12632);
#3861=VERTEX_POINT('',#12638);
#3862=VERTEX_POINT('',#12655);
#3863=VERTEX_POINT('',#12661);
#3864=VERTEX_POINT('',#12678);
#3865=VERTEX_POINT('',#12684);
#3866=VERTEX_POINT('',#12721);
#3867=VERTEX_POINT('',#12722);
#3868=VERTEX_POINT('',#12728);
#3869=VERTEX_POINT('',#12730);
#3870=VERTEX_POINT('',#12747);
#3871=VERTEX_POINT('',#12753);
#3872=VERTEX_POINT('',#12770);
#3873=VERTEX_POINT('',#12776);
#3874=VERTEX_POINT('',#12793);
#3875=VERTEX_POINT('',#12799);
#3876=VERTEX_POINT('',#12816);
#3877=VERTEX_POINT('',#12822);
#3878=VERTEX_POINT('',#12839);
#3879=VERTEX_POINT('',#12845);
#3880=VERTEX_POINT('',#12862);
#3881=VERTEX_POINT('',#12868);
#3882=VERTEX_POINT('',#12906);
#3883=VERTEX_POINT('',#12907);
#3884=VERTEX_POINT('',#12913);
#3885=VERTEX_POINT('',#12915);
#3886=VERTEX_POINT('',#12932);
#3887=VERTEX_POINT('',#12938);
#3888=VERTEX_POINT('',#12955);
#3889=VERTEX_POINT('',#12961);
#3890=VERTEX_POINT('',#12978);
#3891=VERTEX_POINT('',#12984);
#3892=VERTEX_POINT('',#13001);
#3893=VERTEX_POINT('',#13007);
#3894=VERTEX_POINT('',#13024);
#3895=VERTEX_POINT('',#13030);
#3896=VERTEX_POINT('',#13047);
#3897=VERTEX_POINT('',#13053);
#3898=VERTEX_POINT('',#13070);
#3899=VERTEX_POINT('',#13076);
#3900=VERTEX_POINT('',#13096);
#3901=VERTEX_POINT('',#13097);
#3902=VERTEX_POINT('',#13103);
#3903=VERTEX_POINT('',#13105);
#3904=VERTEX_POINT('',#13122);
#3905=VERTEX_POINT('',#13128);
#3906=VERTEX_POINT('',#13145);
#3907=VERTEX_POINT('',#13151);
#3908=VERTEX_POINT('',#13168);
#3909=VERTEX_POINT('',#13174);
#3910=VERTEX_POINT('',#13191);
#3911=VERTEX_POINT('',#13197);
#3912=VERTEX_POINT('',#13214);
#3913=VERTEX_POINT('',#13220);
#3914=VERTEX_POINT('',#13237);
#3915=VERTEX_POINT('',#13243);
#3916=VERTEX_POINT('',#13260);
#3917=VERTEX_POINT('',#13266);
#3918=VERTEX_POINT('',#13283);
#3919=VERTEX_POINT('',#13289);
#3920=VERTEX_POINT('',#13306);
#3921=VERTEX_POINT('',#13312);
#3922=VERTEX_POINT('',#13329);
#3923=VERTEX_POINT('',#13335);
#3924=VERTEX_POINT('',#13352);
#3925=VERTEX_POINT('',#13358);
#3926=VERTEX_POINT('',#13375);
#3927=VERTEX_POINT('',#13381);
#3928=VERTEX_POINT('',#13389);
#3929=VERTEX_POINT('',#13391);
#3930=VERTEX_POINT('',#13404);
#3931=VERTEX_POINT('',#13410);
#3932=VERTEX_POINT('',#13427);
#3933=VERTEX_POINT('',#13433);
#3934=VERTEX_POINT('',#13441);
#3935=VERTEX_POINT('',#13443);
#3936=VERTEX_POINT('',#13456);
#3937=VERTEX_POINT('',#13462);
#3938=VERTEX_POINT('',#13479);
#3939=VERTEX_POINT('',#13485);
#3940=VERTEX_POINT('',#13502);
#3941=VERTEX_POINT('',#13508);
#3942=VERTEX_POINT('',#13525);
#3943=VERTEX_POINT('',#13531);
#3944=VERTEX_POINT('',#13548);
#3945=VERTEX_POINT('',#13554);
#3946=VERTEX_POINT('',#13571);
#3947=VERTEX_POINT('',#13577);
#3948=VERTEX_POINT('',#13594);
#3949=VERTEX_POINT('',#13600);
#3950=VERTEX_POINT('',#13617);
#3951=VERTEX_POINT('',#13623);
#3952=VERTEX_POINT('',#13631);
#3953=VERTEX_POINT('',#13633);
#3954=VERTEX_POINT('',#13667);
#3955=VERTEX_POINT('',#13668);
#3956=VERTEX_POINT('',#13674);
#3957=VERTEX_POINT('',#13676);
#3958=VERTEX_POINT('',#13693);
#3959=VERTEX_POINT('',#13699);
#3960=VERTEX_POINT('',#13716);
#3961=VERTEX_POINT('',#13722);
#3962=VERTEX_POINT('',#13739);
#3963=VERTEX_POINT('',#13745);
#3964=VERTEX_POINT('',#13762);
#3965=VERTEX_POINT('',#13768);
#3966=VERTEX_POINT('',#13785);
#3967=VERTEX_POINT('',#13791);
#3968=VERTEX_POINT('',#13808);
#3969=VERTEX_POINT('',#13814);
#3970=VERTEX_POINT('',#13842);
#3971=VERTEX_POINT('',#13843);
#3972=VERTEX_POINT('',#13845);
#3973=VERTEX_POINT('',#13847);
#3974=VERTEX_POINT('',#13860);
#3975=VERTEX_POINT('',#13866);
#3976=VERTEX_POINT('',#13883);
#3977=VERTEX_POINT('',#13889);
#3978=VERTEX_POINT('',#13906);
#3979=VERTEX_POINT('',#13912);
#3980=VERTEX_POINT('',#13929);
#3981=VERTEX_POINT('',#13935);
#3982=VERTEX_POINT('',#13952);
#3983=VERTEX_POINT('',#13958);
#3984=VERTEX_POINT('',#13975);
#3985=VERTEX_POINT('',#13981);
#3986=VERTEX_POINT('',#13998);
#3987=VERTEX_POINT('',#14004);
#3988=VERTEX_POINT('',#14021);
#3989=VERTEX_POINT('',#14027);
#3990=VERTEX_POINT('',#14035);
#3991=VERTEX_POINT('',#14037);
#3992=VERTEX_POINT('',#14041);
#3993=VERTEX_POINT('',#14043);
#3994=VERTEX_POINT('',#14047);
#3995=VERTEX_POINT('',#14049);
#3996=VERTEX_POINT('',#14057);
#3997=VERTEX_POINT('',#14058);
#3998=VERTEX_POINT('',#14060);
#3999=VERTEX_POINT('',#14062);
#4000=VERTEX_POINT('',#14066);
#4001=VERTEX_POINT('',#14068);
#4002=VERTEX_POINT('',#14081);
#4003=VERTEX_POINT('',#14087);
#4004=VERTEX_POINT('',#14104);
#4005=VERTEX_POINT('',#14110);
#4006=VERTEX_POINT('',#14127);
#4007=VERTEX_POINT('',#14133);
#4008=VERTEX_POINT('',#14141);
#4009=VERTEX_POINT('',#14143);
#4010=VERTEX_POINT('',#14156);
#4011=VERTEX_POINT('',#14162);
#4012=VERTEX_POINT('',#14179);
#4013=VERTEX_POINT('',#14185);
#4014=VERTEX_POINT('',#14202);
#4015=VERTEX_POINT('',#14208);
#4016=VERTEX_POINT('',#14216);
#4017=VERTEX_POINT('',#14218);
#4018=VERTEX_POINT('',#14222);
#4019=VERTEX_POINT('',#14224);
#4020=VERTEX_POINT('',#14241);
#4021=VERTEX_POINT('',#14242);
#4022=VERTEX_POINT('',#14248);
#4023=VERTEX_POINT('',#14250);
#4024=VERTEX_POINT('',#14267);
#4025=VERTEX_POINT('',#14273);
#4026=VERTEX_POINT('',#14290);
#4027=VERTEX_POINT('',#14296);
#4028=VERTEX_POINT('',#14313);
#4029=VERTEX_POINT('',#14319);
#4030=VERTEX_POINT('',#14336);
#4031=VERTEX_POINT('',#14342);
#4032=VERTEX_POINT('',#14359);
#4033=VERTEX_POINT('',#14365);
#4034=VERTEX_POINT('',#14382);
#4035=VERTEX_POINT('',#14388);
#4036=VERTEX_POINT('',#14405);
#4037=VERTEX_POINT('',#14411);
#4038=VERTEX_POINT('',#14431);
#4039=VERTEX_POINT('',#14432);
#4040=VERTEX_POINT('',#14438);
#4041=VERTEX_POINT('',#14440);
#4042=VERTEX_POINT('',#14457);
#4043=VERTEX_POINT('',#14463);
#4044=VERTEX_POINT('',#14480);
#4045=VERTEX_POINT('',#14486);
#4046=VERTEX_POINT('',#14503);
#4047=VERTEX_POINT('',#14509);
#4048=VERTEX_POINT('',#14526);
#4049=VERTEX_POINT('',#14532);
#4050=VERTEX_POINT('',#14549);
#4051=VERTEX_POINT('',#14555);
#4052=VERTEX_POINT('',#14572);
#4053=VERTEX_POINT('',#14578);
#4054=VERTEX_POINT('',#14595);
#4055=VERTEX_POINT('',#14601);
#4056=VERTEX_POINT('',#14618);
#4057=VERTEX_POINT('',#14624);
#4058=VERTEX_POINT('',#14641);
#4059=VERTEX_POINT('',#14647);
#4060=VERTEX_POINT('',#14664);
#4061=VERTEX_POINT('',#14670);
#4062=VERTEX_POINT('',#14687);
#4063=VERTEX_POINT('',#14693);
#4064=VERTEX_POINT('',#14710);
#4065=VERTEX_POINT('',#14716);
#4066=VERTEX_POINT('',#14724);
#4067=VERTEX_POINT('',#14726);
#4068=VERTEX_POINT('',#14739);
#4069=VERTEX_POINT('',#14745);
#4070=VERTEX_POINT('',#14762);
#4071=VERTEX_POINT('',#14768);
#4072=VERTEX_POINT('',#14776);
#4073=VERTEX_POINT('',#14778);
#4074=VERTEX_POINT('',#14791);
#4075=VERTEX_POINT('',#14797);
#4076=VERTEX_POINT('',#14814);
#4077=VERTEX_POINT('',#14820);
#4078=VERTEX_POINT('',#14837);
#4079=VERTEX_POINT('',#14843);
#4080=VERTEX_POINT('',#14860);
#4081=VERTEX_POINT('',#14866);
#4082=VERTEX_POINT('',#14883);
#4083=VERTEX_POINT('',#14889);
#4084=VERTEX_POINT('',#14906);
#4085=VERTEX_POINT('',#14912);
#4086=VERTEX_POINT('',#14929);
#4087=VERTEX_POINT('',#14935);
#4088=VERTEX_POINT('',#14952);
#4089=VERTEX_POINT('',#14958);
#4090=VERTEX_POINT('',#14966);
#4091=VERTEX_POINT('',#14968);
#4092=VERTEX_POINT('',#15002);
#4093=VERTEX_POINT('',#15003);
#4094=VERTEX_POINT('',#15009);
#4095=VERTEX_POINT('',#15011);
#4096=VERTEX_POINT('',#15028);
#4097=VERTEX_POINT('',#15034);
#4098=VERTEX_POINT('',#15051);
#4099=VERTEX_POINT('',#15057);
#4100=VERTEX_POINT('',#15074);
#4101=VERTEX_POINT('',#15080);
#4102=VERTEX_POINT('',#15097);
#4103=VERTEX_POINT('',#15103);
#4104=VERTEX_POINT('',#15120);
#4105=VERTEX_POINT('',#15126);
#4106=VERTEX_POINT('',#15143);
#4107=VERTEX_POINT('',#15149);
#4108=VERTEX_POINT('',#15177);
#4109=VERTEX_POINT('',#15178);
#4110=VERTEX_POINT('',#15180);
#4111=VERTEX_POINT('',#15182);
#4112=VERTEX_POINT('',#15195);
#4113=VERTEX_POINT('',#15201);
#4114=VERTEX_POINT('',#15218);
#4115=VERTEX_POINT('',#15224);
#4116=VERTEX_POINT('',#15241);
#4117=VERTEX_POINT('',#15247);
#4118=VERTEX_POINT('',#15264);
#4119=VERTEX_POINT('',#15270);
#4120=VERTEX_POINT('',#15287);
#4121=VERTEX_POINT('',#15293);
#4122=VERTEX_POINT('',#15310);
#4123=VERTEX_POINT('',#15316);
#4124=VERTEX_POINT('',#15333);
#4125=VERTEX_POINT('',#15339);
#4126=VERTEX_POINT('',#15356);
#4127=VERTEX_POINT('',#15362);
#4128=VERTEX_POINT('',#15370);
#4129=VERTEX_POINT('',#15372);
#4130=VERTEX_POINT('',#15376);
#4131=VERTEX_POINT('',#15378);
#4132=VERTEX_POINT('',#15382);
#4133=VERTEX_POINT('',#15384);
#4134=VERTEX_POINT('',#15392);
#4135=VERTEX_POINT('',#15393);
#4136=VERTEX_POINT('',#15395);
#4137=VERTEX_POINT('',#15397);
#4138=VERTEX_POINT('',#15401);
#4139=VERTEX_POINT('',#15403);
#4140=VERTEX_POINT('',#15407);
#4141=VERTEX_POINT('',#15409);
#4142=VERTEX_POINT('',#15417);
#4143=VERTEX_POINT('',#15418);
#4144=VERTEX_POINT('',#15420);
#4145=VERTEX_POINT('',#15422);
#4146=VERTEX_POINT('',#15426);
#4147=VERTEX_POINT('',#15428);
#4148=VERTEX_POINT('',#15441);
#4149=VERTEX_POINT('',#15447);
#4150=VERTEX_POINT('',#15464);
#4151=VERTEX_POINT('',#15470);
#4152=VERTEX_POINT('',#15487);
#4153=VERTEX_POINT('',#15493);
#4154=VERTEX_POINT('',#15501);
#4155=VERTEX_POINT('',#15503);
#4156=VERTEX_POINT('',#15516);
#4157=VERTEX_POINT('',#15522);
#4158=VERTEX_POINT('',#15539);
#4159=VERTEX_POINT('',#15545);
#4160=VERTEX_POINT('',#15562);
#4161=VERTEX_POINT('',#15568);
#4162=VERTEX_POINT('',#15576);
#4163=VERTEX_POINT('',#15578);
#4164=VERTEX_POINT('',#15582);
#4165=VERTEX_POINT('',#15584);
#4166=VERTEX_POINT('',#15601);
#4167=VERTEX_POINT('',#15602);
#4168=VERTEX_POINT('',#15608);
#4169=VERTEX_POINT('',#15610);
#4170=VERTEX_POINT('',#15627);
#4171=VERTEX_POINT('',#15633);
#4172=VERTEX_POINT('',#15650);
#4173=VERTEX_POINT('',#15656);
#4174=VERTEX_POINT('',#15673);
#4175=VERTEX_POINT('',#15679);
#4176=VERTEX_POINT('',#15699);
#4177=VERTEX_POINT('',#15700);
#4178=VERTEX_POINT('',#15706);
#4179=VERTEX_POINT('',#15708);
#4180=VERTEX_POINT('',#15725);
#4181=VERTEX_POINT('',#15731);
#4182=VERTEX_POINT('',#15748);
#4183=VERTEX_POINT('',#15754);
#4184=VERTEX_POINT('',#15771);
#4185=VERTEX_POINT('',#15777);
#4186=VERTEX_POINT('',#15794);
#4187=VERTEX_POINT('',#15800);
#4188=VERTEX_POINT('',#15817);
#4189=VERTEX_POINT('',#15823);
#4190=VERTEX_POINT('',#15840);
#4191=VERTEX_POINT('',#15846);
#4192=VERTEX_POINT('',#15863);
#4193=VERTEX_POINT('',#15869);
#4194=VERTEX_POINT('',#15886);
#4195=VERTEX_POINT('',#15892);
#4196=VERTEX_POINT('',#15909);
#4197=VERTEX_POINT('',#15915);
#4198=VERTEX_POINT('',#15923);
#4199=VERTEX_POINT('',#15925);
#4200=VERTEX_POINT('',#15938);
#4201=VERTEX_POINT('',#15944);
#4202=VERTEX_POINT('',#15961);
#4203=VERTEX_POINT('',#15967);
#4204=VERTEX_POINT('',#15984);
#4205=VERTEX_POINT('',#15990);
#4206=VERTEX_POINT('',#16007);
#4207=VERTEX_POINT('',#16013);
#4208=VERTEX_POINT('',#16021);
#4209=VERTEX_POINT('',#16023);
#4210=VERTEX_POINT('',#16040);
#4211=VERTEX_POINT('',#16041);
#4212=VERTEX_POINT('',#16047);
#4213=VERTEX_POINT('',#16049);
#4214=VERTEX_POINT('',#16066);
#4215=VERTEX_POINT('',#16072);
#4216=VERTEX_POINT('',#16089);
#4217=VERTEX_POINT('',#16095);
#4218=VERTEX_POINT('',#16112);
#4219=VERTEX_POINT('',#16118);
#4220=VERTEX_POINT('',#16135);
#4221=VERTEX_POINT('',#16141);
#4222=VERTEX_POINT('',#16158);
#4223=VERTEX_POINT('',#16164);
#4224=VERTEX_POINT('',#16181);
#4225=VERTEX_POINT('',#16187);
#4226=VERTEX_POINT('',#16204);
#4227=VERTEX_POINT('',#16210);
#4228=VERTEX_POINT('',#16227);
#4229=VERTEX_POINT('',#16233);
#4230=VERTEX_POINT('',#16250);
#4231=VERTEX_POINT('',#16256);
#4232=VERTEX_POINT('',#16273);
#4233=VERTEX_POINT('',#16279);
#4234=VERTEX_POINT('',#16296);
#4235=VERTEX_POINT('',#16302);
#4236=VERTEX_POINT('',#16319);
#4237=VERTEX_POINT('',#16325);
#4238=VERTEX_POINT('',#16333);
#4239=VERTEX_POINT('',#16335);
#4240=VERTEX_POINT('',#16348);
#4241=VERTEX_POINT('',#16354);
#4242=VERTEX_POINT('',#16371);
#4243=VERTEX_POINT('',#16377);
#4244=VERTEX_POINT('',#16394);
#4245=VERTEX_POINT('',#16400);
#4246=VERTEX_POINT('',#16417);
#4247=VERTEX_POINT('',#16423);
#4248=VERTEX_POINT('',#16440);
#4249=VERTEX_POINT('',#16446);
#4250=VERTEX_POINT('',#16463);
#4251=VERTEX_POINT('',#16469);
#4252=VERTEX_POINT('',#16486);
#4253=VERTEX_POINT('',#16492);
#4254=VERTEX_POINT('',#16509);
#4255=VERTEX_POINT('',#16515);
#4256=VERTEX_POINT('',#16532);
#4257=VERTEX_POINT('',#16538);
#4258=VERTEX_POINT('',#16555);
#4259=VERTEX_POINT('',#16561);
#4260=VERTEX_POINT('',#16578);
#4261=VERTEX_POINT('',#16584);
#4262=VERTEX_POINT('',#16601);
#4263=VERTEX_POINT('',#16607);
#4264=VERTEX_POINT('',#16624);
#4265=VERTEX_POINT('',#16630);
#4266=VERTEX_POINT('',#16638);
#4267=VERTEX_POINT('',#16640);
#4268=VERTEX_POINT('',#16665);
#4269=VERTEX_POINT('',#16666);
#4270=VERTEX_POINT('',#16668);
#4271=VERTEX_POINT('',#16670);
#4272=VERTEX_POINT('',#16672);
#4273=VERTEX_POINT('',#16674);
#4274=VERTEX_POINT('',#16676);
#4275=VERTEX_POINT('',#16678);
#4276=VERTEX_POINT('',#16681);
#4277=VERTEX_POINT('',#16683);
#4278=VERTEX_POINT('',#16685);
#4279=VERTEX_POINT('',#16687);
#4280=VERTEX_POINT('',#16695);
#4281=VERTEX_POINT('',#16697);
#4282=VERTEX_POINT('',#16702);
#4283=VERTEX_POINT('',#16704);
#4284=VERTEX_POINT('',#16708);
#4285=VERTEX_POINT('',#16710);
#4286=VERTEX_POINT('',#16714);
#4287=VERTEX_POINT('',#16716);
#4288=VERTEX_POINT('',#16720);
#4289=VERTEX_POINT('',#16725);
#4290=VERTEX_POINT('',#16727);
#4291=VERTEX_POINT('',#16729);
#4292=VERTEX_POINT('',#16731);
#4293=VERTEX_POINT('',#16733);
#4294=VERTEX_POINT('',#16735);
#4295=VERTEX_POINT('',#16737);
#4296=VERTEX_POINT('',#16739);
#4297=VERTEX_POINT('',#16741);
#4298=VERTEX_POINT('',#16743);
#4299=VERTEX_POINT('',#16747);
#4300=VERTEX_POINT('',#16749);
#4301=VERTEX_POINT('',#16751);
#4302=VERTEX_POINT('',#16753);
#4303=VERTEX_POINT('',#16761);
#4304=VERTEX_POINT('',#16763);
#4305=VERTEX_POINT('',#16767);
#4306=VERTEX_POINT('',#16769);
#4307=VERTEX_POINT('',#16777);
#4308=VERTEX_POINT('',#16778);
#4309=VERTEX_POINT('',#16780);
#4310=VERTEX_POINT('',#16782);
#4311=VERTEX_POINT('',#16793);
#4312=VERTEX_POINT('',#16797);
#4313=VERTEX_POINT('',#16801);
#4314=VERTEX_POINT('',#16808);
#4315=VERTEX_POINT('',#16813);
#4316=VERTEX_POINT('',#16818);
#4317=VERTEX_POINT('',#16825);
#4318=VERTEX_POINT('',#16827);
#4319=VERTEX_POINT('',#16831);
#4320=VERTEX_POINT('',#16833);
#4321=VERTEX_POINT('',#16839);
#4322=VERTEX_POINT('',#16841);
#4323=VERTEX_POINT('',#16845);
#4324=VERTEX_POINT('',#16847);
#4325=VERTEX_POINT('',#16853);
#4326=VERTEX_POINT('',#16855);
#4327=VERTEX_POINT('',#16858);
#4328=VERTEX_POINT('',#16862);
#4329=VERTEX_POINT('',#16870);
#4330=VERTEX_POINT('',#16871);
#4331=VERTEX_POINT('',#16873);
#4332=VERTEX_POINT('',#16875);
#4333=VERTEX_POINT('',#16879);
#4334=VERTEX_POINT('',#16880);
#4335=VERTEX_POINT('',#16885);
#4336=VERTEX_POINT('',#16887);
#4337=VERTEX_POINT('',#16892);
#4338=VERTEX_POINT('',#16894);
#4339=VERTEX_POINT('',#16896);
#4340=VERTEX_POINT('',#16898);
#4341=VERTEX_POINT('',#16900);
#4342=VERTEX_POINT('',#16902);
#4343=VERTEX_POINT('',#16904);
#4344=VERTEX_POINT('',#16906);
#4345=VERTEX_POINT('',#16908);
#4346=VERTEX_POINT('',#16910);
#4347=VERTEX_POINT('',#16912);
#4348=VERTEX_POINT('',#16914);
#4349=VERTEX_POINT('',#16916);
#4350=VERTEX_POINT('',#16918);
#4351=VERTEX_POINT('',#16920);
#4352=VERTEX_POINT('',#16922);
#4353=VERTEX_POINT('',#16924);
#4354=VERTEX_POINT('',#16926);
#4355=VERTEX_POINT('',#16928);
#4356=VERTEX_POINT('',#16930);
#4357=VERTEX_POINT('',#16932);
#4358=VERTEX_POINT('',#16934);
#4359=VERTEX_POINT('',#16936);
#4360=VERTEX_POINT('',#16938);
#4361=VERTEX_POINT('',#16940);
#4362=VERTEX_POINT('',#16942);
#4363=VERTEX_POINT('',#16944);
#4364=VERTEX_POINT('',#16946);
#4365=VERTEX_POINT('',#16948);
#4366=VERTEX_POINT('',#16950);
#4367=VERTEX_POINT('',#16952);
#4368=VERTEX_POINT('',#16954);
#4369=VERTEX_POINT('',#16956);
#4370=VERTEX_POINT('',#16958);
#4371=VERTEX_POINT('',#16959);
#4372=VERTEX_POINT('',#16961);
#4373=VERTEX_POINT('',#16963);
#4374=VERTEX_POINT('',#16966);
#4375=VERTEX_POINT('',#16968);
#4376=VERTEX_POINT('',#16970);
#4377=VERTEX_POINT('',#16972);
#4378=VERTEX_POINT('',#16974);
#4379=VERTEX_POINT('',#16976);
#4380=VERTEX_POINT('',#16978);
#4381=VERTEX_POINT('',#16980);
#4382=VERTEX_POINT('',#16982);
#4383=VERTEX_POINT('',#16984);
#4384=VERTEX_POINT('',#16986);
#4385=VERTEX_POINT('',#16988);
#4386=VERTEX_POINT('',#16989);
#4387=VERTEX_POINT('',#16991);
#4388=VERTEX_POINT('',#16993);
#4389=VERTEX_POINT('',#16996);
#4390=VERTEX_POINT('',#16998);
#4391=VERTEX_POINT('',#17000);
#4392=VERTEX_POINT('',#17002);
#4393=VERTEX_POINT('',#17006);
#4394=VERTEX_POINT('',#17008);
#4395=VERTEX_POINT('',#17010);
#4396=VERTEX_POINT('',#17012);
#4397=VERTEX_POINT('',#17014);
#4398=VERTEX_POINT('',#17016);
#4399=VERTEX_POINT('',#17018);
#4400=VERTEX_POINT('',#17020);
#4401=VERTEX_POINT('',#17022);
#4402=VERTEX_POINT('',#17024);
#4403=VERTEX_POINT('',#17026);
#4404=VERTEX_POINT('',#17028);
#4405=VERTEX_POINT('',#17030);
#4406=VERTEX_POINT('',#17032);
#4407=VERTEX_POINT('',#17034);
#4408=VERTEX_POINT('',#17036);
#4409=VERTEX_POINT('',#17038);
#4410=VERTEX_POINT('',#17040);
#4411=VERTEX_POINT('',#17042);
#4412=VERTEX_POINT('',#17044);
#4413=VERTEX_POINT('',#17046);
#4414=VERTEX_POINT('',#17048);
#4415=VERTEX_POINT('',#17050);
#4416=VERTEX_POINT('',#17052);
#4417=VERTEX_POINT('',#17054);
#4418=VERTEX_POINT('',#17056);
#4419=VERTEX_POINT('',#17058);
#4420=VERTEX_POINT('',#17060);
#4421=VERTEX_POINT('',#17062);
#4422=VERTEX_POINT('',#17064);
#4423=VERTEX_POINT('',#17066);
#4424=VERTEX_POINT('',#17068);
#4425=VERTEX_POINT('',#17070);
#4426=VERTEX_POINT('',#17072);
#4427=VERTEX_POINT('',#17073);
#4428=VERTEX_POINT('',#17075);
#4429=VERTEX_POINT('',#17077);
#4430=VERTEX_POINT('',#17080);
#4431=VERTEX_POINT('',#17082);
#4432=VERTEX_POINT('',#17084);
#4433=VERTEX_POINT('',#17086);
#4434=VERTEX_POINT('',#17088);
#4435=VERTEX_POINT('',#17090);
#4436=VERTEX_POINT('',#17092);
#4437=VERTEX_POINT('',#17094);
#4438=VERTEX_POINT('',#17096);
#4439=VERTEX_POINT('',#17098);
#4440=VERTEX_POINT('',#17100);
#4441=VERTEX_POINT('',#17102);
#4442=VERTEX_POINT('',#17103);
#4443=VERTEX_POINT('',#17105);
#4444=VERTEX_POINT('',#17107);
#4445=VERTEX_POINT('',#17110);
#4446=VERTEX_POINT('',#17112);
#4447=VERTEX_POINT('',#17114);
#4448=VERTEX_POINT('',#17116);
#4449=VERTEX_POINT('',#17234);
#4450=VERTEX_POINT('',#17236);
#4451=VERTEX_POINT('',#17240);
#4452=VERTEX_POINT('',#17241);
#4453=VERTEX_POINT('',#17243);
#4454=VERTEX_POINT('',#17245);
#4455=VERTEX_POINT('',#17249);
#4456=VERTEX_POINT('',#17251);
#4457=VERTEX_POINT('',#17255);
#4458=VERTEX_POINT('',#17257);
#4459=VERTEX_POINT('',#17259);
#4460=VERTEX_POINT('',#17261);
#4461=VERTEX_POINT('',#17263);
#4462=VERTEX_POINT('',#17265);
#4463=VERTEX_POINT('',#17267);
#4464=VERTEX_POINT('',#17269);
#4465=VERTEX_POINT('',#17271);
#4466=VERTEX_POINT('',#17274);
#4467=VERTEX_POINT('',#17275);
#4468=VERTEX_POINT('',#17277);
#4469=VERTEX_POINT('',#17279);
#4470=VERTEX_POINT('',#17282);
#4471=VERTEX_POINT('',#17283);
#4472=VERTEX_POINT('',#17285);
#4473=VERTEX_POINT('',#17287);
#4474=VERTEX_POINT('',#17290);
#4475=VERTEX_POINT('',#17291);
#4476=VERTEX_POINT('',#17293);
#4477=VERTEX_POINT('',#17295);
#4478=VERTEX_POINT('',#17298);
#4479=VERTEX_POINT('',#17299);
#4480=VERTEX_POINT('',#17301);
#4481=VERTEX_POINT('',#17303);
#4482=VERTEX_POINT('',#17306);
#4483=VERTEX_POINT('',#17307);
#4484=VERTEX_POINT('',#17309);
#4485=VERTEX_POINT('',#17311);
#4486=VERTEX_POINT('',#17314);
#4487=VERTEX_POINT('',#17315);
#4488=VERTEX_POINT('',#17317);
#4489=VERTEX_POINT('',#17319);
#4490=VERTEX_POINT('',#17322);
#4491=VERTEX_POINT('',#17323);
#4492=VERTEX_POINT('',#17325);
#4493=VERTEX_POINT('',#17327);
#4494=VERTEX_POINT('',#17330);
#4495=VERTEX_POINT('',#17332);
#4496=VERTEX_POINT('',#17334);
#4497=VERTEX_POINT('',#17336);
#4498=VERTEX_POINT('',#17339);
#4499=VERTEX_POINT('',#17340);
#4500=VERTEX_POINT('',#17345);
#4501=VERTEX_POINT('',#17349);
#4502=VERTEX_POINT('',#17353);
#4503=VERTEX_POINT('',#17357);
#4504=VERTEX_POINT('',#17361);
#4505=VERTEX_POINT('',#17362);
#4506=VERTEX_POINT('',#17367);
#4507=VERTEX_POINT('',#17371);
#4508=VERTEX_POINT('',#17377);
#4509=VERTEX_POINT('',#17378);
#4510=VERTEX_POINT('',#17383);
#4511=VERTEX_POINT('',#17387);
#4512=VERTEX_POINT('',#17393);
#4513=VERTEX_POINT('',#17394);
#4514=VERTEX_POINT('',#17399);
#4515=VERTEX_POINT('',#17403);
#4516=VERTEX_POINT('',#17409);
#4517=VERTEX_POINT('',#17410);
#4518=VERTEX_POINT('',#17415);
#4519=VERTEX_POINT('',#17419);
#4520=VERTEX_POINT('',#17425);
#4521=VERTEX_POINT('',#17426);
#4522=VERTEX_POINT('',#17431);
#4523=VERTEX_POINT('',#17435);
#4524=VERTEX_POINT('',#17441);
#4525=VERTEX_POINT('',#17442);
#4526=VERTEX_POINT('',#17447);
#4527=VERTEX_POINT('',#17451);
#4528=VERTEX_POINT('',#17457);
#4529=VERTEX_POINT('',#17458);
#4530=VERTEX_POINT('',#17463);
#4531=VERTEX_POINT('',#17467);
#4532=VERTEX_POINT('',#17473);
#4533=VERTEX_POINT('',#17474);
#4534=VERTEX_POINT('',#17479);
#4535=VERTEX_POINT('',#17487);
#4536=VERTEX_POINT('',#17491);
#4537=VERTEX_POINT('',#17495);
#4538=VERTEX_POINT('',#17499);
#4539=VERTEX_POINT('',#17507);
#4540=VERTEX_POINT('',#17508);
#4541=VERTEX_POINT('',#17510);
#4542=VERTEX_POINT('',#17512);
#4543=VERTEX_POINT('',#17520);
#4544=VERTEX_POINT('',#17522);
#4545=VERTEX_POINT('',#17527);
#4546=VERTEX_POINT('',#17529);
#4547=EDGE_CURVE('',#3674,#3675,#2236,.T.);
#4548=EDGE_CURVE('',#3674,#3676,#2237,.T.);
#4549=EDGE_CURVE('',#3676,#3677,#2238,.T.);
#4550=EDGE_CURVE('',#3675,#3677,#2239,.T.);
#4551=EDGE_CURVE('',#3678,#3674,#2240,.T.);
#4552=EDGE_CURVE('',#3678,#3679,#2241,.T.);
#4553=EDGE_CURVE('',#3679,#3676,#2242,.T.);
#4554=EDGE_CURVE('',#3680,#3678,#473,.T.);
#4555=EDGE_CURVE('',#3680,#3681,#2243,.T.);
#4556=EDGE_CURVE('',#3681,#3679,#474,.T.);
#4557=EDGE_CURVE('',#3682,#3680,#475,.T.);
#4558=EDGE_CURVE('',#3682,#3683,#2244,.T.);
#4559=EDGE_CURVE('',#3683,#3681,#476,.T.);
#4560=EDGE_CURVE('',#3684,#3682,#477,.T.);
#4561=EDGE_CURVE('',#3684,#3685,#2245,.T.);
#4562=EDGE_CURVE('',#3685,#3683,#478,.T.);
#4563=EDGE_CURVE('',#3686,#3684,#479,.T.);
#4564=EDGE_CURVE('',#3686,#3687,#2246,.T.);
#4565=EDGE_CURVE('',#3687,#3685,#480,.T.);
#4566=EDGE_CURVE('',#3688,#3686,#2247,.T.);
#4567=EDGE_CURVE('',#3688,#3689,#2248,.T.);
#4568=EDGE_CURVE('',#3689,#3687,#2249,.T.);
#4569=EDGE_CURVE('',#3690,#3688,#2250,.T.);
#4570=EDGE_CURVE('',#3690,#3691,#2251,.T.);
#4571=EDGE_CURVE('',#3691,#3689,#2252,.T.);
#4572=EDGE_CURVE('',#3692,#3690,#2253,.T.);
#4573=EDGE_CURVE('',#3692,#3693,#2254,.T.);
#4574=EDGE_CURVE('',#3693,#3691,#2255,.T.);
#4575=EDGE_CURVE('',#3694,#3692,#481,.T.);
#4576=EDGE_CURVE('',#3694,#3695,#2256,.T.);
#4577=EDGE_CURVE('',#3695,#3693,#482,.T.);
#4578=EDGE_CURVE('',#3696,#3694,#483,.T.);
#4579=EDGE_CURVE('',#3696,#3697,#2257,.T.);
#4580=EDGE_CURVE('',#3697,#3695,#484,.T.);
#4581=EDGE_CURVE('',#3698,#3696,#485,.T.);
#4582=EDGE_CURVE('',#3698,#3699,#2258,.T.);
#4583=EDGE_CURVE('',#3699,#3697,#486,.T.);
#4584=EDGE_CURVE('',#3700,#3698,#487,.T.);
#4585=EDGE_CURVE('',#3700,#3701,#2259,.T.);
#4586=EDGE_CURVE('',#3701,#3699,#488,.T.);
#4587=EDGE_CURVE('',#3702,#3700,#2260,.T.);
#4588=EDGE_CURVE('',#3702,#3703,#2261,.T.);
#4589=EDGE_CURVE('',#3703,#3701,#2262,.T.);
#4590=EDGE_CURVE('',#3704,#3702,#2263,.T.);
#4591=EDGE_CURVE('',#3704,#3705,#2264,.T.);
#4592=EDGE_CURVE('',#3705,#3703,#2265,.T.);
#4593=EDGE_CURVE('',#3675,#3704,#2266,.T.);
#4594=EDGE_CURVE('',#3677,#3705,#2267,.T.);
#4595=EDGE_CURVE('',#3706,#3707,#2268,.T.);
#4596=EDGE_CURVE('',#3706,#3708,#2269,.T.);
#4597=EDGE_CURVE('',#3708,#3709,#2270,.T.);
#4598=EDGE_CURVE('',#3707,#3709,#2271,.T.);
#4599=EDGE_CURVE('',#3710,#3706,#2272,.T.);
#4600=EDGE_CURVE('',#3710,#3711,#2273,.T.);
#4601=EDGE_CURVE('',#3711,#3708,#2274,.T.);
#4602=EDGE_CURVE('',#3712,#3710,#489,.T.);
#4603=EDGE_CURVE('',#3712,#3713,#2275,.T.);
#4604=EDGE_CURVE('',#3713,#3711,#490,.T.);
#4605=EDGE_CURVE('',#3714,#3712,#491,.T.);
#4606=EDGE_CURVE('',#3714,#3715,#2276,.T.);
#4607=EDGE_CURVE('',#3715,#3713,#492,.T.);
#4608=EDGE_CURVE('',#3716,#3714,#493,.T.);
#4609=EDGE_CURVE('',#3716,#3717,#2277,.T.);
#4610=EDGE_CURVE('',#3717,#3715,#494,.T.);
#4611=EDGE_CURVE('',#3718,#3716,#2278,.T.);
#4612=EDGE_CURVE('',#3718,#3719,#2279,.T.);
#4613=EDGE_CURVE('',#3719,#3717,#2280,.T.);
#4614=EDGE_CURVE('',#3720,#3718,#495,.T.);
#4615=EDGE_CURVE('',#3720,#3721,#2281,.T.);
#4616=EDGE_CURVE('',#3721,#3719,#496,.T.);
#4617=EDGE_CURVE('',#3722,#3720,#497,.T.);
#4618=EDGE_CURVE('',#3722,#3723,#2282,.T.);
#4619=EDGE_CURVE('',#3723,#3721,#498,.T.);
#4620=EDGE_CURVE('',#3724,#3722,#499,.T.);
#4621=EDGE_CURVE('',#3724,#3725,#2283,.T.);
#4622=EDGE_CURVE('',#3725,#3723,#500,.T.);
#4623=EDGE_CURVE('',#3726,#3724,#2284,.T.);
#4624=EDGE_CURVE('',#3726,#3727,#2285,.T.);
#4625=EDGE_CURVE('',#3727,#3725,#2286,.T.);
#4626=EDGE_CURVE('',#3728,#3726,#2287,.T.);
#4627=EDGE_CURVE('',#3728,#3729,#2288,.T.);
#4628=EDGE_CURVE('',#3729,#3727,#2289,.T.);
#4629=EDGE_CURVE('',#3707,#3728,#2290,.T.);
#4630=EDGE_CURVE('',#3709,#3729,#2291,.T.);
#4631=EDGE_CURVE('',#3730,#3731,#2292,.T.);
#4632=EDGE_CURVE('',#3730,#3732,#2293,.T.);
#4633=EDGE_CURVE('',#3732,#3733,#2294,.T.);
#4634=EDGE_CURVE('',#3731,#3733,#2295,.T.);
#4635=EDGE_CURVE('',#3734,#3730,#2296,.T.);
#4636=EDGE_CURVE('',#3734,#3735,#2297,.T.);
#4637=EDGE_CURVE('',#3735,#3732,#2298,.T.);
#4638=EDGE_CURVE('',#3736,#3734,#2299,.T.);
#4639=EDGE_CURVE('',#3736,#3737,#2300,.T.);
#4640=EDGE_CURVE('',#3737,#3735,#2301,.T.);
#4641=EDGE_CURVE('',#3731,#3736,#2302,.T.);
#4642=EDGE_CURVE('',#3733,#3737,#2303,.T.);
#4643=EDGE_CURVE('',#3738,#3739,#501,.T.);
#4644=EDGE_CURVE('',#3738,#3740,#2304,.T.);
#4645=EDGE_CURVE('',#3740,#3741,#502,.T.);
#4646=EDGE_CURVE('',#3739,#3741,#2305,.T.);
#4647=EDGE_CURVE('',#3742,#3738,#503,.T.);
#4648=EDGE_CURVE('',#3742,#3743,#2306,.T.);
#4649=EDGE_CURVE('',#3743,#3740,#504,.T.);
#4650=EDGE_CURVE('',#3744,#3742,#505,.T.);
#4651=EDGE_CURVE('',#3744,#3745,#2307,.T.);
#4652=EDGE_CURVE('',#3745,#3743,#506,.T.);
#4653=EDGE_CURVE('',#3746,#3744,#2308,.T.);
#4654=EDGE_CURVE('',#3746,#3747,#2309,.T.);
#4655=EDGE_CURVE('',#3747,#3745,#2310,.T.);
#4656=EDGE_CURVE('',#3748,#3746,#507,.T.);
#4657=EDGE_CURVE('',#3748,#3749,#2311,.T.);
#4658=EDGE_CURVE('',#3749,#3747,#508,.T.);
#4659=EDGE_CURVE('',#3750,#3748,#509,.T.);
#4660=EDGE_CURVE('',#3750,#3751,#2312,.T.);
#4661=EDGE_CURVE('',#3751,#3749,#510,.T.);
#4662=EDGE_CURVE('',#3752,#3750,#511,.T.);
#4663=EDGE_CURVE('',#3752,#3753,#2313,.T.);
#4664=EDGE_CURVE('',#3753,#3751,#512,.T.);
#4665=EDGE_CURVE('',#3754,#3752,#513,.T.);
#4666=EDGE_CURVE('',#3754,#3755,#2314,.T.);
#4667=EDGE_CURVE('',#3755,#3753,#514,.T.);
#4668=EDGE_CURVE('',#3756,#3754,#515,.T.);
#4669=EDGE_CURVE('',#3756,#3757,#2315,.T.);
#4670=EDGE_CURVE('',#3757,#3755,#516,.T.);
#4671=EDGE_CURVE('',#3758,#3756,#2316,.T.);
#4672=EDGE_CURVE('',#3758,#3759,#2317,.T.);
#4673=EDGE_CURVE('',#3759,#3757,#2318,.T.);
#4674=EDGE_CURVE('',#3760,#3758,#2319,.T.);
#4675=EDGE_CURVE('',#3760,#3761,#2320,.T.);
#4676=EDGE_CURVE('',#3761,#3759,#2321,.T.);
#4677=EDGE_CURVE('',#3762,#3760,#2322,.T.);
#4678=EDGE_CURVE('',#3762,#3763,#2323,.T.);
#4679=EDGE_CURVE('',#3763,#3761,#2324,.T.);
#4680=EDGE_CURVE('',#3764,#3762,#2325,.T.);
#4681=EDGE_CURVE('',#3764,#3765,#2326,.T.);
#4682=EDGE_CURVE('',#3765,#3763,#2327,.T.);
#4683=EDGE_CURVE('',#3766,#3764,#2328,.T.);
#4684=EDGE_CURVE('',#3766,#3767,#2329,.T.);
#4685=EDGE_CURVE('',#3767,#3765,#2330,.T.);
#4686=EDGE_CURVE('',#3768,#3766,#2331,.T.);
#4687=EDGE_CURVE('',#3768,#3769,#2332,.T.);
#4688=EDGE_CURVE('',#3769,#3767,#2333,.T.);
#4689=EDGE_CURVE('',#3770,#3768,#2334,.T.);
#4690=EDGE_CURVE('',#3770,#3771,#2335,.T.);
#4691=EDGE_CURVE('',#3771,#3769,#2336,.T.);
#4692=EDGE_CURVE('',#3772,#3770,#2337,.T.);
#4693=EDGE_CURVE('',#3772,#3773,#2338,.T.);
#4694=EDGE_CURVE('',#3773,#3771,#2339,.T.);
#4695=EDGE_CURVE('',#3774,#3772,#2340,.T.);
#4696=EDGE_CURVE('',#3774,#3775,#2341,.T.);
#4697=EDGE_CURVE('',#3775,#3773,#2342,.T.);
#4698=EDGE_CURVE('',#3776,#3774,#2343,.T.);
#4699=EDGE_CURVE('',#3776,#3777,#2344,.T.);
#4700=EDGE_CURVE('',#3777,#3775,#2345,.T.);
#4701=EDGE_CURVE('',#3739,#3776,#517,.T.);
#4702=EDGE_CURVE('',#3741,#3777,#518,.T.);
#4703=EDGE_CURVE('',#3778,#3779,#2346,.T.);
#4704=EDGE_CURVE('',#3778,#3780,#2347,.T.);
#4705=EDGE_CURVE('',#3780,#3781,#2348,.T.);
#4706=EDGE_CURVE('',#3779,#3781,#2349,.T.);
#4707=EDGE_CURVE('',#3782,#3778,#2350,.T.);
#4708=EDGE_CURVE('',#3782,#3783,#2351,.T.);
#4709=EDGE_CURVE('',#3783,#3780,#2352,.T.);
#4710=EDGE_CURVE('',#3784,#3782,#2353,.T.);
#4711=EDGE_CURVE('',#3784,#3785,#2354,.T.);
#4712=EDGE_CURVE('',#3785,#3783,#2355,.T.);
#4713=EDGE_CURVE('',#3786,#3784,#2356,.T.);
#4714=EDGE_CURVE('',#3786,#3787,#2357,.T.);
#4715=EDGE_CURVE('',#3787,#3785,#2358,.T.);
#4716=EDGE_CURVE('',#3788,#3786,#2359,.T.);
#4717=EDGE_CURVE('',#3788,#3789,#2360,.T.);
#4718=EDGE_CURVE('',#3789,#3787,#2361,.T.);
#4719=EDGE_CURVE('',#3790,#3788,#2362,.T.);
#4720=EDGE_CURVE('',#3790,#3791,#2363,.T.);
#4721=EDGE_CURVE('',#3791,#3789,#2364,.T.);
#4722=EDGE_CURVE('',#3792,#3790,#2365,.T.);
#4723=EDGE_CURVE('',#3792,#3793,#2366,.T.);
#4724=EDGE_CURVE('',#3793,#3791,#2367,.T.);
#4725=EDGE_CURVE('',#3794,#3792,#2368,.T.);
#4726=EDGE_CURVE('',#3794,#3795,#2369,.T.);
#4727=EDGE_CURVE('',#3795,#3793,#2370,.T.);
#4728=EDGE_CURVE('',#3796,#3794,#2371,.T.);
#4729=EDGE_CURVE('',#3796,#3797,#2372,.T.);
#4730=EDGE_CURVE('',#3797,#3795,#2373,.T.);
#4731=EDGE_CURVE('',#3798,#3796,#2374,.T.);
#4732=EDGE_CURVE('',#3798,#3799,#2375,.T.);
#4733=EDGE_CURVE('',#3799,#3797,#2376,.T.);
#4734=EDGE_CURVE('',#3800,#3798,#2377,.T.);
#4735=EDGE_CURVE('',#3800,#3801,#2378,.T.);
#4736=EDGE_CURVE('',#3801,#3799,#2379,.T.);
#4737=EDGE_CURVE('',#3802,#3800,#2380,.T.);
#4738=EDGE_CURVE('',#3802,#3803,#2381,.T.);
#4739=EDGE_CURVE('',#3803,#3801,#2382,.T.);
#4740=EDGE_CURVE('',#3779,#3802,#2383,.T.);
#4741=EDGE_CURVE('',#3781,#3803,#2384,.T.);
#4742=EDGE_CURVE('',#3804,#3805,#519,.T.);
#4743=EDGE_CURVE('',#3804,#3806,#2385,.T.);
#4744=EDGE_CURVE('',#3806,#3807,#520,.T.);
#4745=EDGE_CURVE('',#3805,#3807,#2386,.T.);
#4746=EDGE_CURVE('',#3808,#3804,#521,.T.);
#4747=EDGE_CURVE('',#3808,#3809,#2387,.T.);
#4748=EDGE_CURVE('',#3809,#3806,#522,.T.);
#4749=EDGE_CURVE('',#3810,#3808,#523,.T.);
#4750=EDGE_CURVE('',#3810,#3811,#2388,.T.);
#4751=EDGE_CURVE('',#3811,#3809,#524,.T.);
#4752=EDGE_CURVE('',#3812,#3810,#525,.T.);
#4753=EDGE_CURVE('',#3812,#3813,#2389,.T.);
#4754=EDGE_CURVE('',#3813,#3811,#526,.T.);
#4755=EDGE_CURVE('',#3814,#3812,#527,.T.);
#4756=EDGE_CURVE('',#3814,#3815,#2390,.T.);
#4757=EDGE_CURVE('',#3815,#3813,#528,.T.);
#4758=EDGE_CURVE('',#3816,#3814,#529,.T.);
#4759=EDGE_CURVE('',#3816,#3817,#2391,.T.);
#4760=EDGE_CURVE('',#3817,#3815,#530,.T.);
#4761=EDGE_CURVE('',#3818,#3816,#531,.T.);
#4762=EDGE_CURVE('',#3818,#3819,#2392,.T.);
#4763=EDGE_CURVE('',#3819,#3817,#532,.T.);
#4764=EDGE_CURVE('',#3820,#3818,#2393,.T.);
#4765=EDGE_CURVE('',#3820,#3821,#2394,.T.);
#4766=EDGE_CURVE('',#3821,#3819,#2395,.T.);
#4767=EDGE_CURVE('',#3822,#3820,#533,.T.);
#4768=EDGE_CURVE('',#3822,#3823,#2396,.T.);
#4769=EDGE_CURVE('',#3823,#3821,#534,.T.);
#4770=EDGE_CURVE('',#3824,#3822,#535,.T.);
#4771=EDGE_CURVE('',#3824,#3825,#2397,.T.);
#4772=EDGE_CURVE('',#3825,#3823,#536,.T.);
#4773=EDGE_CURVE('',#3826,#3824,#537,.T.);
#4774=EDGE_CURVE('',#3826,#3827,#2398,.T.);
#4775=EDGE_CURVE('',#3827,#3825,#538,.T.);
#4776=EDGE_CURVE('',#3828,#3826,#539,.T.);
#4777=EDGE_CURVE('',#3828,#3829,#2399,.T.);
#4778=EDGE_CURVE('',#3829,#3827,#540,.T.);
#4779=EDGE_CURVE('',#3830,#3828,#541,.T.);
#4780=EDGE_CURVE('',#3830,#3831,#2400,.T.);
#4781=EDGE_CURVE('',#3831,#3829,#542,.T.);
#4782=EDGE_CURVE('',#3832,#3830,#543,.T.);
#4783=EDGE_CURVE('',#3832,#3833,#2401,.T.);
#4784=EDGE_CURVE('',#3833,#3831,#544,.T.);
#4785=EDGE_CURVE('',#3834,#3832,#545,.T.);
#4786=EDGE_CURVE('',#3834,#3835,#2402,.T.);
#4787=EDGE_CURVE('',#3835,#3833,#546,.T.);
#4788=EDGE_CURVE('',#3836,#3834,#547,.T.);
#4789=EDGE_CURVE('',#3836,#3837,#2403,.T.);
#4790=EDGE_CURVE('',#3837,#3835,#548,.T.);
#4791=EDGE_CURVE('',#3838,#3836,#549,.T.);
#4792=EDGE_CURVE('',#3838,#3839,#2404,.T.);
#4793=EDGE_CURVE('',#3839,#3837,#550,.T.);
#4794=EDGE_CURVE('',#3840,#3838,#551,.T.);
#4795=EDGE_CURVE('',#3840,#3841,#2405,.T.);
#4796=EDGE_CURVE('',#3841,#3839,#552,.T.);
#4797=EDGE_CURVE('',#3842,#3840,#553,.T.);
#4798=EDGE_CURVE('',#3842,#3843,#2406,.T.);
#4799=EDGE_CURVE('',#3843,#3841,#554,.T.);
#4800=EDGE_CURVE('',#3844,#3842,#555,.T.);
#4801=EDGE_CURVE('',#3844,#3845,#2407,.T.);
#4802=EDGE_CURVE('',#3845,#3843,#556,.T.);
#4803=EDGE_CURVE('',#3846,#3844,#557,.T.);
#4804=EDGE_CURVE('',#3846,#3847,#2408,.T.);
#4805=EDGE_CURVE('',#3847,#3845,#558,.T.);
#4806=EDGE_CURVE('',#3848,#3846,#2409,.T.);
#4807=EDGE_CURVE('',#3848,#3849,#2410,.T.);
#4808=EDGE_CURVE('',#3849,#3847,#2411,.T.);
#4809=EDGE_CURVE('',#3805,#3848,#559,.T.);
#4810=EDGE_CURVE('',#3807,#3849,#560,.T.);
#4811=EDGE_CURVE('',#3850,#3851,#561,.T.);
#4812=EDGE_CURVE('',#3850,#3852,#2412,.T.);
#4813=EDGE_CURVE('',#3852,#3853,#562,.T.);
#4814=EDGE_CURVE('',#3851,#3853,#2413,.T.);
#4815=EDGE_CURVE('',#3854,#3850,#563,.T.);
#4816=EDGE_CURVE('',#3854,#3855,#2414,.T.);
#4817=EDGE_CURVE('',#3855,#3852,#564,.T.);
#4818=EDGE_CURVE('',#3856,#3854,#565,.T.);
#4819=EDGE_CURVE('',#3856,#3857,#2415,.T.);
#4820=EDGE_CURVE('',#3857,#3855,#566,.T.);
#4821=EDGE_CURVE('',#3858,#3856,#567,.T.);
#4822=EDGE_CURVE('',#3858,#3859,#2416,.T.);
#4823=EDGE_CURVE('',#3859,#3857,#568,.T.);
#4824=EDGE_CURVE('',#3860,#3858,#569,.T.);
#4825=EDGE_CURVE('',#3860,#3861,#2417,.T.);
#4826=EDGE_CURVE('',#3861,#3859,#570,.T.);
#4827=EDGE_CURVE('',#3862,#3860,#571,.T.);
#4828=EDGE_CURVE('',#3862,#3863,#2418,.T.);
#4829=EDGE_CURVE('',#3863,#3861,#572,.T.);
#4830=EDGE_CURVE('',#3864,#3862,#573,.T.);
#4831=EDGE_CURVE('',#3864,#3865,#2419,.T.);
#4832=EDGE_CURVE('',#3865,#3863,#574,.T.);
#4833=EDGE_CURVE('',#3851,#3864,#575,.T.);
#4834=EDGE_CURVE('',#3853,#3865,#576,.T.);
#4835=EDGE_CURVE('',#3866,#3867,#577,.T.);
#4836=EDGE_CURVE('',#3866,#3868,#2420,.T.);
#4837=EDGE_CURVE('',#3868,#3869,#578,.T.);
#4838=EDGE_CURVE('',#3867,#3869,#2421,.T.);
#4839=EDGE_CURVE('',#3870,#3866,#579,.T.);
#4840=EDGE_CURVE('',#3870,#3871,#2422,.T.);
#4841=EDGE_CURVE('',#3871,#3868,#580,.T.);
#4842=EDGE_CURVE('',#3872,#3870,#581,.T.);
#4843=EDGE_CURVE('',#3872,#3873,#2423,.T.);
#4844=EDGE_CURVE('',#3873,#3871,#582,.T.);
#4845=EDGE_CURVE('',#3874,#3872,#583,.T.);
#4846=EDGE_CURVE('',#3874,#3875,#2424,.T.);
#4847=EDGE_CURVE('',#3875,#3873,#584,.T.);
#4848=EDGE_CURVE('',#3876,#3874,#585,.T.);
#4849=EDGE_CURVE('',#3876,#3877,#2425,.T.);
#4850=EDGE_CURVE('',#3877,#3875,#586,.T.);
#4851=EDGE_CURVE('',#3878,#3876,#587,.T.);
#4852=EDGE_CURVE('',#3878,#3879,#2426,.T.);
#4853=EDGE_CURVE('',#3879,#3877,#588,.T.);
#4854=EDGE_CURVE('',#3880,#3878,#589,.T.);
#4855=EDGE_CURVE('',#3880,#3881,#2427,.T.);
#4856=EDGE_CURVE('',#3881,#3879,#590,.T.);
#4857=EDGE_CURVE('',#3867,#3880,#591,.T.);
#4858=EDGE_CURVE('',#3869,#3881,#592,.T.);
#4859=EDGE_CURVE('',#3882,#3883,#593,.T.);
#4860=EDGE_CURVE('',#3882,#3884,#2428,.T.);
#4861=EDGE_CURVE('',#3884,#3885,#594,.T.);
#4862=EDGE_CURVE('',#3883,#3885,#2429,.T.);
#4863=EDGE_CURVE('',#3886,#3882,#595,.T.);
#4864=EDGE_CURVE('',#3886,#3887,#2430,.T.);
#4865=EDGE_CURVE('',#3887,#3884,#596,.T.);
#4866=EDGE_CURVE('',#3888,#3886,#597,.T.);
#4867=EDGE_CURVE('',#3888,#3889,#2431,.T.);
#4868=EDGE_CURVE('',#3889,#3887,#598,.T.);
#4869=EDGE_CURVE('',#3890,#3888,#599,.T.);
#4870=EDGE_CURVE('',#3890,#3891,#2432,.T.);
#4871=EDGE_CURVE('',#3891,#3889,#600,.T.);
#4872=EDGE_CURVE('',#3892,#3890,#601,.T.);
#4873=EDGE_CURVE('',#3892,#3893,#2433,.T.);
#4874=EDGE_CURVE('',#3893,#3891,#602,.T.);
#4875=EDGE_CURVE('',#3894,#3892,#603,.T.);
#4876=EDGE_CURVE('',#3894,#3895,#2434,.T.);
#4877=EDGE_CURVE('',#3895,#3893,#604,.T.);
#4878=EDGE_CURVE('',#3896,#3894,#605,.T.);
#4879=EDGE_CURVE('',#3896,#3897,#2435,.T.);
#4880=EDGE_CURVE('',#3897,#3895,#606,.T.);
#4881=EDGE_CURVE('',#3898,#3896,#607,.T.);
#4882=EDGE_CURVE('',#3898,#3899,#2436,.T.);
#4883=EDGE_CURVE('',#3899,#3897,#608,.T.);
#4884=EDGE_CURVE('',#3883,#3898,#2437,.T.);
#4885=EDGE_CURVE('',#3885,#3899,#2438,.T.);
#4886=EDGE_CURVE('',#3900,#3901,#609,.T.);
#4887=EDGE_CURVE('',#3900,#3902,#2439,.T.);
#4888=EDGE_CURVE('',#3902,#3903,#610,.T.);
#4889=EDGE_CURVE('',#3901,#3903,#2440,.T.);
#4890=EDGE_CURVE('',#3904,#3900,#611,.T.);
#4891=EDGE_CURVE('',#3904,#3905,#2441,.T.);
#4892=EDGE_CURVE('',#3905,#3902,#612,.T.);
#4893=EDGE_CURVE('',#3906,#3904,#613,.T.);
#4894=EDGE_CURVE('',#3906,#3907,#2442,.T.);
#4895=EDGE_CURVE('',#3907,#3905,#614,.T.);
#4896=EDGE_CURVE('',#3908,#3906,#615,.T.);
#4897=EDGE_CURVE('',#3908,#3909,#2443,.T.);
#4898=EDGE_CURVE('',#3909,#3907,#616,.T.);
#4899=EDGE_CURVE('',#3910,#3908,#617,.T.);
#4900=EDGE_CURVE('',#3910,#3911,#2444,.T.);
#4901=EDGE_CURVE('',#3911,#3909,#618,.T.);
#4902=EDGE_CURVE('',#3912,#3910,#619,.T.);
#4903=EDGE_CURVE('',#3912,#3913,#2445,.T.);
#4904=EDGE_CURVE('',#3913,#3911,#620,.T.);
#4905=EDGE_CURVE('',#3914,#3912,#621,.T.);
#4906=EDGE_CURVE('',#3914,#3915,#2446,.T.);
#4907=EDGE_CURVE('',#3915,#3913,#622,.T.);
#4908=EDGE_CURVE('',#3916,#3914,#623,.T.);
#4909=EDGE_CURVE('',#3916,#3917,#2447,.T.);
#4910=EDGE_CURVE('',#3917,#3915,#624,.T.);
#4911=EDGE_CURVE('',#3918,#3916,#625,.T.);
#4912=EDGE_CURVE('',#3918,#3919,#2448,.T.);
#4913=EDGE_CURVE('',#3919,#3917,#626,.T.);
#4914=EDGE_CURVE('',#3920,#3918,#627,.T.);
#4915=EDGE_CURVE('',#3920,#3921,#2449,.T.);
#4916=EDGE_CURVE('',#3921,#3919,#628,.T.);
#4917=EDGE_CURVE('',#3922,#3920,#629,.T.);
#4918=EDGE_CURVE('',#3922,#3923,#2450,.T.);
#4919=EDGE_CURVE('',#3923,#3921,#630,.T.);
#4920=EDGE_CURVE('',#3924,#3922,#631,.T.);
#4921=EDGE_CURVE('',#3924,#3925,#2451,.T.);
#4922=EDGE_CURVE('',#3925,#3923,#632,.T.);
#4923=EDGE_CURVE('',#3926,#3924,#633,.T.);
#4924=EDGE_CURVE('',#3926,#3927,#2452,.T.);
#4925=EDGE_CURVE('',#3927,#3925,#634,.T.);
#4926=EDGE_CURVE('',#3928,#3926,#2453,.T.);
#4927=EDGE_CURVE('',#3928,#3929,#2454,.T.);
#4928=EDGE_CURVE('',#3929,#3927,#2455,.T.);
#4929=EDGE_CURVE('',#3930,#3928,#635,.T.);
#4930=EDGE_CURVE('',#3930,#3931,#2456,.T.);
#4931=EDGE_CURVE('',#3931,#3929,#636,.T.);
#4932=EDGE_CURVE('',#3932,#3930,#637,.T.);
#4933=EDGE_CURVE('',#3932,#3933,#2457,.T.);
#4934=EDGE_CURVE('',#3933,#3931,#638,.T.);
#4935=EDGE_CURVE('',#3934,#3932,#2458,.T.);
#4936=EDGE_CURVE('',#3934,#3935,#2459,.T.);
#4937=EDGE_CURVE('',#3935,#3933,#2460,.T.);
#4938=EDGE_CURVE('',#3936,#3934,#639,.T.);
#4939=EDGE_CURVE('',#3936,#3937,#2461,.T.);
#4940=EDGE_CURVE('',#3937,#3935,#640,.T.);
#4941=EDGE_CURVE('',#3938,#3936,#641,.T.);
#4942=EDGE_CURVE('',#3938,#3939,#2462,.T.);
#4943=EDGE_CURVE('',#3939,#3937,#642,.T.);
#4944=EDGE_CURVE('',#3940,#3938,#643,.T.);
#4945=EDGE_CURVE('',#3940,#3941,#2463,.T.);
#4946=EDGE_CURVE('',#3941,#3939,#644,.T.);
#4947=EDGE_CURVE('',#3942,#3940,#645,.T.);
#4948=EDGE_CURVE('',#3942,#3943,#2464,.T.);
#4949=EDGE_CURVE('',#3943,#3941,#646,.T.);
#4950=EDGE_CURVE('',#3944,#3942,#647,.T.);
#4951=EDGE_CURVE('',#3944,#3945,#2465,.T.);
#4952=EDGE_CURVE('',#3945,#3943,#648,.T.);
#4953=EDGE_CURVE('',#3946,#3944,#649,.T.);
#4954=EDGE_CURVE('',#3946,#3947,#2466,.T.);
#4955=EDGE_CURVE('',#3947,#3945,#650,.T.);
#4956=EDGE_CURVE('',#3948,#3946,#651,.T.);
#4957=EDGE_CURVE('',#3948,#3949,#2467,.T.);
#4958=EDGE_CURVE('',#3949,#3947,#652,.T.);
#4959=EDGE_CURVE('',#3950,#3948,#653,.T.);
#4960=EDGE_CURVE('',#3950,#3951,#2468,.T.);
#4961=EDGE_CURVE('',#3951,#3949,#654,.T.);
#4962=EDGE_CURVE('',#3952,#3950,#2469,.T.);
#4963=EDGE_CURVE('',#3952,#3953,#2470,.T.);
#4964=EDGE_CURVE('',#3953,#3951,#2471,.T.);
#4965=EDGE_CURVE('',#3901,#3952,#655,.T.);
#4966=EDGE_CURVE('',#3903,#3953,#656,.T.);
#4967=EDGE_CURVE('',#3954,#3955,#657,.T.);
#4968=EDGE_CURVE('',#3954,#3956,#2472,.T.);
#4969=EDGE_CURVE('',#3956,#3957,#658,.T.);
#4970=EDGE_CURVE('',#3955,#3957,#2473,.T.);
#4971=EDGE_CURVE('',#3958,#3954,#659,.T.);
#4972=EDGE_CURVE('',#3958,#3959,#2474,.T.);
#4973=EDGE_CURVE('',#3959,#3956,#660,.T.);
#4974=EDGE_CURVE('',#3960,#3958,#661,.T.);
#4975=EDGE_CURVE('',#3960,#3961,#2475,.T.);
#4976=EDGE_CURVE('',#3961,#3959,#662,.T.);
#4977=EDGE_CURVE('',#3962,#3960,#663,.T.);
#4978=EDGE_CURVE('',#3962,#3963,#2476,.T.);
#4979=EDGE_CURVE('',#3963,#3961,#664,.T.);
#4980=EDGE_CURVE('',#3964,#3962,#665,.T.);
#4981=EDGE_CURVE('',#3964,#3965,#2477,.T.);
#4982=EDGE_CURVE('',#3965,#3963,#666,.T.);
#4983=EDGE_CURVE('',#3966,#3964,#667,.T.);
#4984=EDGE_CURVE('',#3966,#3967,#2478,.T.);
#4985=EDGE_CURVE('',#3967,#3965,#668,.T.);
#4986=EDGE_CURVE('',#3968,#3966,#669,.T.);
#4987=EDGE_CURVE('',#3968,#3969,#2479,.T.);
#4988=EDGE_CURVE('',#3969,#3967,#670,.T.);
#4989=EDGE_CURVE('',#3955,#3968,#671,.T.);
#4990=EDGE_CURVE('',#3957,#3969,#672,.T.);
#4991=EDGE_CURVE('',#3970,#3971,#2480,.T.);
#4992=EDGE_CURVE('',#3970,#3972,#2481,.T.);
#4993=EDGE_CURVE('',#3972,#3973,#2482,.T.);
#4994=EDGE_CURVE('',#3971,#3973,#2483,.T.);
#4995=EDGE_CURVE('',#3974,#3970,#673,.T.);
#4996=EDGE_CURVE('',#3974,#3975,#2484,.T.);
#4997=EDGE_CURVE('',#3975,#3972,#674,.T.);
#4998=EDGE_CURVE('',#3976,#3974,#675,.T.);
#4999=EDGE_CURVE('',#3976,#3977,#2485,.T.);
#5000=EDGE_CURVE('',#3977,#3975,#676,.T.);
#5001=EDGE_CURVE('',#3978,#3976,#677,.T.);
#5002=EDGE_CURVE('',#3978,#3979,#2486,.T.);
#5003=EDGE_CURVE('',#3979,#3977,#678,.T.);
#5004=EDGE_CURVE('',#3980,#3978,#679,.T.);
#5005=EDGE_CURVE('',#3980,#3981,#2487,.T.);
#5006=EDGE_CURVE('',#3981,#3979,#680,.T.);
#5007=EDGE_CURVE('',#3982,#3980,#681,.T.);
#5008=EDGE_CURVE('',#3982,#3983,#2488,.T.);
#5009=EDGE_CURVE('',#3983,#3981,#682,.T.);
#5010=EDGE_CURVE('',#3984,#3982,#683,.T.);
#5011=EDGE_CURVE('',#3984,#3985,#2489,.T.);
#5012=EDGE_CURVE('',#3985,#3983,#684,.T.);
#5013=EDGE_CURVE('',#3986,#3984,#685,.T.);
#5014=EDGE_CURVE('',#3986,#3987,#2490,.T.);
#5015=EDGE_CURVE('',#3987,#3985,#686,.T.);
#5016=EDGE_CURVE('',#3988,#3986,#687,.T.);
#5017=EDGE_CURVE('',#3988,#3989,#2491,.T.);
#5018=EDGE_CURVE('',#3989,#3987,#688,.T.);
#5019=EDGE_CURVE('',#3990,#3988,#2492,.T.);
#5020=EDGE_CURVE('',#3990,#3991,#2493,.T.);
#5021=EDGE_CURVE('',#3991,#3989,#2494,.T.);
#5022=EDGE_CURVE('',#3992,#3990,#2495,.T.);
#5023=EDGE_CURVE('',#3992,#3993,#2496,.T.);
#5024=EDGE_CURVE('',#3993,#3991,#2497,.T.);
#5025=EDGE_CURVE('',#3994,#3992,#2498,.T.);
#5026=EDGE_CURVE('',#3994,#3995,#2499,.T.);
#5027=EDGE_CURVE('',#3995,#3993,#2500,.T.);
#5028=EDGE_CURVE('',#3971,#3994,#2501,.T.);
#5029=EDGE_CURVE('',#3973,#3995,#2502,.T.);
#5030=EDGE_CURVE('',#3996,#3997,#2503,.T.);
#5031=EDGE_CURVE('',#3996,#3998,#2504,.T.);
#5032=EDGE_CURVE('',#3998,#3999,#2505,.T.);
#5033=EDGE_CURVE('',#3997,#3999,#2506,.T.);
#5034=EDGE_CURVE('',#4000,#3996,#2507,.T.);
#5035=EDGE_CURVE('',#4000,#4001,#2508,.T.);
#5036=EDGE_CURVE('',#4001,#3998,#2509,.T.);
#5037=EDGE_CURVE('',#4002,#4000,#689,.T.);
#5038=EDGE_CURVE('',#4002,#4003,#2510,.T.);
#5039=EDGE_CURVE('',#4003,#4001,#690,.T.);
#5040=EDGE_CURVE('',#4004,#4002,#691,.T.);
#5041=EDGE_CURVE('',#4004,#4005,#2511,.T.);
#5042=EDGE_CURVE('',#4005,#4003,#692,.T.);
#5043=EDGE_CURVE('',#4006,#4004,#693,.T.);
#5044=EDGE_CURVE('',#4006,#4007,#2512,.T.);
#5045=EDGE_CURVE('',#4007,#4005,#694,.T.);
#5046=EDGE_CURVE('',#4008,#4006,#2513,.T.);
#5047=EDGE_CURVE('',#4008,#4009,#2514,.T.);
#5048=EDGE_CURVE('',#4009,#4007,#2515,.T.);
#5049=EDGE_CURVE('',#4010,#4008,#695,.T.);
#5050=EDGE_CURVE('',#4010,#4011,#2516,.T.);
#5051=EDGE_CURVE('',#4011,#4009,#696,.T.);
#5052=EDGE_CURVE('',#4012,#4010,#697,.T.);
#5053=EDGE_CURVE('',#4012,#4013,#2517,.T.);
#5054=EDGE_CURVE('',#4013,#4011,#698,.T.);
#5055=EDGE_CURVE('',#4014,#4012,#699,.T.);
#5056=EDGE_CURVE('',#4014,#4015,#2518,.T.);
#5057=EDGE_CURVE('',#4015,#4013,#700,.T.);
#5058=EDGE_CURVE('',#4016,#4014,#2519,.T.);
#5059=EDGE_CURVE('',#4016,#4017,#2520,.T.);
#5060=EDGE_CURVE('',#4017,#4015,#2521,.T.);
#5061=EDGE_CURVE('',#4018,#4016,#2522,.T.);
#5062=EDGE_CURVE('',#4018,#4019,#2523,.T.);
#5063=EDGE_CURVE('',#4019,#4017,#2524,.T.);
#5064=EDGE_CURVE('',#3997,#4018,#2525,.T.);
#5065=EDGE_CURVE('',#3999,#4019,#2526,.T.);
#5066=EDGE_CURVE('',#4020,#4021,#701,.T.);
#5067=EDGE_CURVE('',#4020,#4022,#2527,.T.);
#5068=EDGE_CURVE('',#4022,#4023,#702,.T.);
#5069=EDGE_CURVE('',#4021,#4023,#2528,.T.);
#5070=EDGE_CURVE('',#4024,#4020,#703,.T.);
#5071=EDGE_CURVE('',#4024,#4025,#2529,.T.);
#5072=EDGE_CURVE('',#4025,#4022,#704,.T.);
#5073=EDGE_CURVE('',#4026,#4024,#705,.T.);
#5074=EDGE_CURVE('',#4026,#4027,#2530,.T.);
#5075=EDGE_CURVE('',#4027,#4025,#706,.T.);
#5076=EDGE_CURVE('',#4028,#4026,#707,.T.);
#5077=EDGE_CURVE('',#4028,#4029,#2531,.T.);
#5078=EDGE_CURVE('',#4029,#4027,#708,.T.);
#5079=EDGE_CURVE('',#4030,#4028,#709,.T.);
#5080=EDGE_CURVE('',#4030,#4031,#2532,.T.);
#5081=EDGE_CURVE('',#4031,#4029,#710,.T.);
#5082=EDGE_CURVE('',#4032,#4030,#711,.T.);
#5083=EDGE_CURVE('',#4032,#4033,#2533,.T.);
#5084=EDGE_CURVE('',#4033,#4031,#712,.T.);
#5085=EDGE_CURVE('',#4034,#4032,#713,.T.);
#5086=EDGE_CURVE('',#4034,#4035,#2534,.T.);
#5087=EDGE_CURVE('',#4035,#4033,#714,.T.);
#5088=EDGE_CURVE('',#4036,#4034,#715,.T.);
#5089=EDGE_CURVE('',#4036,#4037,#2535,.T.);
#5090=EDGE_CURVE('',#4037,#4035,#716,.T.);
#5091=EDGE_CURVE('',#4021,#4036,#2536,.T.);
#5092=EDGE_CURVE('',#4023,#4037,#2537,.T.);
#5093=EDGE_CURVE('',#4038,#4039,#717,.T.);
#5094=EDGE_CURVE('',#4038,#4040,#2538,.T.);
#5095=EDGE_CURVE('',#4040,#4041,#718,.T.);
#5096=EDGE_CURVE('',#4039,#4041,#2539,.T.);
#5097=EDGE_CURVE('',#4042,#4038,#719,.T.);
#5098=EDGE_CURVE('',#4042,#4043,#2540,.T.);
#5099=EDGE_CURVE('',#4043,#4040,#720,.T.);
#5100=EDGE_CURVE('',#4044,#4042,#721,.T.);
#5101=EDGE_CURVE('',#4044,#4045,#2541,.T.);
#5102=EDGE_CURVE('',#4045,#4043,#722,.T.);
#5103=EDGE_CURVE('',#4046,#4044,#723,.T.);
#5104=EDGE_CURVE('',#4046,#4047,#2542,.T.);
#5105=EDGE_CURVE('',#4047,#4045,#724,.T.);
#5106=EDGE_CURVE('',#4048,#4046,#725,.T.);
#5107=EDGE_CURVE('',#4048,#4049,#2543,.T.);
#5108=EDGE_CURVE('',#4049,#4047,#726,.T.);
#5109=EDGE_CURVE('',#4050,#4048,#727,.T.);
#5110=EDGE_CURVE('',#4050,#4051,#2544,.T.);
#5111=EDGE_CURVE('',#4051,#4049,#728,.T.);
#5112=EDGE_CURVE('',#4052,#4050,#729,.T.);
#5113=EDGE_CURVE('',#4052,#4053,#2545,.T.);
#5114=EDGE_CURVE('',#4053,#4051,#730,.T.);
#5115=EDGE_CURVE('',#4054,#4052,#731,.T.);
#5116=EDGE_CURVE('',#4054,#4055,#2546,.T.);
#5117=EDGE_CURVE('',#4055,#4053,#732,.T.);
#5118=EDGE_CURVE('',#4056,#4054,#733,.T.);
#5119=EDGE_CURVE('',#4056,#4057,#2547,.T.);
#5120=EDGE_CURVE('',#4057,#4055,#734,.T.);
#5121=EDGE_CURVE('',#4058,#4056,#735,.T.);
#5122=EDGE_CURVE('',#4058,#4059,#2548,.T.);
#5123=EDGE_CURVE('',#4059,#4057,#736,.T.);
#5124=EDGE_CURVE('',#4060,#4058,#737,.T.);
#5125=EDGE_CURVE('',#4060,#4061,#2549,.T.);
#5126=EDGE_CURVE('',#4061,#4059,#738,.T.);
#5127=EDGE_CURVE('',#4062,#4060,#739,.T.);
#5128=EDGE_CURVE('',#4062,#4063,#2550,.T.);
#5129=EDGE_CURVE('',#4063,#4061,#740,.T.);
#5130=EDGE_CURVE('',#4064,#4062,#741,.T.);
#5131=EDGE_CURVE('',#4064,#4065,#2551,.T.);
#5132=EDGE_CURVE('',#4065,#4063,#742,.T.);
#5133=EDGE_CURVE('',#4066,#4064,#2552,.T.);
#5134=EDGE_CURVE('',#4066,#4067,#2553,.T.);
#5135=EDGE_CURVE('',#4067,#4065,#2554,.T.);
#5136=EDGE_CURVE('',#4068,#4066,#743,.T.);
#5137=EDGE_CURVE('',#4068,#4069,#2555,.T.);
#5138=EDGE_CURVE('',#4069,#4067,#744,.T.);
#5139=EDGE_CURVE('',#4070,#4068,#745,.T.);
#5140=EDGE_CURVE('',#4070,#4071,#2556,.T.);
#5141=EDGE_CURVE('',#4071,#4069,#746,.T.);
#5142=EDGE_CURVE('',#4072,#4070,#2557,.T.);
#5143=EDGE_CURVE('',#4072,#4073,#2558,.T.);
#5144=EDGE_CURVE('',#4073,#4071,#2559,.T.);
#5145=EDGE_CURVE('',#4074,#4072,#747,.T.);
#5146=EDGE_CURVE('',#4074,#4075,#2560,.T.);
#5147=EDGE_CURVE('',#4075,#4073,#748,.T.);
#5148=EDGE_CURVE('',#4076,#4074,#749,.T.);
#5149=EDGE_CURVE('',#4076,#4077,#2561,.T.);
#5150=EDGE_CURVE('',#4077,#4075,#750,.T.);
#5151=EDGE_CURVE('',#4078,#4076,#751,.T.);
#5152=EDGE_CURVE('',#4078,#4079,#2562,.T.);
#5153=EDGE_CURVE('',#4079,#4077,#752,.T.);
#5154=EDGE_CURVE('',#4080,#4078,#753,.T.);
#5155=EDGE_CURVE('',#4080,#4081,#2563,.T.);
#5156=EDGE_CURVE('',#4081,#4079,#754,.T.);
#5157=EDGE_CURVE('',#4082,#4080,#755,.T.);
#5158=EDGE_CURVE('',#4082,#4083,#2564,.T.);
#5159=EDGE_CURVE('',#4083,#4081,#756,.T.);
#5160=EDGE_CURVE('',#4084,#4082,#757,.T.);
#5161=EDGE_CURVE('',#4084,#4085,#2565,.T.);
#5162=EDGE_CURVE('',#4085,#4083,#758,.T.);
#5163=EDGE_CURVE('',#4086,#4084,#759,.T.);
#5164=EDGE_CURVE('',#4086,#4087,#2566,.T.);
#5165=EDGE_CURVE('',#4087,#4085,#760,.T.);
#5166=EDGE_CURVE('',#4088,#4086,#761,.T.);
#5167=EDGE_CURVE('',#4088,#4089,#2567,.T.);
#5168=EDGE_CURVE('',#4089,#4087,#762,.T.);
#5169=EDGE_CURVE('',#4090,#4088,#2568,.T.);
#5170=EDGE_CURVE('',#4090,#4091,#2569,.T.);
#5171=EDGE_CURVE('',#4091,#4089,#2570,.T.);
#5172=EDGE_CURVE('',#4039,#4090,#763,.T.);
#5173=EDGE_CURVE('',#4041,#4091,#764,.T.);
#5174=EDGE_CURVE('',#4092,#4093,#765,.T.);
#5175=EDGE_CURVE('',#4092,#4094,#2571,.T.);
#5176=EDGE_CURVE('',#4094,#4095,#766,.T.);
#5177=EDGE_CURVE('',#4093,#4095,#2572,.T.);
#5178=EDGE_CURVE('',#4096,#4092,#767,.T.);
#5179=EDGE_CURVE('',#4096,#4097,#2573,.T.);
#5180=EDGE_CURVE('',#4097,#4094,#768,.T.);
#5181=EDGE_CURVE('',#4098,#4096,#769,.T.);
#5182=EDGE_CURVE('',#4098,#4099,#2574,.T.);
#5183=EDGE_CURVE('',#4099,#4097,#770,.T.);
#5184=EDGE_CURVE('',#4100,#4098,#771,.T.);
#5185=EDGE_CURVE('',#4100,#4101,#2575,.T.);
#5186=EDGE_CURVE('',#4101,#4099,#772,.T.);
#5187=EDGE_CURVE('',#4102,#4100,#773,.T.);
#5188=EDGE_CURVE('',#4102,#4103,#2576,.T.);
#5189=EDGE_CURVE('',#4103,#4101,#774,.T.);
#5190=EDGE_CURVE('',#4104,#4102,#775,.T.);
#5191=EDGE_CURVE('',#4104,#4105,#2577,.T.);
#5192=EDGE_CURVE('',#4105,#4103,#776,.T.);
#5193=EDGE_CURVE('',#4106,#4104,#777,.T.);
#5194=EDGE_CURVE('',#4106,#4107,#2578,.T.);
#5195=EDGE_CURVE('',#4107,#4105,#778,.T.);
#5196=EDGE_CURVE('',#4093,#4106,#779,.T.);
#5197=EDGE_CURVE('',#4095,#4107,#780,.T.);
#5198=EDGE_CURVE('',#4108,#4109,#2579,.T.);
#5199=EDGE_CURVE('',#4108,#4110,#2580,.T.);
#5200=EDGE_CURVE('',#4110,#4111,#2581,.T.);
#5201=EDGE_CURVE('',#4109,#4111,#2582,.T.);
#5202=EDGE_CURVE('',#4112,#4108,#781,.T.);
#5203=EDGE_CURVE('',#4112,#4113,#2583,.T.);
#5204=EDGE_CURVE('',#4113,#4110,#782,.T.);
#5205=EDGE_CURVE('',#4114,#4112,#783,.T.);
#5206=EDGE_CURVE('',#4114,#4115,#2584,.T.);
#5207=EDGE_CURVE('',#4115,#4113,#784,.T.);
#5208=EDGE_CURVE('',#4116,#4114,#785,.T.);
#5209=EDGE_CURVE('',#4116,#4117,#2585,.T.);
#5210=EDGE_CURVE('',#4117,#4115,#786,.T.);
#5211=EDGE_CURVE('',#4118,#4116,#787,.T.);
#5212=EDGE_CURVE('',#4118,#4119,#2586,.T.);
#5213=EDGE_CURVE('',#4119,#4117,#788,.T.);
#5214=EDGE_CURVE('',#4120,#4118,#789,.T.);
#5215=EDGE_CURVE('',#4120,#4121,#2587,.T.);
#5216=EDGE_CURVE('',#4121,#4119,#790,.T.);
#5217=EDGE_CURVE('',#4122,#4120,#791,.T.);
#5218=EDGE_CURVE('',#4122,#4123,#2588,.T.);
#5219=EDGE_CURVE('',#4123,#4121,#792,.T.);
#5220=EDGE_CURVE('',#4124,#4122,#793,.T.);
#5221=EDGE_CURVE('',#4124,#4125,#2589,.T.);
#5222=EDGE_CURVE('',#4125,#4123,#794,.T.);
#5223=EDGE_CURVE('',#4126,#4124,#795,.T.);
#5224=EDGE_CURVE('',#4126,#4127,#2590,.T.);
#5225=EDGE_CURVE('',#4127,#4125,#796,.T.);
#5226=EDGE_CURVE('',#4128,#4126,#2591,.T.);
#5227=EDGE_CURVE('',#4128,#4129,#2592,.T.);
#5228=EDGE_CURVE('',#4129,#4127,#2593,.T.);
#5229=EDGE_CURVE('',#4130,#4128,#2594,.T.);
#5230=EDGE_CURVE('',#4130,#4131,#2595,.T.);
#5231=EDGE_CURVE('',#4131,#4129,#2596,.T.);
#5232=EDGE_CURVE('',#4132,#4130,#2597,.T.);
#5233=EDGE_CURVE('',#4132,#4133,#2598,.T.);
#5234=EDGE_CURVE('',#4133,#4131,#2599,.T.);
#5235=EDGE_CURVE('',#4109,#4132,#2600,.T.);
#5236=EDGE_CURVE('',#4111,#4133,#2601,.T.);
#5237=EDGE_CURVE('',#4134,#4135,#2602,.T.);
#5238=EDGE_CURVE('',#4134,#4136,#2603,.T.);
#5239=EDGE_CURVE('',#4136,#4137,#2604,.T.);
#5240=EDGE_CURVE('',#4135,#4137,#2605,.T.);
#5241=EDGE_CURVE('',#4138,#4134,#2606,.T.);
#5242=EDGE_CURVE('',#4138,#4139,#2607,.T.);
#5243=EDGE_CURVE('',#4139,#4136,#2608,.T.);
#5244=EDGE_CURVE('',#4140,#4138,#2609,.T.);
#5245=EDGE_CURVE('',#4140,#4141,#2610,.T.);
#5246=EDGE_CURVE('',#4141,#4139,#2611,.T.);
#5247=EDGE_CURVE('',#4135,#4140,#2612,.T.);
#5248=EDGE_CURVE('',#4137,#4141,#2613,.T.);
#5249=EDGE_CURVE('',#4142,#4143,#2614,.T.);
#5250=EDGE_CURVE('',#4142,#4144,#2615,.T.);
#5251=EDGE_CURVE('',#4144,#4145,#2616,.T.);
#5252=EDGE_CURVE('',#4143,#4145,#2617,.T.);
#5253=EDGE_CURVE('',#4146,#4142,#2618,.T.);
#5254=EDGE_CURVE('',#4146,#4147,#2619,.T.);
#5255=EDGE_CURVE('',#4147,#4144,#2620,.T.);
#5256=EDGE_CURVE('',#4148,#4146,#797,.T.);
#5257=EDGE_CURVE('',#4148,#4149,#2621,.T.);
#5258=EDGE_CURVE('',#4149,#4147,#798,.T.);
#5259=EDGE_CURVE('',#4150,#4148,#799,.T.);
#5260=EDGE_CURVE('',#4150,#4151,#2622,.T.);
#5261=EDGE_CURVE('',#4151,#4149,#800,.T.);
#5262=EDGE_CURVE('',#4152,#4150,#801,.T.);
#5263=EDGE_CURVE('',#4152,#4153,#2623,.T.);
#5264=EDGE_CURVE('',#4153,#4151,#802,.T.);
#5265=EDGE_CURVE('',#4154,#4152,#2624,.T.);
#5266=EDGE_CURVE('',#4154,#4155,#2625,.T.);
#5267=EDGE_CURVE('',#4155,#4153,#2626,.T.);
#5268=EDGE_CURVE('',#4156,#4154,#803,.T.);
#5269=EDGE_CURVE('',#4156,#4157,#2627,.T.);
#5270=EDGE_CURVE('',#4157,#4155,#804,.T.);
#5271=EDGE_CURVE('',#4158,#4156,#805,.T.);
#5272=EDGE_CURVE('',#4158,#4159,#2628,.T.);
#5273=EDGE_CURVE('',#4159,#4157,#806,.T.);
#5274=EDGE_CURVE('',#4160,#4158,#807,.T.);
#5275=EDGE_CURVE('',#4160,#4161,#2629,.T.);
#5276=EDGE_CURVE('',#4161,#4159,#808,.T.);
#5277=EDGE_CURVE('',#4162,#4160,#2630,.T.);
#5278=EDGE_CURVE('',#4162,#4163,#2631,.T.);
#5279=EDGE_CURVE('',#4163,#4161,#2632,.T.);
#5280=EDGE_CURVE('',#4164,#4162,#2633,.T.);
#5281=EDGE_CURVE('',#4164,#4165,#2634,.T.);
#5282=EDGE_CURVE('',#4165,#4163,#2635,.T.);
#5283=EDGE_CURVE('',#4143,#4164,#2636,.T.);
#5284=EDGE_CURVE('',#4145,#4165,#2637,.T.);
#5285=EDGE_CURVE('',#4166,#4167,#809,.T.);
#5286=EDGE_CURVE('',#4166,#4168,#2638,.T.);
#5287=EDGE_CURVE('',#4168,#4169,#810,.T.);
#5288=EDGE_CURVE('',#4167,#4169,#2639,.T.);
#5289=EDGE_CURVE('',#4170,#4166,#811,.T.);
#5290=EDGE_CURVE('',#4170,#4171,#2640,.T.);
#5291=EDGE_CURVE('',#4171,#4168,#812,.T.);
#5292=EDGE_CURVE('',#4172,#4170,#813,.T.);
#5293=EDGE_CURVE('',#4172,#4173,#2641,.T.);
#5294=EDGE_CURVE('',#4173,#4171,#814,.T.);
#5295=EDGE_CURVE('',#4174,#4172,#815,.T.);
#5296=EDGE_CURVE('',#4174,#4175,#2642,.T.);
#5297=EDGE_CURVE('',#4175,#4173,#816,.T.);
#5298=EDGE_CURVE('',#4167,#4174,#2643,.T.);
#5299=EDGE_CURVE('',#4169,#4175,#2644,.T.);
#5300=EDGE_CURVE('',#4176,#4177,#817,.T.);
#5301=EDGE_CURVE('',#4176,#4178,#2645,.T.);
#5302=EDGE_CURVE('',#4178,#4179,#818,.T.);
#5303=EDGE_CURVE('',#4177,#4179,#2646,.T.);
#5304=EDGE_CURVE('',#4180,#4176,#819,.T.);
#5305=EDGE_CURVE('',#4180,#4181,#2647,.T.);
#5306=EDGE_CURVE('',#4181,#4178,#820,.T.);
#5307=EDGE_CURVE('',#4182,#4180,#821,.T.);
#5308=EDGE_CURVE('',#4182,#4183,#2648,.T.);
#5309=EDGE_CURVE('',#4183,#4181,#822,.T.);
#5310=EDGE_CURVE('',#4184,#4182,#823,.T.);
#5311=EDGE_CURVE('',#4184,#4185,#2649,.T.);
#5312=EDGE_CURVE('',#4185,#4183,#824,.T.);
#5313=EDGE_CURVE('',#4186,#4184,#825,.T.);
#5314=EDGE_CURVE('',#4186,#4187,#2650,.T.);
#5315=EDGE_CURVE('',#4187,#4185,#826,.T.);
#5316=EDGE_CURVE('',#4188,#4186,#827,.T.);
#5317=EDGE_CURVE('',#4188,#4189,#2651,.T.);
#5318=EDGE_CURVE('',#4189,#4187,#828,.T.);
#5319=EDGE_CURVE('',#4190,#4188,#829,.T.);
#5320=EDGE_CURVE('',#4190,#4191,#2652,.T.);
#5321=EDGE_CURVE('',#4191,#4189,#830,.T.);
#5322=EDGE_CURVE('',#4192,#4190,#831,.T.);
#5323=EDGE_CURVE('',#4192,#4193,#2653,.T.);
#5324=EDGE_CURVE('',#4193,#4191,#832,.T.);
#5325=EDGE_CURVE('',#4194,#4192,#833,.T.);
#5326=EDGE_CURVE('',#4194,#4195,#2654,.T.);
#5327=EDGE_CURVE('',#4195,#4193,#834,.T.);
#5328=EDGE_CURVE('',#4196,#4194,#835,.T.);
#5329=EDGE_CURVE('',#4196,#4197,#2655,.T.);
#5330=EDGE_CURVE('',#4197,#4195,#836,.T.);
#5331=EDGE_CURVE('',#4198,#4196,#2656,.T.);
#5332=EDGE_CURVE('',#4198,#4199,#2657,.T.);
#5333=EDGE_CURVE('',#4199,#4197,#2658,.T.);
#5334=EDGE_CURVE('',#4200,#4198,#837,.T.);
#5335=EDGE_CURVE('',#4200,#4201,#2659,.T.);
#5336=EDGE_CURVE('',#4201,#4199,#838,.T.);
#5337=EDGE_CURVE('',#4202,#4200,#839,.T.);
#5338=EDGE_CURVE('',#4202,#4203,#2660,.T.);
#5339=EDGE_CURVE('',#4203,#4201,#840,.T.);
#5340=EDGE_CURVE('',#4204,#4202,#841,.T.);
#5341=EDGE_CURVE('',#4204,#4205,#2661,.T.);
#5342=EDGE_CURVE('',#4205,#4203,#842,.T.);
#5343=EDGE_CURVE('',#4206,#4204,#843,.T.);
#5344=EDGE_CURVE('',#4206,#4207,#2662,.T.);
#5345=EDGE_CURVE('',#4207,#4205,#844,.T.);
#5346=EDGE_CURVE('',#4208,#4206,#2663,.T.);
#5347=EDGE_CURVE('',#4208,#4209,#2664,.T.);
#5348=EDGE_CURVE('',#4209,#4207,#2665,.T.);
#5349=EDGE_CURVE('',#4177,#4208,#2666,.T.);
#5350=EDGE_CURVE('',#4179,#4209,#2667,.T.);
#5351=EDGE_CURVE('',#4210,#4211,#845,.T.);
#5352=EDGE_CURVE('',#4210,#4212,#2668,.T.);
#5353=EDGE_CURVE('',#4212,#4213,#846,.T.);
#5354=EDGE_CURVE('',#4211,#4213,#2669,.T.);
#5355=EDGE_CURVE('',#4214,#4210,#847,.T.);
#5356=EDGE_CURVE('',#4214,#4215,#2670,.T.);
#5357=EDGE_CURVE('',#4215,#4212,#848,.T.);
#5358=EDGE_CURVE('',#4216,#4214,#849,.T.);
#5359=EDGE_CURVE('',#4216,#4217,#2671,.T.);
#5360=EDGE_CURVE('',#4217,#4215,#850,.T.);
#5361=EDGE_CURVE('',#4218,#4216,#851,.T.);
#5362=EDGE_CURVE('',#4218,#4219,#2672,.T.);
#5363=EDGE_CURVE('',#4219,#4217,#852,.T.);
#5364=EDGE_CURVE('',#4220,#4218,#853,.T.);
#5365=EDGE_CURVE('',#4220,#4221,#2673,.T.);
#5366=EDGE_CURVE('',#4221,#4219,#854,.T.);
#5367=EDGE_CURVE('',#4222,#4220,#855,.T.);
#5368=EDGE_CURVE('',#4222,#4223,#2674,.T.);
#5369=EDGE_CURVE('',#4223,#4221,#856,.T.);
#5370=EDGE_CURVE('',#4224,#4222,#857,.T.);
#5371=EDGE_CURVE('',#4224,#4225,#2675,.T.);
#5372=EDGE_CURVE('',#4225,#4223,#858,.T.);
#5373=EDGE_CURVE('',#4226,#4224,#859,.T.);
#5374=EDGE_CURVE('',#4226,#4227,#2676,.T.);
#5375=EDGE_CURVE('',#4227,#4225,#860,.T.);
#5376=EDGE_CURVE('',#4228,#4226,#861,.T.);
#5377=EDGE_CURVE('',#4228,#4229,#2677,.T.);
#5378=EDGE_CURVE('',#4229,#4227,#862,.T.);
#5379=EDGE_CURVE('',#4230,#4228,#863,.T.);
#5380=EDGE_CURVE('',#4230,#4231,#2678,.T.);
#5381=EDGE_CURVE('',#4231,#4229,#864,.T.);
#5382=EDGE_CURVE('',#4232,#4230,#865,.T.);
#5383=EDGE_CURVE('',#4232,#4233,#2679,.T.);
#5384=EDGE_CURVE('',#4233,#4231,#866,.T.);
#5385=EDGE_CURVE('',#4234,#4232,#867,.T.);
#5386=EDGE_CURVE('',#4234,#4235,#2680,.T.);
#5387=EDGE_CURVE('',#4235,#4233,#868,.T.);
#5388=EDGE_CURVE('',#4236,#4234,#869,.T.);
#5389=EDGE_CURVE('',#4236,#4237,#2681,.T.);
#5390=EDGE_CURVE('',#4237,#4235,#870,.T.);
#5391=EDGE_CURVE('',#4238,#4236,#2682,.T.);
#5392=EDGE_CURVE('',#4238,#4239,#2683,.T.);
#5393=EDGE_CURVE('',#4239,#4237,#2684,.T.);
#5394=EDGE_CURVE('',#4240,#4238,#871,.T.);
#5395=EDGE_CURVE('',#4240,#4241,#2685,.T.);
#5396=EDGE_CURVE('',#4241,#4239,#872,.T.);
#5397=EDGE_CURVE('',#4242,#4240,#873,.T.);
#5398=EDGE_CURVE('',#4242,#4243,#2686,.T.);
#5399=EDGE_CURVE('',#4243,#4241,#874,.T.);
#5400=EDGE_CURVE('',#4244,#4242,#875,.T.);
#5401=EDGE_CURVE('',#4244,#4245,#2687,.T.);
#5402=EDGE_CURVE('',#4245,#4243,#876,.T.);
#5403=EDGE_CURVE('',#4246,#4244,#877,.T.);
#5404=EDGE_CURVE('',#4246,#4247,#2688,.T.);
#5405=EDGE_CURVE('',#4247,#4245,#878,.T.);
#5406=EDGE_CURVE('',#4248,#4246,#879,.T.);
#5407=EDGE_CURVE('',#4248,#4249,#2689,.T.);
#5408=EDGE_CURVE('',#4249,#4247,#880,.T.);
#5409=EDGE_CURVE('',#4250,#4248,#881,.T.);
#5410=EDGE_CURVE('',#4250,#4251,#2690,.T.);
#5411=EDGE_CURVE('',#4251,#4249,#882,.T.);
#5412=EDGE_CURVE('',#4252,#4250,#883,.T.);
#5413=EDGE_CURVE('',#4252,#4253,#2691,.T.);
#5414=EDGE_CURVE('',#4253,#4251,#884,.T.);
#5415=EDGE_CURVE('',#4254,#4252,#885,.T.);
#5416=EDGE_CURVE('',#4254,#4255,#2692,.T.);
#5417=EDGE_CURVE('',#4255,#4253,#886,.T.);
#5418=EDGE_CURVE('',#4256,#4254,#887,.T.);
#5419=EDGE_CURVE('',#4256,#4257,#2693,.T.);
#5420=EDGE_CURVE('',#4257,#4255,#888,.T.);
#5421=EDGE_CURVE('',#4258,#4256,#889,.T.);
#5422=EDGE_CURVE('',#4258,#4259,#2694,.T.);
#5423=EDGE_CURVE('',#4259,#4257,#890,.T.);
#5424=EDGE_CURVE('',#4260,#4258,#891,.T.);
#5425=EDGE_CURVE('',#4260,#4261,#2695,.T.);
#5426=EDGE_CURVE('',#4261,#4259,#892,.T.);
#5427=EDGE_CURVE('',#4262,#4260,#893,.T.);
#5428=EDGE_CURVE('',#4262,#4263,#2696,.T.);
#5429=EDGE_CURVE('',#4263,#4261,#894,.T.);
#5430=EDGE_CURVE('',#4264,#4262,#895,.T.);
#5431=EDGE_CURVE('',#4264,#4265,#2697,.T.);
#5432=EDGE_CURVE('',#4265,#4263,#896,.T.);
#5433=EDGE_CURVE('',#4266,#4264,#2698,.T.);
#5434=EDGE_CURVE('',#4266,#4267,#2699,.T.);
#5435=EDGE_CURVE('',#4267,#4265,#2700,.T.);
#5436=EDGE_CURVE('',#4211,#4266,#897,.T.);
#5437=EDGE_CURVE('',#4213,#4267,#898,.T.);
#5438=EDGE_CURVE('',#4268,#4269,#142,.T.);
#5439=EDGE_CURVE('',#4268,#4270,#2701,.T.);
#5440=EDGE_CURVE('',#4271,#4270,#143,.T.);
#5441=EDGE_CURVE('',#4271,#4272,#2702,.T.);
#5442=EDGE_CURVE('',#4273,#4272,#144,.T.);
#5443=EDGE_CURVE('',#4273,#4274,#2703,.T.);
#5444=EDGE_CURVE('',#4275,#4274,#145,.T.);
#5445=EDGE_CURVE('',#4275,#4269,#2704,.T.);
#5446=EDGE_CURVE('',#4276,#4276,#146,.T.);
#5447=EDGE_CURVE('',#4277,#4277,#147,.T.);
#5448=EDGE_CURVE('',#4278,#4278,#148,.T.);
#5449=EDGE_CURVE('',#4279,#4279,#149,.T.);
#5450=EDGE_CURVE('',#4269,#4280,#2705,.T.);
#5451=EDGE_CURVE('',#4281,#4275,#2706,.T.);
#5452=EDGE_CURVE('',#4280,#4281,#2707,.T.);
#5453=EDGE_CURVE('',#4274,#4282,#2708,.T.);
#5454=EDGE_CURVE('',#4283,#4273,#2709,.T.);
#5455=EDGE_CURVE('',#4282,#4283,#2710,.T.);
#5456=EDGE_CURVE('',#4284,#4268,#2711,.T.);
#5457=EDGE_CURVE('',#4285,#4284,#2712,.T.);
#5458=EDGE_CURVE('',#4270,#4285,#2713,.T.);
#5459=EDGE_CURVE('',#4286,#4286,#150,.T.);
#5460=EDGE_CURVE('',#4286,#4287,#2714,.T.);
#5461=EDGE_CURVE('',#4287,#4287,#151,.T.);
#5462=EDGE_CURVE('',#4288,#4288,#152,.T.);
#5463=EDGE_CURVE('',#4282,#4281,#153,.T.);
#5464=EDGE_CURVE('',#4289,#4283,#154,.T.);
#5465=EDGE_CURVE('',#4289,#4290,#2715,.T.);
#5466=EDGE_CURVE('',#4290,#4291,#2716,.T.);
#5467=EDGE_CURVE('',#4291,#4292,#2717,.T.);
#5468=EDGE_CURVE('',#4292,#4293,#2718,.T.);
#5469=EDGE_CURVE('',#4293,#4294,#2719,.T.);
#5470=EDGE_CURVE('',#4294,#4295,#2720,.T.);
#5471=EDGE_CURVE('',#4295,#4296,#2721,.T.);
#5472=EDGE_CURVE('',#4296,#4297,#2722,.T.);
#5473=EDGE_CURVE('',#4297,#4298,#2723,.T.);
#5474=EDGE_CURVE('',#4285,#4298,#155,.T.);
#5475=EDGE_CURVE('',#4280,#4284,#156,.T.);
#5476=EDGE_CURVE('',#4299,#4299,#157,.T.);
#5477=EDGE_CURVE('',#4300,#4300,#158,.T.);
#5478=EDGE_CURVE('',#4301,#4301,#159,.T.);
#5479=EDGE_CURVE('',#4302,#4302,#160,.T.);
#5480=EDGE_CURVE('',#4272,#4289,#2724,.T.);
#5481=EDGE_CURVE('',#4298,#4271,#2725,.T.);
#5482=EDGE_CURVE('',#4303,#4296,#2726,.T.);
#5483=EDGE_CURVE('',#4303,#4304,#2727,.T.);
#5484=EDGE_CURVE('',#4297,#4304,#2728,.T.);
#5485=EDGE_CURVE('',#4305,#4290,#2729,.T.);
#5486=EDGE_CURVE('',#4305,#4306,#2730,.T.);
#5487=EDGE_CURVE('',#4291,#4306,#2731,.T.);
#5488=EDGE_CURVE('',#4304,#4305,#2732,.T.);
#5489=EDGE_CURVE('',#4306,#4303,#2733,.T.);
#5490=EDGE_CURVE('',#4307,#4308,#2734,.T.);
#5491=EDGE_CURVE('',#4309,#4307,#2735,.T.);
#5492=EDGE_CURVE('',#4310,#4309,#2736,.T.);
#5493=EDGE_CURVE('',#4308,#4310,#2737,.T.);
#5494=EDGE_CURVE('',#4310,#4295,#2738,.T.);
#5495=EDGE_CURVE('',#4309,#4292,#2739,.T.);
#5496=EDGE_CURVE('',#4307,#4293,#2740,.T.);
#5497=EDGE_CURVE('',#4288,#4277,#2741,.T.);
#5498=EDGE_CURVE('',#4311,#4311,#161,.T.);
#5499=EDGE_CURVE('',#4311,#4279,#2742,.T.);
#5500=EDGE_CURVE('',#4312,#4312,#162,.T.);
#5501=EDGE_CURVE('',#4312,#4276,#2743,.T.);
#5502=EDGE_CURVE('',#4313,#4313,#163,.T.);
#5503=EDGE_CURVE('',#4313,#4278,#2744,.T.);
#5504=EDGE_CURVE('',#4308,#4294,#2745,.T.);
#5505=EDGE_CURVE('',#4314,#4314,#164,.T.);
#5506=EDGE_CURVE('',#4314,#4300,#2746,.T.);
#5507=EDGE_CURVE('',#4315,#4315,#165,.T.);
#5508=EDGE_CURVE('',#4315,#4301,#2747,.T.);
#5509=EDGE_CURVE('',#4316,#4316,#166,.T.);
#5510=EDGE_CURVE('',#4316,#4299,#2748,.T.);
#5511=EDGE_CURVE('',#4286,#4302,#2749,.T.);
#5512=EDGE_CURVE('',#4317,#4317,#167,.T.);
#5513=EDGE_CURVE('',#4317,#4318,#2750,.T.);
#5514=EDGE_CURVE('',#4318,#4318,#168,.T.);
#5515=EDGE_CURVE('',#4319,#4319,#169,.T.);
#5516=EDGE_CURVE('',#4319,#4320,#2751,.T.);
#5517=EDGE_CURVE('',#4320,#4320,#170,.T.);
#5518=EDGE_CURVE('',#4321,#4321,#171,.T.);
#5519=EDGE_CURVE('',#4321,#4322,#2752,.T.);
#5520=EDGE_CURVE('',#4322,#4322,#172,.T.);
#5521=EDGE_CURVE('',#4323,#4323,#173,.T.);
#5522=EDGE_CURVE('',#4323,#4324,#2753,.T.);
#5523=EDGE_CURVE('',#4324,#4324,#174,.T.);
#5524=EDGE_CURVE('',#4325,#4325,#175,.T.);
#5525=EDGE_CURVE('',#4326,#4326,#176,.T.);
#5526=EDGE_CURVE('',#4327,#4327,#177,.T.);
#5527=EDGE_CURVE('',#4327,#4326,#2754,.T.);
#5528=EDGE_CURVE('',#4328,#4328,#178,.T.);
#5529=EDGE_CURVE('',#4328,#4325,#2755,.T.);
#5530=EDGE_CURVE('',#4329,#4330,#2756,.T.);
#5531=EDGE_CURVE('',#4330,#4331,#2757,.T.);
#5532=EDGE_CURVE('',#4332,#4331,#2758,.T.);
#5533=EDGE_CURVE('',#4329,#4332,#2759,.T.);
#5534=EDGE_CURVE('',#4333,#4334,#2760,.T.);
#5535=EDGE_CURVE('',#4334,#4330,#2761,.T.);
#5536=EDGE_CURVE('',#4333,#4329,#2762,.T.);
#5537=EDGE_CURVE('',#4331,#4335,#2763,.T.);
#5538=EDGE_CURVE('',#4336,#4335,#2764,.T.);
#5539=EDGE_CURVE('',#4332,#4336,#2765,.T.);
#5540=EDGE_CURVE('',#4336,#4333,#2766,.T.);
#5541=EDGE_CURVE('',#4337,#4337,#179,.T.);
#5542=EDGE_CURVE('',#4338,#4338,#180,.T.);
#5543=EDGE_CURVE('',#4339,#4339,#181,.T.);
#5544=EDGE_CURVE('',#4340,#4340,#182,.T.);
#5545=EDGE_CURVE('',#4341,#4341,#183,.T.);
#5546=EDGE_CURVE('',#4342,#4342,#184,.T.);
#5547=EDGE_CURVE('',#4343,#4343,#185,.T.);
#5548=EDGE_CURVE('',#4344,#4344,#186,.T.);
#5549=EDGE_CURVE('',#4345,#4345,#187,.T.);
#5550=EDGE_CURVE('',#4346,#4346,#188,.T.);
#5551=EDGE_CURVE('',#4347,#4347,#189,.T.);
#5552=EDGE_CURVE('',#4348,#4348,#190,.T.);
#5553=EDGE_CURVE('',#4349,#4349,#191,.T.);
#5554=EDGE_CURVE('',#4350,#4350,#192,.T.);
#5555=EDGE_CURVE('',#4351,#4351,#193,.T.);
#5556=EDGE_CURVE('',#4352,#4352,#194,.T.);
#5557=EDGE_CURVE('',#4353,#4353,#195,.T.);
#5558=EDGE_CURVE('',#4354,#4354,#196,.T.);
#5559=EDGE_CURVE('',#4355,#4355,#197,.T.);
#5560=EDGE_CURVE('',#4356,#4356,#198,.T.);
#5561=EDGE_CURVE('',#4357,#4357,#199,.T.);
#5562=EDGE_CURVE('',#4358,#4358,#200,.T.);
#5563=EDGE_CURVE('',#4359,#4359,#201,.T.);
#5564=EDGE_CURVE('',#4360,#4360,#202,.T.);
#5565=EDGE_CURVE('',#4361,#4361,#203,.T.);
#5566=EDGE_CURVE('',#4362,#4362,#204,.T.);
#5567=EDGE_CURVE('',#4363,#4363,#205,.T.);
#5568=EDGE_CURVE('',#4364,#4364,#206,.T.);
#5569=EDGE_CURVE('',#4365,#4365,#207,.T.);
#5570=EDGE_CURVE('',#4366,#4366,#208,.T.);
#5571=EDGE_CURVE('',#4367,#4367,#209,.T.);
#5572=EDGE_CURVE('',#4368,#4368,#210,.T.);
#5573=EDGE_CURVE('',#4369,#4369,#211,.T.);
#5574=EDGE_CURVE('',#4370,#4371,#212,.T.);
#5575=EDGE_CURVE('',#4372,#4370,#2767,.T.);
#5576=EDGE_CURVE('',#4373,#4372,#213,.T.);
#5577=EDGE_CURVE('',#4371,#4373,#2768,.T.);
#5578=EDGE_CURVE('',#4374,#4374,#214,.T.);
#5579=EDGE_CURVE('',#4375,#4375,#215,.T.);
#5580=EDGE_CURVE('',#4376,#4376,#216,.T.);
#5581=EDGE_CURVE('',#4377,#4377,#217,.T.);
#5582=EDGE_CURVE('',#4378,#4378,#218,.T.);
#5583=EDGE_CURVE('',#4379,#4379,#219,.T.);
#5584=EDGE_CURVE('',#4380,#4380,#220,.T.);
#5585=EDGE_CURVE('',#4381,#4381,#221,.T.);
#5586=EDGE_CURVE('',#4382,#4382,#222,.T.);
#5587=EDGE_CURVE('',#4383,#4383,#223,.T.);
#5588=EDGE_CURVE('',#4384,#4384,#224,.T.);
#5589=EDGE_CURVE('',#4385,#4386,#225,.T.);
#5590=EDGE_CURVE('',#4387,#4385,#2769,.T.);
#5591=EDGE_CURVE('',#4388,#4387,#226,.T.);
#5592=EDGE_CURVE('',#4386,#4388,#2770,.T.);
#5593=EDGE_CURVE('',#4389,#4389,#227,.T.);
#5594=EDGE_CURVE('',#4390,#4390,#228,.T.);
#5595=EDGE_CURVE('',#4391,#4391,#229,.T.);
#5596=EDGE_CURVE('',#4392,#4392,#230,.T.);
#5597=EDGE_CURVE('',#4335,#4334,#2771,.T.);
#5598=EDGE_CURVE('',#4393,#4393,#231,.T.);
#5599=EDGE_CURVE('',#4394,#4394,#232,.T.);
#5600=EDGE_CURVE('',#4395,#4395,#233,.T.);
#5601=EDGE_CURVE('',#4396,#4396,#234,.T.);
#5602=EDGE_CURVE('',#4397,#4397,#235,.T.);
#5603=EDGE_CURVE('',#4398,#4398,#236,.T.);
#5604=EDGE_CURVE('',#4399,#4399,#237,.T.);
#5605=EDGE_CURVE('',#4400,#4400,#238,.T.);
#5606=EDGE_CURVE('',#4401,#4401,#239,.T.);
#5607=EDGE_CURVE('',#4402,#4402,#240,.T.);
#5608=EDGE_CURVE('',#4403,#4403,#241,.T.);
#5609=EDGE_CURVE('',#4404,#4404,#242,.T.);
#5610=EDGE_CURVE('',#4405,#4405,#243,.T.);
#5611=EDGE_CURVE('',#4406,#4406,#244,.T.);
#5612=EDGE_CURVE('',#4407,#4407,#245,.T.);
#5613=EDGE_CURVE('',#4408,#4408,#246,.T.);
#5614=EDGE_CURVE('',#4409,#4409,#247,.T.);
#5615=EDGE_CURVE('',#4410,#4410,#248,.T.);
#5616=EDGE_CURVE('',#4411,#4411,#249,.T.);
#5617=EDGE_CURVE('',#4412,#4412,#250,.T.);
#5618=EDGE_CURVE('',#4413,#4413,#251,.T.);
#5619=EDGE_CURVE('',#4414,#4414,#252,.T.);
#5620=EDGE_CURVE('',#4415,#4415,#253,.T.);
#5621=EDGE_CURVE('',#4416,#4416,#254,.T.);
#5622=EDGE_CURVE('',#4417,#4417,#255,.T.);
#5623=EDGE_CURVE('',#4418,#4418,#256,.T.);
#5624=EDGE_CURVE('',#4419,#4419,#257,.T.);
#5625=EDGE_CURVE('',#4420,#4420,#258,.T.);
#5626=EDGE_CURVE('',#4421,#4421,#259,.T.);
#5627=EDGE_CURVE('',#4422,#4422,#260,.T.);
#5628=EDGE_CURVE('',#4423,#4423,#261,.T.);
#5629=EDGE_CURVE('',#4424,#4424,#262,.T.);
#5630=EDGE_CURVE('',#4425,#4425,#263,.T.);
#5631=EDGE_CURVE('',#4426,#4427,#264,.T.);
#5632=EDGE_CURVE('',#4427,#4428,#2772,.T.);
#5633=EDGE_CURVE('',#4428,#4429,#265,.T.);
#5634=EDGE_CURVE('',#4429,#4426,#2773,.T.);
#5635=EDGE_CURVE('',#4430,#4430,#266,.T.);
#5636=EDGE_CURVE('',#4431,#4431,#267,.T.);
#5637=EDGE_CURVE('',#4432,#4432,#268,.T.);
#5638=EDGE_CURVE('',#4433,#4433,#269,.T.);
#5639=EDGE_CURVE('',#4434,#4434,#270,.T.);
#5640=EDGE_CURVE('',#4435,#4435,#271,.T.);
#5641=EDGE_CURVE('',#4436,#4436,#272,.T.);
#5642=EDGE_CURVE('',#4437,#4437,#273,.T.);
#5643=EDGE_CURVE('',#4438,#4438,#274,.T.);
#5644=EDGE_CURVE('',#4439,#4439,#275,.T.);
#5645=EDGE_CURVE('',#4440,#4440,#276,.T.);
#5646=EDGE_CURVE('',#4441,#4442,#277,.T.);
#5647=EDGE_CURVE('',#4442,#4443,#2774,.T.);
#5648=EDGE_CURVE('',#4443,#4444,#278,.T.);
#5649=EDGE_CURVE('',#4444,#4441,#2775,.T.);
#5650=EDGE_CURVE('',#4445,#4445,#279,.T.);
#5651=EDGE_CURVE('',#4446,#4446,#280,.T.);
#5652=EDGE_CURVE('',#4447,#4447,#281,.T.);
#5653=EDGE_CURVE('',#4448,#4448,#282,.T.);
#5654=EDGE_CURVE('',#4393,#4337,#2776,.T.);
#5655=EDGE_CURVE('',#4394,#4338,#2777,.T.);
#5656=EDGE_CURVE('',#4395,#4339,#2778,.T.);
#5657=EDGE_CURVE('',#4396,#4340,#2779,.T.);
#5658=EDGE_CURVE('',#4397,#4341,#2780,.T.);
#5659=EDGE_CURVE('',#4398,#4342,#2781,.T.);
#5660=EDGE_CURVE('',#4399,#4343,#2782,.T.);
#5661=EDGE_CURVE('',#4400,#4344,#2783,.T.);
#5662=EDGE_CURVE('',#4401,#4345,#2784,.T.);
#5663=EDGE_CURVE('',#4402,#4346,#2785,.T.);
#5664=EDGE_CURVE('',#4403,#4347,#2786,.T.);
#5665=EDGE_CURVE('',#4404,#4348,#2787,.T.);
#5666=EDGE_CURVE('',#4405,#4349,#2788,.T.);
#5667=EDGE_CURVE('',#4406,#4350,#2789,.T.);
#5668=EDGE_CURVE('',#4407,#4351,#2790,.T.);
#5669=EDGE_CURVE('',#4408,#4352,#2791,.T.);
#5670=EDGE_CURVE('',#4409,#4353,#2792,.T.);
#5671=EDGE_CURVE('',#4410,#4354,#2793,.T.);
#5672=EDGE_CURVE('',#4411,#4355,#2794,.T.);
#5673=EDGE_CURVE('',#4412,#4356,#2795,.T.);
#5674=EDGE_CURVE('',#4413,#4357,#2796,.T.);
#5675=EDGE_CURVE('',#4414,#4358,#2797,.T.);
#5676=EDGE_CURVE('',#4415,#4359,#2798,.T.);
#5677=EDGE_CURVE('',#4416,#4360,#2799,.T.);
#5678=EDGE_CURVE('',#4417,#4361,#2800,.T.);
#5679=EDGE_CURVE('',#4418,#4362,#2801,.T.);
#5680=EDGE_CURVE('',#4419,#4363,#2802,.T.);
#5681=EDGE_CURVE('',#4420,#4364,#2803,.T.);
#5682=EDGE_CURVE('',#4421,#4365,#2804,.T.);
#5683=EDGE_CURVE('',#4422,#4366,#2805,.T.);
#5684=EDGE_CURVE('',#4423,#4367,#2806,.T.);
#5685=EDGE_CURVE('',#4424,#4368,#2807,.T.);
#5686=EDGE_CURVE('',#4425,#4369,#2808,.T.);
#5687=EDGE_CURVE('',#4371,#4427,#2809,.T.);
#5688=EDGE_CURVE('',#4370,#4426,#2810,.T.);
#5689=EDGE_CURVE('',#4372,#4429,#2811,.T.);
#5690=EDGE_CURVE('',#4373,#4428,#2812,.T.);
#5691=EDGE_CURVE('',#4430,#4374,#2813,.T.);
#5692=EDGE_CURVE('',#4431,#4375,#2814,.T.);
#5693=EDGE_CURVE('',#4432,#4376,#2815,.T.);
#5694=EDGE_CURVE('',#4433,#4377,#2816,.T.);
#5695=EDGE_CURVE('',#4434,#4378,#2817,.T.);
#5696=EDGE_CURVE('',#4435,#4379,#2818,.T.);
#5697=EDGE_CURVE('',#4436,#4380,#2819,.T.);
#5698=EDGE_CURVE('',#4437,#4381,#2820,.T.);
#5699=EDGE_CURVE('',#4438,#4382,#2821,.T.);
#5700=EDGE_CURVE('',#4439,#4383,#2822,.T.);
#5701=EDGE_CURVE('',#4440,#4384,#2823,.T.);
#5702=EDGE_CURVE('',#4386,#4442,#2824,.T.);
#5703=EDGE_CURVE('',#4385,#4441,#2825,.T.);
#5704=EDGE_CURVE('',#4387,#4444,#2826,.T.);
#5705=EDGE_CURVE('',#4388,#4443,#2827,.T.);
#5706=EDGE_CURVE('',#4445,#4389,#2828,.T.);
#5707=EDGE_CURVE('',#4446,#4390,#2829,.T.);
#5708=EDGE_CURVE('',#4447,#4391,#2830,.T.);
#5709=EDGE_CURVE('',#4448,#4392,#2831,.T.);
#5710=EDGE_CURVE('',#4449,#4449,#283,.T.);
#5711=EDGE_CURVE('',#4449,#4450,#2832,.T.);
#5712=EDGE_CURVE('',#4450,#4450,#284,.T.);
#5713=EDGE_CURVE('',#4451,#4452,#285,.T.);
#5714=EDGE_CURVE('',#4452,#4453,#2833,.T.);
#5715=EDGE_CURVE('',#4453,#4454,#286,.T.);
#5716=EDGE_CURVE('',#4454,#4451,#2834,.T.);
#5717=EDGE_CURVE('',#4454,#4455,#2835,.T.);
#5718=EDGE_CURVE('',#4456,#4455,#2836,.T.);
#5719=EDGE_CURVE('',#4451,#4456,#2837,.T.);
#5720=EDGE_CURVE('',#4457,#4453,#2838,.T.);
#5721=EDGE_CURVE('',#4458,#4457,#287,.T.);
#5722=EDGE_CURVE('',#4459,#4458,#2839,.T.);
#5723=EDGE_CURVE('',#4460,#4459,#288,.T.);
#5724=EDGE_CURVE('',#4461,#4460,#2840,.T.);
#5725=EDGE_CURVE('',#4461,#4462,#2841,.T.);
#5726=EDGE_CURVE('',#4462,#4463,#2842,.T.);
#5727=EDGE_CURVE('',#4463,#4464,#2843,.T.);
#5728=EDGE_CURVE('',#4465,#4464,#2844,.T.);
#5729=EDGE_CURVE('',#4455,#4465,#289,.T.);
#5730=EDGE_CURVE('',#4466,#4467,#2845,.T.);
#5731=EDGE_CURVE('',#4467,#4468,#2846,.T.);
#5732=EDGE_CURVE('',#4468,#4469,#2847,.T.);
#5733=EDGE_CURVE('',#4469,#4466,#2848,.T.);
#5734=EDGE_CURVE('',#4470,#4471,#2849,.T.);
#5735=EDGE_CURVE('',#4471,#4472,#2850,.T.);
#5736=EDGE_CURVE('',#4472,#4473,#2851,.T.);
#5737=EDGE_CURVE('',#4473,#4470,#2852,.T.);
#5738=EDGE_CURVE('',#4474,#4475,#2853,.T.);
#5739=EDGE_CURVE('',#4475,#4476,#2854,.T.);
#5740=EDGE_CURVE('',#4476,#4477,#2855,.T.);
#5741=EDGE_CURVE('',#4477,#4474,#2856,.T.);
#5742=EDGE_CURVE('',#4478,#4479,#2857,.T.);
#5743=EDGE_CURVE('',#4479,#4480,#2858,.T.);
#5744=EDGE_CURVE('',#4480,#4481,#2859,.T.);
#5745=EDGE_CURVE('',#4481,#4478,#2860,.T.);
#5746=EDGE_CURVE('',#4482,#4483,#2861,.T.);
#5747=EDGE_CURVE('',#4483,#4484,#2862,.T.);
#5748=EDGE_CURVE('',#4484,#4485,#2863,.T.);
#5749=EDGE_CURVE('',#4485,#4482,#2864,.T.);
#5750=EDGE_CURVE('',#4486,#4487,#2865,.T.);
#5751=EDGE_CURVE('',#4487,#4488,#2866,.T.);
#5752=EDGE_CURVE('',#4488,#4489,#2867,.T.);
#5753=EDGE_CURVE('',#4489,#4486,#2868,.T.);
#5754=EDGE_CURVE('',#4490,#4491,#2869,.T.);
#5755=EDGE_CURVE('',#4491,#4492,#2870,.T.);
#5756=EDGE_CURVE('',#4492,#4493,#2871,.T.);
#5757=EDGE_CURVE('',#4493,#4490,#2872,.T.);
#5758=EDGE_CURVE('',#4494,#4494,#290,.T.);
#5759=EDGE_CURVE('',#4495,#4495,#291,.T.);
#5760=EDGE_CURVE('',#4496,#4496,#292,.T.);
#5761=EDGE_CURVE('',#4497,#4497,#293,.T.);
#5762=EDGE_CURVE('',#4498,#4499,#294,.T.);
#5763=EDGE_CURVE('',#4499,#4458,#2873,.T.);
#5764=EDGE_CURVE('',#4457,#4498,#2874,.T.);
#5765=EDGE_CURVE('',#4500,#4499,#2875,.T.);
#5766=EDGE_CURVE('',#4459,#4500,#2876,.T.);
#5767=EDGE_CURVE('',#4500,#4501,#295,.T.);
#5768=EDGE_CURVE('',#4501,#4460,#2877,.T.);
#5769=EDGE_CURVE('',#4502,#4456,#296,.T.);
#5770=EDGE_CURVE('',#4465,#4502,#2878,.T.);
#5771=EDGE_CURVE('',#4464,#4503,#2879,.T.);
#5772=EDGE_CURVE('',#4502,#4503,#2880,.T.);
#5773=EDGE_CURVE('',#4504,#4505,#2881,.T.);
#5774=EDGE_CURVE('',#4469,#4504,#2882,.T.);
#5775=EDGE_CURVE('',#4468,#4505,#2883,.T.);
#5776=EDGE_CURVE('',#4505,#4506,#2884,.T.);
#5777=EDGE_CURVE('',#4467,#4506,#2885,.T.);
#5778=EDGE_CURVE('',#4506,#4507,#2886,.T.);
#5779=EDGE_CURVE('',#4466,#4507,#2887,.T.);
#5780=EDGE_CURVE('',#4507,#4504,#2888,.T.);
#5781=EDGE_CURVE('',#4508,#4509,#2889,.T.);
#5782=EDGE_CURVE('',#4473,#4508,#2890,.T.);
#5783=EDGE_CURVE('',#4472,#4509,#2891,.T.);
#5784=EDGE_CURVE('',#4509,#4510,#2892,.T.);
#5785=EDGE_CURVE('',#4471,#4510,#2893,.T.);
#5786=EDGE_CURVE('',#4510,#4511,#2894,.T.);
#5787=EDGE_CURVE('',#4470,#4511,#2895,.T.);
#5788=EDGE_CURVE('',#4511,#4508,#2896,.T.);
#5789=EDGE_CURVE('',#4512,#4513,#2897,.T.);
#5790=EDGE_CURVE('',#4477,#4512,#2898,.T.);
#5791=EDGE_CURVE('',#4476,#4513,#2899,.T.);
#5792=EDGE_CURVE('',#4513,#4514,#2900,.T.);
#5793=EDGE_CURVE('',#4475,#4514,#2901,.T.);
#5794=EDGE_CURVE('',#4514,#4515,#2902,.T.);
#5795=EDGE_CURVE('',#4474,#4515,#2903,.T.);
#5796=EDGE_CURVE('',#4515,#4512,#2904,.T.);
#5797=EDGE_CURVE('',#4516,#4517,#2905,.T.);
#5798=EDGE_CURVE('',#4481,#4516,#2906,.T.);
#5799=EDGE_CURVE('',#4480,#4517,#2907,.T.);
#5800=EDGE_CURVE('',#4517,#4518,#2908,.T.);
#5801=EDGE_CURVE('',#4479,#4518,#2909,.T.);
#5802=EDGE_CURVE('',#4518,#4519,#2910,.T.);
#5803=EDGE_CURVE('',#4478,#4519,#2911,.T.);
#5804=EDGE_CURVE('',#4519,#4516,#2912,.T.);
#5805=EDGE_CURVE('',#4520,#4521,#2913,.T.);
#5806=EDGE_CURVE('',#4485,#4520,#2914,.T.);
#5807=EDGE_CURVE('',#4484,#4521,#2915,.T.);
#5808=EDGE_CURVE('',#4521,#4522,#2916,.T.);
#5809=EDGE_CURVE('',#4483,#4522,#2917,.T.);
#5810=EDGE_CURVE('',#4522,#4523,#2918,.T.);
#5811=EDGE_CURVE('',#4482,#4523,#2919,.T.);
#5812=EDGE_CURVE('',#4523,#4520,#2920,.T.);
#5813=EDGE_CURVE('',#4524,#4525,#2921,.T.);
#5814=EDGE_CURVE('',#4489,#4524,#2922,.T.);
#5815=EDGE_CURVE('',#4488,#4525,#2923,.T.);
#5816=EDGE_CURVE('',#4525,#4526,#2924,.T.);
#5817=EDGE_CURVE('',#4487,#4526,#2925,.T.);
#5818=EDGE_CURVE('',#4526,#4527,#2926,.T.);
#5819=EDGE_CURVE('',#4486,#4527,#2927,.T.);
#5820=EDGE_CURVE('',#4527,#4524,#2928,.T.);
#5821=EDGE_CURVE('',#4528,#4529,#2929,.T.);
#5822=EDGE_CURVE('',#4493,#4528,#2930,.T.);
#5823=EDGE_CURVE('',#4492,#4529,#2931,.T.);
#5824=EDGE_CURVE('',#4529,#4530,#2932,.T.);
#5825=EDGE_CURVE('',#4491,#4530,#2933,.T.);
#5826=EDGE_CURVE('',#4530,#4531,#2934,.T.);
#5827=EDGE_CURVE('',#4490,#4531,#2935,.T.);
#5828=EDGE_CURVE('',#4531,#4528,#2936,.T.);
#5829=EDGE_CURVE('',#4532,#4533,#2937,.T.);
#5830=EDGE_CURVE('',#4462,#4532,#2938,.T.);
#5831=EDGE_CURVE('',#4533,#4461,#2939,.T.);
#5832=EDGE_CURVE('',#4503,#4534,#2940,.T.);
#5833=EDGE_CURVE('',#4463,#4534,#2941,.T.);
#5834=EDGE_CURVE('',#4534,#4532,#2942,.T.);
#5835=EDGE_CURVE('',#4533,#4501,#2943,.T.);
#5836=EDGE_CURVE('',#4535,#4535,#297,.T.);
#5837=EDGE_CURVE('',#4535,#4494,#2944,.T.);
#5838=EDGE_CURVE('',#4536,#4536,#298,.T.);
#5839=EDGE_CURVE('',#4536,#4495,#2945,.T.);
#5840=EDGE_CURVE('',#4537,#4537,#299,.T.);
#5841=EDGE_CURVE('',#4537,#4496,#2946,.T.);
#5842=EDGE_CURVE('',#4538,#4538,#300,.T.);
#5843=EDGE_CURVE('',#4538,#4497,#2947,.T.);
#5844=EDGE_CURVE('',#4498,#4452,#2948,.T.);
#5845=EDGE_CURVE('',#4539,#4540,#301,.T.);
#5846=EDGE_CURVE('',#4539,#4541,#2949,.T.);
#5847=EDGE_CURVE('',#4541,#4542,#302,.T.);
#5848=EDGE_CURVE('',#4540,#4542,#2950,.T.);
#5849=EDGE_CURVE('',#4540,#4539,#2951,.T.);
#5850=EDGE_CURVE('',#4542,#4541,#2952,.T.);
#5851=EDGE_CURVE('',#4543,#4543,#303,.T.);
#5852=EDGE_CURVE('',#4543,#4544,#2953,.T.);
#5853=EDGE_CURVE('',#4544,#4544,#304,.T.);
#5854=EDGE_CURVE('',#4545,#4545,#305,.T.);
#5855=EDGE_CURVE('',#4545,#4546,#2954,.T.);
#5856=EDGE_CURVE('',#4546,#4546,#306,.T.);
#5857=ORIENTED_EDGE('',*,*,#4547,.F.);
#5858=ORIENTED_EDGE('',*,*,#4548,.T.);
#5859=ORIENTED_EDGE('',*,*,#4549,.T.);
#5860=ORIENTED_EDGE('',*,*,#4550,.F.);
#5861=ORIENTED_EDGE('',*,*,#4551,.F.);
#5862=ORIENTED_EDGE('',*,*,#4552,.T.);
#5863=ORIENTED_EDGE('',*,*,#4553,.T.);
#5864=ORIENTED_EDGE('',*,*,#4548,.F.);
#5865=ORIENTED_EDGE('',*,*,#4554,.F.);
#5866=ORIENTED_EDGE('',*,*,#4555,.T.);
#5867=ORIENTED_EDGE('',*,*,#4556,.T.);
#5868=ORIENTED_EDGE('',*,*,#4552,.F.);
#5869=ORIENTED_EDGE('',*,*,#4557,.F.);
#5870=ORIENTED_EDGE('',*,*,#4558,.T.);
#5871=ORIENTED_EDGE('',*,*,#4559,.T.);
#5872=ORIENTED_EDGE('',*,*,#4555,.F.);
#5873=ORIENTED_EDGE('',*,*,#4560,.F.);
#5874=ORIENTED_EDGE('',*,*,#4561,.T.);
#5875=ORIENTED_EDGE('',*,*,#4562,.T.);
#5876=ORIENTED_EDGE('',*,*,#4558,.F.);
#5877=ORIENTED_EDGE('',*,*,#4563,.F.);
#5878=ORIENTED_EDGE('',*,*,#4564,.T.);
#5879=ORIENTED_EDGE('',*,*,#4565,.T.);
#5880=ORIENTED_EDGE('',*,*,#4561,.F.);
#5881=ORIENTED_EDGE('',*,*,#4566,.F.);
#5882=ORIENTED_EDGE('',*,*,#4567,.T.);
#5883=ORIENTED_EDGE('',*,*,#4568,.T.);
#5884=ORIENTED_EDGE('',*,*,#4564,.F.);
#5885=ORIENTED_EDGE('',*,*,#4569,.F.);
#5886=ORIENTED_EDGE('',*,*,#4570,.T.);
#5887=ORIENTED_EDGE('',*,*,#4571,.T.);
#5888=ORIENTED_EDGE('',*,*,#4567,.F.);
#5889=ORIENTED_EDGE('',*,*,#4572,.F.);
#5890=ORIENTED_EDGE('',*,*,#4573,.T.);
#5891=ORIENTED_EDGE('',*,*,#4574,.T.);
#5892=ORIENTED_EDGE('',*,*,#4570,.F.);
#5893=ORIENTED_EDGE('',*,*,#4575,.F.);
#5894=ORIENTED_EDGE('',*,*,#4576,.T.);
#5895=ORIENTED_EDGE('',*,*,#4577,.T.);
#5896=ORIENTED_EDGE('',*,*,#4573,.F.);
#5897=ORIENTED_EDGE('',*,*,#4578,.F.);
#5898=ORIENTED_EDGE('',*,*,#4579,.T.);
#5899=ORIENTED_EDGE('',*,*,#4580,.T.);
#5900=ORIENTED_EDGE('',*,*,#4576,.F.);
#5901=ORIENTED_EDGE('',*,*,#4581,.F.);
#5902=ORIENTED_EDGE('',*,*,#4582,.T.);
#5903=ORIENTED_EDGE('',*,*,#4583,.T.);
#5904=ORIENTED_EDGE('',*,*,#4579,.F.);
#5905=ORIENTED_EDGE('',*,*,#4584,.F.);
#5906=ORIENTED_EDGE('',*,*,#4585,.T.);
#5907=ORIENTED_EDGE('',*,*,#4586,.T.);
#5908=ORIENTED_EDGE('',*,*,#4582,.F.);
#5909=ORIENTED_EDGE('',*,*,#4587,.F.);
#5910=ORIENTED_EDGE('',*,*,#4588,.T.);
#5911=ORIENTED_EDGE('',*,*,#4589,.T.);
#5912=ORIENTED_EDGE('',*,*,#4585,.F.);
#5913=ORIENTED_EDGE('',*,*,#4590,.F.);
#5914=ORIENTED_EDGE('',*,*,#4591,.T.);
#5915=ORIENTED_EDGE('',*,*,#4592,.T.);
#5916=ORIENTED_EDGE('',*,*,#4588,.F.);
#5917=ORIENTED_EDGE('',*,*,#4593,.F.);
#5918=ORIENTED_EDGE('',*,*,#4550,.T.);
#5919=ORIENTED_EDGE('',*,*,#4594,.T.);
#5920=ORIENTED_EDGE('',*,*,#4591,.F.);
#5921=ORIENTED_EDGE('',*,*,#4594,.F.);
#5922=ORIENTED_EDGE('',*,*,#4549,.F.);
#5923=ORIENTED_EDGE('',*,*,#4553,.F.);
#5924=ORIENTED_EDGE('',*,*,#4556,.F.);
#5925=ORIENTED_EDGE('',*,*,#4559,.F.);
#5926=ORIENTED_EDGE('',*,*,#4562,.F.);
#5927=ORIENTED_EDGE('',*,*,#4565,.F.);
#5928=ORIENTED_EDGE('',*,*,#4568,.F.);
#5929=ORIENTED_EDGE('',*,*,#4571,.F.);
#5930=ORIENTED_EDGE('',*,*,#4574,.F.);
#5931=ORIENTED_EDGE('',*,*,#4577,.F.);
#5932=ORIENTED_EDGE('',*,*,#4580,.F.);
#5933=ORIENTED_EDGE('',*,*,#4583,.F.);
#5934=ORIENTED_EDGE('',*,*,#4586,.F.);
#5935=ORIENTED_EDGE('',*,*,#4589,.F.);
#5936=ORIENTED_EDGE('',*,*,#4592,.F.);
#5937=ORIENTED_EDGE('',*,*,#4595,.F.);
#5938=ORIENTED_EDGE('',*,*,#4596,.T.);
#5939=ORIENTED_EDGE('',*,*,#4597,.T.);
#5940=ORIENTED_EDGE('',*,*,#4598,.F.);
#5941=ORIENTED_EDGE('',*,*,#4599,.F.);
#5942=ORIENTED_EDGE('',*,*,#4600,.T.);
#5943=ORIENTED_EDGE('',*,*,#4601,.T.);
#5944=ORIENTED_EDGE('',*,*,#4596,.F.);
#5945=ORIENTED_EDGE('',*,*,#4602,.F.);
#5946=ORIENTED_EDGE('',*,*,#4603,.T.);
#5947=ORIENTED_EDGE('',*,*,#4604,.T.);
#5948=ORIENTED_EDGE('',*,*,#4600,.F.);
#5949=ORIENTED_EDGE('',*,*,#4605,.F.);
#5950=ORIENTED_EDGE('',*,*,#4606,.T.);
#5951=ORIENTED_EDGE('',*,*,#4607,.T.);
#5952=ORIENTED_EDGE('',*,*,#4603,.F.);
#5953=ORIENTED_EDGE('',*,*,#4608,.F.);
#5954=ORIENTED_EDGE('',*,*,#4609,.T.);
#5955=ORIENTED_EDGE('',*,*,#4610,.T.);
#5956=ORIENTED_EDGE('',*,*,#4606,.F.);
#5957=ORIENTED_EDGE('',*,*,#4611,.F.);
#5958=ORIENTED_EDGE('',*,*,#4612,.T.);
#5959=ORIENTED_EDGE('',*,*,#4613,.T.);
#5960=ORIENTED_EDGE('',*,*,#4609,.F.);
#5961=ORIENTED_EDGE('',*,*,#4614,.F.);
#5962=ORIENTED_EDGE('',*,*,#4615,.T.);
#5963=ORIENTED_EDGE('',*,*,#4616,.T.);
#5964=ORIENTED_EDGE('',*,*,#4612,.F.);
#5965=ORIENTED_EDGE('',*,*,#4617,.F.);
#5966=ORIENTED_EDGE('',*,*,#4618,.T.);
#5967=ORIENTED_EDGE('',*,*,#4619,.T.);
#5968=ORIENTED_EDGE('',*,*,#4615,.F.);
#5969=ORIENTED_EDGE('',*,*,#4620,.F.);
#5970=ORIENTED_EDGE('',*,*,#4621,.T.);
#5971=ORIENTED_EDGE('',*,*,#4622,.T.);
#5972=ORIENTED_EDGE('',*,*,#4618,.F.);
#5973=ORIENTED_EDGE('',*,*,#4623,.F.);
#5974=ORIENTED_EDGE('',*,*,#4624,.T.);
#5975=ORIENTED_EDGE('',*,*,#4625,.T.);
#5976=ORIENTED_EDGE('',*,*,#4621,.F.);
#5977=ORIENTED_EDGE('',*,*,#4626,.F.);
#5978=ORIENTED_EDGE('',*,*,#4627,.T.);
#5979=ORIENTED_EDGE('',*,*,#4628,.T.);
#5980=ORIENTED_EDGE('',*,*,#4624,.F.);
#5981=ORIENTED_EDGE('',*,*,#4629,.F.);
#5982=ORIENTED_EDGE('',*,*,#4598,.T.);
#5983=ORIENTED_EDGE('',*,*,#4630,.T.);
#5984=ORIENTED_EDGE('',*,*,#4627,.F.);
#5985=ORIENTED_EDGE('',*,*,#4630,.F.);
#5986=ORIENTED_EDGE('',*,*,#4597,.F.);
#5987=ORIENTED_EDGE('',*,*,#4601,.F.);
#5988=ORIENTED_EDGE('',*,*,#4604,.F.);
#5989=ORIENTED_EDGE('',*,*,#4607,.F.);
#5990=ORIENTED_EDGE('',*,*,#4610,.F.);
#5991=ORIENTED_EDGE('',*,*,#4613,.F.);
#5992=ORIENTED_EDGE('',*,*,#4616,.F.);
#5993=ORIENTED_EDGE('',*,*,#4619,.F.);
#5994=ORIENTED_EDGE('',*,*,#4622,.F.);
#5995=ORIENTED_EDGE('',*,*,#4625,.F.);
#5996=ORIENTED_EDGE('',*,*,#4628,.F.);
#5997=ORIENTED_EDGE('',*,*,#4631,.F.);
#5998=ORIENTED_EDGE('',*,*,#4632,.T.);
#5999=ORIENTED_EDGE('',*,*,#4633,.T.);
#6000=ORIENTED_EDGE('',*,*,#4634,.F.);
#6001=ORIENTED_EDGE('',*,*,#4635,.F.);
#6002=ORIENTED_EDGE('',*,*,#4636,.T.);
#6003=ORIENTED_EDGE('',*,*,#4637,.T.);
#6004=ORIENTED_EDGE('',*,*,#4632,.F.);
#6005=ORIENTED_EDGE('',*,*,#4638,.F.);
#6006=ORIENTED_EDGE('',*,*,#4639,.T.);
#6007=ORIENTED_EDGE('',*,*,#4640,.T.);
#6008=ORIENTED_EDGE('',*,*,#4636,.F.);
#6009=ORIENTED_EDGE('',*,*,#4641,.F.);
#6010=ORIENTED_EDGE('',*,*,#4634,.T.);
#6011=ORIENTED_EDGE('',*,*,#4642,.T.);
#6012=ORIENTED_EDGE('',*,*,#4639,.F.);
#6013=ORIENTED_EDGE('',*,*,#4642,.F.);
#6014=ORIENTED_EDGE('',*,*,#4633,.F.);
#6015=ORIENTED_EDGE('',*,*,#4637,.F.);
#6016=ORIENTED_EDGE('',*,*,#4640,.F.);
#6017=ORIENTED_EDGE('',*,*,#4643,.F.);
#6018=ORIENTED_EDGE('',*,*,#4644,.T.);
#6019=ORIENTED_EDGE('',*,*,#4645,.T.);
#6020=ORIENTED_EDGE('',*,*,#4646,.F.);
#6021=ORIENTED_EDGE('',*,*,#4647,.F.);
#6022=ORIENTED_EDGE('',*,*,#4648,.T.);
#6023=ORIENTED_EDGE('',*,*,#4649,.T.);
#6024=ORIENTED_EDGE('',*,*,#4644,.F.);
#6025=ORIENTED_EDGE('',*,*,#4650,.F.);
#6026=ORIENTED_EDGE('',*,*,#4651,.T.);
#6027=ORIENTED_EDGE('',*,*,#4652,.T.);
#6028=ORIENTED_EDGE('',*,*,#4648,.F.);
#6029=ORIENTED_EDGE('',*,*,#4653,.F.);
#6030=ORIENTED_EDGE('',*,*,#4654,.T.);
#6031=ORIENTED_EDGE('',*,*,#4655,.T.);
#6032=ORIENTED_EDGE('',*,*,#4651,.F.);
#6033=ORIENTED_EDGE('',*,*,#4656,.F.);
#6034=ORIENTED_EDGE('',*,*,#4657,.T.);
#6035=ORIENTED_EDGE('',*,*,#4658,.T.);
#6036=ORIENTED_EDGE('',*,*,#4654,.F.);
#6037=ORIENTED_EDGE('',*,*,#4659,.F.);
#6038=ORIENTED_EDGE('',*,*,#4660,.T.);
#6039=ORIENTED_EDGE('',*,*,#4661,.T.);
#6040=ORIENTED_EDGE('',*,*,#4657,.F.);
#6041=ORIENTED_EDGE('',*,*,#4662,.F.);
#6042=ORIENTED_EDGE('',*,*,#4663,.T.);
#6043=ORIENTED_EDGE('',*,*,#4664,.T.);
#6044=ORIENTED_EDGE('',*,*,#4660,.F.);
#6045=ORIENTED_EDGE('',*,*,#4665,.F.);
#6046=ORIENTED_EDGE('',*,*,#4666,.T.);
#6047=ORIENTED_EDGE('',*,*,#4667,.T.);
#6048=ORIENTED_EDGE('',*,*,#4663,.F.);
#6049=ORIENTED_EDGE('',*,*,#4668,.F.);
#6050=ORIENTED_EDGE('',*,*,#4669,.T.);
#6051=ORIENTED_EDGE('',*,*,#4670,.T.);
#6052=ORIENTED_EDGE('',*,*,#4666,.F.);
#6053=ORIENTED_EDGE('',*,*,#4671,.F.);
#6054=ORIENTED_EDGE('',*,*,#4672,.T.);
#6055=ORIENTED_EDGE('',*,*,#4673,.T.);
#6056=ORIENTED_EDGE('',*,*,#4669,.F.);
#6057=ORIENTED_EDGE('',*,*,#4674,.F.);
#6058=ORIENTED_EDGE('',*,*,#4675,.T.);
#6059=ORIENTED_EDGE('',*,*,#4676,.T.);
#6060=ORIENTED_EDGE('',*,*,#4672,.F.);
#6061=ORIENTED_EDGE('',*,*,#4677,.F.);
#6062=ORIENTED_EDGE('',*,*,#4678,.T.);
#6063=ORIENTED_EDGE('',*,*,#4679,.T.);
#6064=ORIENTED_EDGE('',*,*,#4675,.F.);
#6065=ORIENTED_EDGE('',*,*,#4680,.F.);
#6066=ORIENTED_EDGE('',*,*,#4681,.T.);
#6067=ORIENTED_EDGE('',*,*,#4682,.T.);
#6068=ORIENTED_EDGE('',*,*,#4678,.F.);
#6069=ORIENTED_EDGE('',*,*,#4683,.F.);
#6070=ORIENTED_EDGE('',*,*,#4684,.T.);
#6071=ORIENTED_EDGE('',*,*,#4685,.T.);
#6072=ORIENTED_EDGE('',*,*,#4681,.F.);
#6073=ORIENTED_EDGE('',*,*,#4686,.F.);
#6074=ORIENTED_EDGE('',*,*,#4687,.T.);
#6075=ORIENTED_EDGE('',*,*,#4688,.T.);
#6076=ORIENTED_EDGE('',*,*,#4684,.F.);
#6077=ORIENTED_EDGE('',*,*,#4689,.F.);
#6078=ORIENTED_EDGE('',*,*,#4690,.T.);
#6079=ORIENTED_EDGE('',*,*,#4691,.T.);
#6080=ORIENTED_EDGE('',*,*,#4687,.F.);
#6081=ORIENTED_EDGE('',*,*,#4692,.F.);
#6082=ORIENTED_EDGE('',*,*,#4693,.T.);
#6083=ORIENTED_EDGE('',*,*,#4694,.T.);
#6084=ORIENTED_EDGE('',*,*,#4690,.F.);
#6085=ORIENTED_EDGE('',*,*,#4695,.F.);
#6086=ORIENTED_EDGE('',*,*,#4696,.T.);
#6087=ORIENTED_EDGE('',*,*,#4697,.T.);
#6088=ORIENTED_EDGE('',*,*,#4693,.F.);
#6089=ORIENTED_EDGE('',*,*,#4698,.F.);
#6090=ORIENTED_EDGE('',*,*,#4699,.T.);
#6091=ORIENTED_EDGE('',*,*,#4700,.T.);
#6092=ORIENTED_EDGE('',*,*,#4696,.F.);
#6093=ORIENTED_EDGE('',*,*,#4701,.F.);
#6094=ORIENTED_EDGE('',*,*,#4646,.T.);
#6095=ORIENTED_EDGE('',*,*,#4702,.T.);
#6096=ORIENTED_EDGE('',*,*,#4699,.F.);
#6097=ORIENTED_EDGE('',*,*,#4702,.F.);
#6098=ORIENTED_EDGE('',*,*,#4645,.F.);
#6099=ORIENTED_EDGE('',*,*,#4649,.F.);
#6100=ORIENTED_EDGE('',*,*,#4652,.F.);
#6101=ORIENTED_EDGE('',*,*,#4655,.F.);
#6102=ORIENTED_EDGE('',*,*,#4658,.F.);
#6103=ORIENTED_EDGE('',*,*,#4661,.F.);
#6104=ORIENTED_EDGE('',*,*,#4664,.F.);
#6105=ORIENTED_EDGE('',*,*,#4667,.F.);
#6106=ORIENTED_EDGE('',*,*,#4670,.F.);
#6107=ORIENTED_EDGE('',*,*,#4673,.F.);
#6108=ORIENTED_EDGE('',*,*,#4676,.F.);
#6109=ORIENTED_EDGE('',*,*,#4679,.F.);
#6110=ORIENTED_EDGE('',*,*,#4682,.F.);
#6111=ORIENTED_EDGE('',*,*,#4685,.F.);
#6112=ORIENTED_EDGE('',*,*,#4688,.F.);
#6113=ORIENTED_EDGE('',*,*,#4691,.F.);
#6114=ORIENTED_EDGE('',*,*,#4694,.F.);
#6115=ORIENTED_EDGE('',*,*,#4697,.F.);
#6116=ORIENTED_EDGE('',*,*,#4700,.F.);
#6117=ORIENTED_EDGE('',*,*,#4703,.F.);
#6118=ORIENTED_EDGE('',*,*,#4704,.T.);
#6119=ORIENTED_EDGE('',*,*,#4705,.T.);
#6120=ORIENTED_EDGE('',*,*,#4706,.F.);
#6121=ORIENTED_EDGE('',*,*,#4707,.F.);
#6122=ORIENTED_EDGE('',*,*,#4708,.T.);
#6123=ORIENTED_EDGE('',*,*,#4709,.T.);
#6124=ORIENTED_EDGE('',*,*,#4704,.F.);
#6125=ORIENTED_EDGE('',*,*,#4710,.F.);
#6126=ORIENTED_EDGE('',*,*,#4711,.T.);
#6127=ORIENTED_EDGE('',*,*,#4712,.T.);
#6128=ORIENTED_EDGE('',*,*,#4708,.F.);
#6129=ORIENTED_EDGE('',*,*,#4713,.F.);
#6130=ORIENTED_EDGE('',*,*,#4714,.T.);
#6131=ORIENTED_EDGE('',*,*,#4715,.T.);
#6132=ORIENTED_EDGE('',*,*,#4711,.F.);
#6133=ORIENTED_EDGE('',*,*,#4716,.F.);
#6134=ORIENTED_EDGE('',*,*,#4717,.T.);
#6135=ORIENTED_EDGE('',*,*,#4718,.T.);
#6136=ORIENTED_EDGE('',*,*,#4714,.F.);
#6137=ORIENTED_EDGE('',*,*,#4719,.F.);
#6138=ORIENTED_EDGE('',*,*,#4720,.T.);
#6139=ORIENTED_EDGE('',*,*,#4721,.T.);
#6140=ORIENTED_EDGE('',*,*,#4717,.F.);
#6141=ORIENTED_EDGE('',*,*,#4722,.F.);
#6142=ORIENTED_EDGE('',*,*,#4723,.T.);
#6143=ORIENTED_EDGE('',*,*,#4724,.T.);
#6144=ORIENTED_EDGE('',*,*,#4720,.F.);
#6145=ORIENTED_EDGE('',*,*,#4725,.F.);
#6146=ORIENTED_EDGE('',*,*,#4726,.T.);
#6147=ORIENTED_EDGE('',*,*,#4727,.T.);
#6148=ORIENTED_EDGE('',*,*,#4723,.F.);
#6149=ORIENTED_EDGE('',*,*,#4728,.F.);
#6150=ORIENTED_EDGE('',*,*,#4729,.T.);
#6151=ORIENTED_EDGE('',*,*,#4730,.T.);
#6152=ORIENTED_EDGE('',*,*,#4726,.F.);
#6153=ORIENTED_EDGE('',*,*,#4731,.F.);
#6154=ORIENTED_EDGE('',*,*,#4732,.T.);
#6155=ORIENTED_EDGE('',*,*,#4733,.T.);
#6156=ORIENTED_EDGE('',*,*,#4729,.F.);
#6157=ORIENTED_EDGE('',*,*,#4734,.F.);
#6158=ORIENTED_EDGE('',*,*,#4735,.T.);
#6159=ORIENTED_EDGE('',*,*,#4736,.T.);
#6160=ORIENTED_EDGE('',*,*,#4732,.F.);
#6161=ORIENTED_EDGE('',*,*,#4737,.F.);
#6162=ORIENTED_EDGE('',*,*,#4738,.T.);
#6163=ORIENTED_EDGE('',*,*,#4739,.T.);
#6164=ORIENTED_EDGE('',*,*,#4735,.F.);
#6165=ORIENTED_EDGE('',*,*,#4740,.F.);
#6166=ORIENTED_EDGE('',*,*,#4706,.T.);
#6167=ORIENTED_EDGE('',*,*,#4741,.T.);
#6168=ORIENTED_EDGE('',*,*,#4738,.F.);
#6169=ORIENTED_EDGE('',*,*,#4741,.F.);
#6170=ORIENTED_EDGE('',*,*,#4705,.F.);
#6171=ORIENTED_EDGE('',*,*,#4709,.F.);
#6172=ORIENTED_EDGE('',*,*,#4712,.F.);
#6173=ORIENTED_EDGE('',*,*,#4715,.F.);
#6174=ORIENTED_EDGE('',*,*,#4718,.F.);
#6175=ORIENTED_EDGE('',*,*,#4721,.F.);
#6176=ORIENTED_EDGE('',*,*,#4724,.F.);
#6177=ORIENTED_EDGE('',*,*,#4727,.F.);
#6178=ORIENTED_EDGE('',*,*,#4730,.F.);
#6179=ORIENTED_EDGE('',*,*,#4733,.F.);
#6180=ORIENTED_EDGE('',*,*,#4736,.F.);
#6181=ORIENTED_EDGE('',*,*,#4739,.F.);
#6182=ORIENTED_EDGE('',*,*,#4742,.F.);
#6183=ORIENTED_EDGE('',*,*,#4743,.T.);
#6184=ORIENTED_EDGE('',*,*,#4744,.T.);
#6185=ORIENTED_EDGE('',*,*,#4745,.F.);
#6186=ORIENTED_EDGE('',*,*,#4746,.F.);
#6187=ORIENTED_EDGE('',*,*,#4747,.T.);
#6188=ORIENTED_EDGE('',*,*,#4748,.T.);
#6189=ORIENTED_EDGE('',*,*,#4743,.F.);
#6190=ORIENTED_EDGE('',*,*,#4749,.F.);
#6191=ORIENTED_EDGE('',*,*,#4750,.T.);
#6192=ORIENTED_EDGE('',*,*,#4751,.T.);
#6193=ORIENTED_EDGE('',*,*,#4747,.F.);
#6194=ORIENTED_EDGE('',*,*,#4752,.F.);
#6195=ORIENTED_EDGE('',*,*,#4753,.T.);
#6196=ORIENTED_EDGE('',*,*,#4754,.T.);
#6197=ORIENTED_EDGE('',*,*,#4750,.F.);
#6198=ORIENTED_EDGE('',*,*,#4755,.F.);
#6199=ORIENTED_EDGE('',*,*,#4756,.T.);
#6200=ORIENTED_EDGE('',*,*,#4757,.T.);
#6201=ORIENTED_EDGE('',*,*,#4753,.F.);
#6202=ORIENTED_EDGE('',*,*,#4758,.F.);
#6203=ORIENTED_EDGE('',*,*,#4759,.T.);
#6204=ORIENTED_EDGE('',*,*,#4760,.T.);
#6205=ORIENTED_EDGE('',*,*,#4756,.F.);
#6206=ORIENTED_EDGE('',*,*,#4761,.F.);
#6207=ORIENTED_EDGE('',*,*,#4762,.T.);
#6208=ORIENTED_EDGE('',*,*,#4763,.T.);
#6209=ORIENTED_EDGE('',*,*,#4759,.F.);
#6210=ORIENTED_EDGE('',*,*,#4764,.F.);
#6211=ORIENTED_EDGE('',*,*,#4765,.T.);
#6212=ORIENTED_EDGE('',*,*,#4766,.T.);
#6213=ORIENTED_EDGE('',*,*,#4762,.F.);
#6214=ORIENTED_EDGE('',*,*,#4767,.F.);
#6215=ORIENTED_EDGE('',*,*,#4768,.T.);
#6216=ORIENTED_EDGE('',*,*,#4769,.T.);
#6217=ORIENTED_EDGE('',*,*,#4765,.F.);
#6218=ORIENTED_EDGE('',*,*,#4770,.F.);
#6219=ORIENTED_EDGE('',*,*,#4771,.T.);
#6220=ORIENTED_EDGE('',*,*,#4772,.T.);
#6221=ORIENTED_EDGE('',*,*,#4768,.F.);
#6222=ORIENTED_EDGE('',*,*,#4773,.F.);
#6223=ORIENTED_EDGE('',*,*,#4774,.T.);
#6224=ORIENTED_EDGE('',*,*,#4775,.T.);
#6225=ORIENTED_EDGE('',*,*,#4771,.F.);
#6226=ORIENTED_EDGE('',*,*,#4776,.F.);
#6227=ORIENTED_EDGE('',*,*,#4777,.T.);
#6228=ORIENTED_EDGE('',*,*,#4778,.T.);
#6229=ORIENTED_EDGE('',*,*,#4774,.F.);
#6230=ORIENTED_EDGE('',*,*,#4779,.F.);
#6231=ORIENTED_EDGE('',*,*,#4780,.T.);
#6232=ORIENTED_EDGE('',*,*,#4781,.T.);
#6233=ORIENTED_EDGE('',*,*,#4777,.F.);
#6234=ORIENTED_EDGE('',*,*,#4782,.F.);
#6235=ORIENTED_EDGE('',*,*,#4783,.T.);
#6236=ORIENTED_EDGE('',*,*,#4784,.T.);
#6237=ORIENTED_EDGE('',*,*,#4780,.F.);
#6238=ORIENTED_EDGE('',*,*,#4785,.F.);
#6239=ORIENTED_EDGE('',*,*,#4786,.T.);
#6240=ORIENTED_EDGE('',*,*,#4787,.T.);
#6241=ORIENTED_EDGE('',*,*,#4783,.F.);
#6242=ORIENTED_EDGE('',*,*,#4788,.F.);
#6243=ORIENTED_EDGE('',*,*,#4789,.T.);
#6244=ORIENTED_EDGE('',*,*,#4790,.T.);
#6245=ORIENTED_EDGE('',*,*,#4786,.F.);
#6246=ORIENTED_EDGE('',*,*,#4791,.F.);
#6247=ORIENTED_EDGE('',*,*,#4792,.T.);
#6248=ORIENTED_EDGE('',*,*,#4793,.T.);
#6249=ORIENTED_EDGE('',*,*,#4789,.F.);
#6250=ORIENTED_EDGE('',*,*,#4794,.F.);
#6251=ORIENTED_EDGE('',*,*,#4795,.T.);
#6252=ORIENTED_EDGE('',*,*,#4796,.T.);
#6253=ORIENTED_EDGE('',*,*,#4792,.F.);
#6254=ORIENTED_EDGE('',*,*,#4797,.F.);
#6255=ORIENTED_EDGE('',*,*,#4798,.T.);
#6256=ORIENTED_EDGE('',*,*,#4799,.T.);
#6257=ORIENTED_EDGE('',*,*,#4795,.F.);
#6258=ORIENTED_EDGE('',*,*,#4800,.F.);
#6259=ORIENTED_EDGE('',*,*,#4801,.T.);
#6260=ORIENTED_EDGE('',*,*,#4802,.T.);
#6261=ORIENTED_EDGE('',*,*,#4798,.F.);
#6262=ORIENTED_EDGE('',*,*,#4803,.F.);
#6263=ORIENTED_EDGE('',*,*,#4804,.T.);
#6264=ORIENTED_EDGE('',*,*,#4805,.T.);
#6265=ORIENTED_EDGE('',*,*,#4801,.F.);
#6266=ORIENTED_EDGE('',*,*,#4806,.F.);
#6267=ORIENTED_EDGE('',*,*,#4807,.T.);
#6268=ORIENTED_EDGE('',*,*,#4808,.T.);
#6269=ORIENTED_EDGE('',*,*,#4804,.F.);
#6270=ORIENTED_EDGE('',*,*,#4809,.F.);
#6271=ORIENTED_EDGE('',*,*,#4745,.T.);
#6272=ORIENTED_EDGE('',*,*,#4810,.T.);
#6273=ORIENTED_EDGE('',*,*,#4807,.F.);
#6274=ORIENTED_EDGE('',*,*,#4810,.F.);
#6275=ORIENTED_EDGE('',*,*,#4744,.F.);
#6276=ORIENTED_EDGE('',*,*,#4748,.F.);
#6277=ORIENTED_EDGE('',*,*,#4751,.F.);
#6278=ORIENTED_EDGE('',*,*,#4754,.F.);
#6279=ORIENTED_EDGE('',*,*,#4757,.F.);
#6280=ORIENTED_EDGE('',*,*,#4760,.F.);
#6281=ORIENTED_EDGE('',*,*,#4763,.F.);
#6282=ORIENTED_EDGE('',*,*,#4766,.F.);
#6283=ORIENTED_EDGE('',*,*,#4769,.F.);
#6284=ORIENTED_EDGE('',*,*,#4772,.F.);
#6285=ORIENTED_EDGE('',*,*,#4775,.F.);
#6286=ORIENTED_EDGE('',*,*,#4778,.F.);
#6287=ORIENTED_EDGE('',*,*,#4781,.F.);
#6288=ORIENTED_EDGE('',*,*,#4784,.F.);
#6289=ORIENTED_EDGE('',*,*,#4787,.F.);
#6290=ORIENTED_EDGE('',*,*,#4790,.F.);
#6291=ORIENTED_EDGE('',*,*,#4793,.F.);
#6292=ORIENTED_EDGE('',*,*,#4796,.F.);
#6293=ORIENTED_EDGE('',*,*,#4799,.F.);
#6294=ORIENTED_EDGE('',*,*,#4802,.F.);
#6295=ORIENTED_EDGE('',*,*,#4805,.F.);
#6296=ORIENTED_EDGE('',*,*,#4808,.F.);
#6297=ORIENTED_EDGE('',*,*,#4811,.F.);
#6298=ORIENTED_EDGE('',*,*,#4812,.T.);
#6299=ORIENTED_EDGE('',*,*,#4813,.T.);
#6300=ORIENTED_EDGE('',*,*,#4814,.F.);
#6301=ORIENTED_EDGE('',*,*,#4815,.F.);
#6302=ORIENTED_EDGE('',*,*,#4816,.T.);
#6303=ORIENTED_EDGE('',*,*,#4817,.T.);
#6304=ORIENTED_EDGE('',*,*,#4812,.F.);
#6305=ORIENTED_EDGE('',*,*,#4818,.F.);
#6306=ORIENTED_EDGE('',*,*,#4819,.T.);
#6307=ORIENTED_EDGE('',*,*,#4820,.T.);
#6308=ORIENTED_EDGE('',*,*,#4816,.F.);
#6309=ORIENTED_EDGE('',*,*,#4821,.F.);
#6310=ORIENTED_EDGE('',*,*,#4822,.T.);
#6311=ORIENTED_EDGE('',*,*,#4823,.T.);
#6312=ORIENTED_EDGE('',*,*,#4819,.F.);
#6313=ORIENTED_EDGE('',*,*,#4824,.F.);
#6314=ORIENTED_EDGE('',*,*,#4825,.T.);
#6315=ORIENTED_EDGE('',*,*,#4826,.T.);
#6316=ORIENTED_EDGE('',*,*,#4822,.F.);
#6317=ORIENTED_EDGE('',*,*,#4827,.F.);
#6318=ORIENTED_EDGE('',*,*,#4828,.T.);
#6319=ORIENTED_EDGE('',*,*,#4829,.T.);
#6320=ORIENTED_EDGE('',*,*,#4825,.F.);
#6321=ORIENTED_EDGE('',*,*,#4830,.F.);
#6322=ORIENTED_EDGE('',*,*,#4831,.T.);
#6323=ORIENTED_EDGE('',*,*,#4832,.T.);
#6324=ORIENTED_EDGE('',*,*,#4828,.F.);
#6325=ORIENTED_EDGE('',*,*,#4833,.F.);
#6326=ORIENTED_EDGE('',*,*,#4814,.T.);
#6327=ORIENTED_EDGE('',*,*,#4834,.T.);
#6328=ORIENTED_EDGE('',*,*,#4831,.F.);
#6329=ORIENTED_EDGE('',*,*,#4835,.F.);
#6330=ORIENTED_EDGE('',*,*,#4836,.T.);
#6331=ORIENTED_EDGE('',*,*,#4837,.T.);
#6332=ORIENTED_EDGE('',*,*,#4838,.F.);
#6333=ORIENTED_EDGE('',*,*,#4839,.F.);
#6334=ORIENTED_EDGE('',*,*,#4840,.T.);
#6335=ORIENTED_EDGE('',*,*,#4841,.T.);
#6336=ORIENTED_EDGE('',*,*,#4836,.F.);
#6337=ORIENTED_EDGE('',*,*,#4842,.F.);
#6338=ORIENTED_EDGE('',*,*,#4843,.T.);
#6339=ORIENTED_EDGE('',*,*,#4844,.T.);
#6340=ORIENTED_EDGE('',*,*,#4840,.F.);
#6341=ORIENTED_EDGE('',*,*,#4845,.F.);
#6342=ORIENTED_EDGE('',*,*,#4846,.T.);
#6343=ORIENTED_EDGE('',*,*,#4847,.T.);
#6344=ORIENTED_EDGE('',*,*,#4843,.F.);
#6345=ORIENTED_EDGE('',*,*,#4848,.F.);
#6346=ORIENTED_EDGE('',*,*,#4849,.T.);
#6347=ORIENTED_EDGE('',*,*,#4850,.T.);
#6348=ORIENTED_EDGE('',*,*,#4846,.F.);
#6349=ORIENTED_EDGE('',*,*,#4851,.F.);
#6350=ORIENTED_EDGE('',*,*,#4852,.T.);
#6351=ORIENTED_EDGE('',*,*,#4853,.T.);
#6352=ORIENTED_EDGE('',*,*,#4849,.F.);
#6353=ORIENTED_EDGE('',*,*,#4854,.F.);
#6354=ORIENTED_EDGE('',*,*,#4855,.T.);
#6355=ORIENTED_EDGE('',*,*,#4856,.T.);
#6356=ORIENTED_EDGE('',*,*,#4852,.F.);
#6357=ORIENTED_EDGE('',*,*,#4857,.F.);
#6358=ORIENTED_EDGE('',*,*,#4838,.T.);
#6359=ORIENTED_EDGE('',*,*,#4858,.T.);
#6360=ORIENTED_EDGE('',*,*,#4855,.F.);
#6361=ORIENTED_EDGE('',*,*,#4858,.F.);
#6362=ORIENTED_EDGE('',*,*,#4837,.F.);
#6363=ORIENTED_EDGE('',*,*,#4841,.F.);
#6364=ORIENTED_EDGE('',*,*,#4844,.F.);
#6365=ORIENTED_EDGE('',*,*,#4847,.F.);
#6366=ORIENTED_EDGE('',*,*,#4850,.F.);
#6367=ORIENTED_EDGE('',*,*,#4853,.F.);
#6368=ORIENTED_EDGE('',*,*,#4856,.F.);
#6369=ORIENTED_EDGE('',*,*,#4834,.F.);
#6370=ORIENTED_EDGE('',*,*,#4813,.F.);
#6371=ORIENTED_EDGE('',*,*,#4817,.F.);
#6372=ORIENTED_EDGE('',*,*,#4820,.F.);
#6373=ORIENTED_EDGE('',*,*,#4823,.F.);
#6374=ORIENTED_EDGE('',*,*,#4826,.F.);
#6375=ORIENTED_EDGE('',*,*,#4829,.F.);
#6376=ORIENTED_EDGE('',*,*,#4832,.F.);
#6377=ORIENTED_EDGE('',*,*,#4859,.F.);
#6378=ORIENTED_EDGE('',*,*,#4860,.T.);
#6379=ORIENTED_EDGE('',*,*,#4861,.T.);
#6380=ORIENTED_EDGE('',*,*,#4862,.F.);
#6381=ORIENTED_EDGE('',*,*,#4863,.F.);
#6382=ORIENTED_EDGE('',*,*,#4864,.T.);
#6383=ORIENTED_EDGE('',*,*,#4865,.T.);
#6384=ORIENTED_EDGE('',*,*,#4860,.F.);
#6385=ORIENTED_EDGE('',*,*,#4866,.F.);
#6386=ORIENTED_EDGE('',*,*,#4867,.T.);
#6387=ORIENTED_EDGE('',*,*,#4868,.T.);
#6388=ORIENTED_EDGE('',*,*,#4864,.F.);
#6389=ORIENTED_EDGE('',*,*,#4869,.F.);
#6390=ORIENTED_EDGE('',*,*,#4870,.T.);
#6391=ORIENTED_EDGE('',*,*,#4871,.T.);
#6392=ORIENTED_EDGE('',*,*,#4867,.F.);
#6393=ORIENTED_EDGE('',*,*,#4872,.F.);
#6394=ORIENTED_EDGE('',*,*,#4873,.T.);
#6395=ORIENTED_EDGE('',*,*,#4874,.T.);
#6396=ORIENTED_EDGE('',*,*,#4870,.F.);
#6397=ORIENTED_EDGE('',*,*,#4875,.F.);
#6398=ORIENTED_EDGE('',*,*,#4876,.T.);
#6399=ORIENTED_EDGE('',*,*,#4877,.T.);
#6400=ORIENTED_EDGE('',*,*,#4873,.F.);
#6401=ORIENTED_EDGE('',*,*,#4878,.F.);
#6402=ORIENTED_EDGE('',*,*,#4879,.T.);
#6403=ORIENTED_EDGE('',*,*,#4880,.T.);
#6404=ORIENTED_EDGE('',*,*,#4876,.F.);
#6405=ORIENTED_EDGE('',*,*,#4881,.F.);
#6406=ORIENTED_EDGE('',*,*,#4882,.T.);
#6407=ORIENTED_EDGE('',*,*,#4883,.T.);
#6408=ORIENTED_EDGE('',*,*,#4879,.F.);
#6409=ORIENTED_EDGE('',*,*,#4884,.F.);
#6410=ORIENTED_EDGE('',*,*,#4862,.T.);
#6411=ORIENTED_EDGE('',*,*,#4885,.T.);
#6412=ORIENTED_EDGE('',*,*,#4882,.F.);
#6413=ORIENTED_EDGE('',*,*,#4886,.F.);
#6414=ORIENTED_EDGE('',*,*,#4887,.T.);
#6415=ORIENTED_EDGE('',*,*,#4888,.T.);
#6416=ORIENTED_EDGE('',*,*,#4889,.F.);
#6417=ORIENTED_EDGE('',*,*,#4890,.F.);
#6418=ORIENTED_EDGE('',*,*,#4891,.T.);
#6419=ORIENTED_EDGE('',*,*,#4892,.T.);
#6420=ORIENTED_EDGE('',*,*,#4887,.F.);
#6421=ORIENTED_EDGE('',*,*,#4893,.F.);
#6422=ORIENTED_EDGE('',*,*,#4894,.T.);
#6423=ORIENTED_EDGE('',*,*,#4895,.T.);
#6424=ORIENTED_EDGE('',*,*,#4891,.F.);
#6425=ORIENTED_EDGE('',*,*,#4896,.F.);
#6426=ORIENTED_EDGE('',*,*,#4897,.T.);
#6427=ORIENTED_EDGE('',*,*,#4898,.T.);
#6428=ORIENTED_EDGE('',*,*,#4894,.F.);
#6429=ORIENTED_EDGE('',*,*,#4899,.F.);
#6430=ORIENTED_EDGE('',*,*,#4900,.T.);
#6431=ORIENTED_EDGE('',*,*,#4901,.T.);
#6432=ORIENTED_EDGE('',*,*,#4897,.F.);
#6433=ORIENTED_EDGE('',*,*,#4902,.F.);
#6434=ORIENTED_EDGE('',*,*,#4903,.T.);
#6435=ORIENTED_EDGE('',*,*,#4904,.T.);
#6436=ORIENTED_EDGE('',*,*,#4900,.F.);
#6437=ORIENTED_EDGE('',*,*,#4905,.F.);
#6438=ORIENTED_EDGE('',*,*,#4906,.T.);
#6439=ORIENTED_EDGE('',*,*,#4907,.T.);
#6440=ORIENTED_EDGE('',*,*,#4903,.F.);
#6441=ORIENTED_EDGE('',*,*,#4908,.F.);
#6442=ORIENTED_EDGE('',*,*,#4909,.T.);
#6443=ORIENTED_EDGE('',*,*,#4910,.T.);
#6444=ORIENTED_EDGE('',*,*,#4906,.F.);
#6445=ORIENTED_EDGE('',*,*,#4911,.F.);
#6446=ORIENTED_EDGE('',*,*,#4912,.T.);
#6447=ORIENTED_EDGE('',*,*,#4913,.T.);
#6448=ORIENTED_EDGE('',*,*,#4909,.F.);
#6449=ORIENTED_EDGE('',*,*,#4914,.F.);
#6450=ORIENTED_EDGE('',*,*,#4915,.T.);
#6451=ORIENTED_EDGE('',*,*,#4916,.T.);
#6452=ORIENTED_EDGE('',*,*,#4912,.F.);
#6453=ORIENTED_EDGE('',*,*,#4917,.F.);
#6454=ORIENTED_EDGE('',*,*,#4918,.T.);
#6455=ORIENTED_EDGE('',*,*,#4919,.T.);
#6456=ORIENTED_EDGE('',*,*,#4915,.F.);
#6457=ORIENTED_EDGE('',*,*,#4920,.F.);
#6458=ORIENTED_EDGE('',*,*,#4921,.T.);
#6459=ORIENTED_EDGE('',*,*,#4922,.T.);
#6460=ORIENTED_EDGE('',*,*,#4918,.F.);
#6461=ORIENTED_EDGE('',*,*,#4923,.F.);
#6462=ORIENTED_EDGE('',*,*,#4924,.T.);
#6463=ORIENTED_EDGE('',*,*,#4925,.T.);
#6464=ORIENTED_EDGE('',*,*,#4921,.F.);
#6465=ORIENTED_EDGE('',*,*,#4926,.F.);
#6466=ORIENTED_EDGE('',*,*,#4927,.T.);
#6467=ORIENTED_EDGE('',*,*,#4928,.T.);
#6468=ORIENTED_EDGE('',*,*,#4924,.F.);
#6469=ORIENTED_EDGE('',*,*,#4929,.F.);
#6470=ORIENTED_EDGE('',*,*,#4930,.T.);
#6471=ORIENTED_EDGE('',*,*,#4931,.T.);
#6472=ORIENTED_EDGE('',*,*,#4927,.F.);
#6473=ORIENTED_EDGE('',*,*,#4932,.F.);
#6474=ORIENTED_EDGE('',*,*,#4933,.T.);
#6475=ORIENTED_EDGE('',*,*,#4934,.T.);
#6476=ORIENTED_EDGE('',*,*,#4930,.F.);
#6477=ORIENTED_EDGE('',*,*,#4935,.F.);
#6478=ORIENTED_EDGE('',*,*,#4936,.T.);
#6479=ORIENTED_EDGE('',*,*,#4937,.T.);
#6480=ORIENTED_EDGE('',*,*,#4933,.F.);
#6481=ORIENTED_EDGE('',*,*,#4938,.F.);
#6482=ORIENTED_EDGE('',*,*,#4939,.T.);
#6483=ORIENTED_EDGE('',*,*,#4940,.T.);
#6484=ORIENTED_EDGE('',*,*,#4936,.F.);
#6485=ORIENTED_EDGE('',*,*,#4941,.F.);
#6486=ORIENTED_EDGE('',*,*,#4942,.T.);
#6487=ORIENTED_EDGE('',*,*,#4943,.T.);
#6488=ORIENTED_EDGE('',*,*,#4939,.F.);
#6489=ORIENTED_EDGE('',*,*,#4944,.F.);
#6490=ORIENTED_EDGE('',*,*,#4945,.T.);
#6491=ORIENTED_EDGE('',*,*,#4946,.T.);
#6492=ORIENTED_EDGE('',*,*,#4942,.F.);
#6493=ORIENTED_EDGE('',*,*,#4947,.F.);
#6494=ORIENTED_EDGE('',*,*,#4948,.T.);
#6495=ORIENTED_EDGE('',*,*,#4949,.T.);
#6496=ORIENTED_EDGE('',*,*,#4945,.F.);
#6497=ORIENTED_EDGE('',*,*,#4950,.F.);
#6498=ORIENTED_EDGE('',*,*,#4951,.T.);
#6499=ORIENTED_EDGE('',*,*,#4952,.T.);
#6500=ORIENTED_EDGE('',*,*,#4948,.F.);
#6501=ORIENTED_EDGE('',*,*,#4953,.F.);
#6502=ORIENTED_EDGE('',*,*,#4954,.T.);
#6503=ORIENTED_EDGE('',*,*,#4955,.T.);
#6504=ORIENTED_EDGE('',*,*,#4951,.F.);
#6505=ORIENTED_EDGE('',*,*,#4956,.F.);
#6506=ORIENTED_EDGE('',*,*,#4957,.T.);
#6507=ORIENTED_EDGE('',*,*,#4958,.T.);
#6508=ORIENTED_EDGE('',*,*,#4954,.F.);
#6509=ORIENTED_EDGE('',*,*,#4959,.F.);
#6510=ORIENTED_EDGE('',*,*,#4960,.T.);
#6511=ORIENTED_EDGE('',*,*,#4961,.T.);
#6512=ORIENTED_EDGE('',*,*,#4957,.F.);
#6513=ORIENTED_EDGE('',*,*,#4962,.F.);
#6514=ORIENTED_EDGE('',*,*,#4963,.T.);
#6515=ORIENTED_EDGE('',*,*,#4964,.T.);
#6516=ORIENTED_EDGE('',*,*,#4960,.F.);
#6517=ORIENTED_EDGE('',*,*,#4965,.F.);
#6518=ORIENTED_EDGE('',*,*,#4889,.T.);
#6519=ORIENTED_EDGE('',*,*,#4966,.T.);
#6520=ORIENTED_EDGE('',*,*,#4963,.F.);
#6521=ORIENTED_EDGE('',*,*,#4966,.F.);
#6522=ORIENTED_EDGE('',*,*,#4888,.F.);
#6523=ORIENTED_EDGE('',*,*,#4892,.F.);
#6524=ORIENTED_EDGE('',*,*,#4895,.F.);
#6525=ORIENTED_EDGE('',*,*,#4898,.F.);
#6526=ORIENTED_EDGE('',*,*,#4901,.F.);
#6527=ORIENTED_EDGE('',*,*,#4904,.F.);
#6528=ORIENTED_EDGE('',*,*,#4907,.F.);
#6529=ORIENTED_EDGE('',*,*,#4910,.F.);
#6530=ORIENTED_EDGE('',*,*,#4913,.F.);
#6531=ORIENTED_EDGE('',*,*,#4916,.F.);
#6532=ORIENTED_EDGE('',*,*,#4919,.F.);
#6533=ORIENTED_EDGE('',*,*,#4922,.F.);
#6534=ORIENTED_EDGE('',*,*,#4925,.F.);
#6535=ORIENTED_EDGE('',*,*,#4928,.F.);
#6536=ORIENTED_EDGE('',*,*,#4931,.F.);
#6537=ORIENTED_EDGE('',*,*,#4934,.F.);
#6538=ORIENTED_EDGE('',*,*,#4937,.F.);
#6539=ORIENTED_EDGE('',*,*,#4940,.F.);
#6540=ORIENTED_EDGE('',*,*,#4943,.F.);
#6541=ORIENTED_EDGE('',*,*,#4946,.F.);
#6542=ORIENTED_EDGE('',*,*,#4949,.F.);
#6543=ORIENTED_EDGE('',*,*,#4952,.F.);
#6544=ORIENTED_EDGE('',*,*,#4955,.F.);
#6545=ORIENTED_EDGE('',*,*,#4958,.F.);
#6546=ORIENTED_EDGE('',*,*,#4961,.F.);
#6547=ORIENTED_EDGE('',*,*,#4964,.F.);
#6548=ORIENTED_EDGE('',*,*,#4885,.F.);
#6549=ORIENTED_EDGE('',*,*,#4861,.F.);
#6550=ORIENTED_EDGE('',*,*,#4865,.F.);
#6551=ORIENTED_EDGE('',*,*,#4868,.F.);
#6552=ORIENTED_EDGE('',*,*,#4871,.F.);
#6553=ORIENTED_EDGE('',*,*,#4874,.F.);
#6554=ORIENTED_EDGE('',*,*,#4877,.F.);
#6555=ORIENTED_EDGE('',*,*,#4880,.F.);
#6556=ORIENTED_EDGE('',*,*,#4883,.F.);
#6557=ORIENTED_EDGE('',*,*,#4967,.F.);
#6558=ORIENTED_EDGE('',*,*,#4968,.T.);
#6559=ORIENTED_EDGE('',*,*,#4969,.T.);
#6560=ORIENTED_EDGE('',*,*,#4970,.F.);
#6561=ORIENTED_EDGE('',*,*,#4971,.F.);
#6562=ORIENTED_EDGE('',*,*,#4972,.T.);
#6563=ORIENTED_EDGE('',*,*,#4973,.T.);
#6564=ORIENTED_EDGE('',*,*,#4968,.F.);
#6565=ORIENTED_EDGE('',*,*,#4974,.F.);
#6566=ORIENTED_EDGE('',*,*,#4975,.T.);
#6567=ORIENTED_EDGE('',*,*,#4976,.T.);
#6568=ORIENTED_EDGE('',*,*,#4972,.F.);
#6569=ORIENTED_EDGE('',*,*,#4977,.F.);
#6570=ORIENTED_EDGE('',*,*,#4978,.T.);
#6571=ORIENTED_EDGE('',*,*,#4979,.T.);
#6572=ORIENTED_EDGE('',*,*,#4975,.F.);
#6573=ORIENTED_EDGE('',*,*,#4980,.F.);
#6574=ORIENTED_EDGE('',*,*,#4981,.T.);
#6575=ORIENTED_EDGE('',*,*,#4982,.T.);
#6576=ORIENTED_EDGE('',*,*,#4978,.F.);
#6577=ORIENTED_EDGE('',*,*,#4983,.F.);
#6578=ORIENTED_EDGE('',*,*,#4984,.T.);
#6579=ORIENTED_EDGE('',*,*,#4985,.T.);
#6580=ORIENTED_EDGE('',*,*,#4981,.F.);
#6581=ORIENTED_EDGE('',*,*,#4986,.F.);
#6582=ORIENTED_EDGE('',*,*,#4987,.T.);
#6583=ORIENTED_EDGE('',*,*,#4988,.T.);
#6584=ORIENTED_EDGE('',*,*,#4984,.F.);
#6585=ORIENTED_EDGE('',*,*,#4989,.F.);
#6586=ORIENTED_EDGE('',*,*,#4970,.T.);
#6587=ORIENTED_EDGE('',*,*,#4990,.T.);
#6588=ORIENTED_EDGE('',*,*,#4987,.F.);
#6589=ORIENTED_EDGE('',*,*,#4991,.F.);
#6590=ORIENTED_EDGE('',*,*,#4992,.T.);
#6591=ORIENTED_EDGE('',*,*,#4993,.T.);
#6592=ORIENTED_EDGE('',*,*,#4994,.F.);
#6593=ORIENTED_EDGE('',*,*,#4995,.F.);
#6594=ORIENTED_EDGE('',*,*,#4996,.T.);
#6595=ORIENTED_EDGE('',*,*,#4997,.T.);
#6596=ORIENTED_EDGE('',*,*,#4992,.F.);
#6597=ORIENTED_EDGE('',*,*,#4998,.F.);
#6598=ORIENTED_EDGE('',*,*,#4999,.T.);
#6599=ORIENTED_EDGE('',*,*,#5000,.T.);
#6600=ORIENTED_EDGE('',*,*,#4996,.F.);
#6601=ORIENTED_EDGE('',*,*,#5001,.F.);
#6602=ORIENTED_EDGE('',*,*,#5002,.T.);
#6603=ORIENTED_EDGE('',*,*,#5003,.T.);
#6604=ORIENTED_EDGE('',*,*,#4999,.F.);
#6605=ORIENTED_EDGE('',*,*,#5004,.F.);
#6606=ORIENTED_EDGE('',*,*,#5005,.T.);
#6607=ORIENTED_EDGE('',*,*,#5006,.T.);
#6608=ORIENTED_EDGE('',*,*,#5002,.F.);
#6609=ORIENTED_EDGE('',*,*,#5007,.F.);
#6610=ORIENTED_EDGE('',*,*,#5008,.T.);
#6611=ORIENTED_EDGE('',*,*,#5009,.T.);
#6612=ORIENTED_EDGE('',*,*,#5005,.F.);
#6613=ORIENTED_EDGE('',*,*,#5010,.F.);
#6614=ORIENTED_EDGE('',*,*,#5011,.T.);
#6615=ORIENTED_EDGE('',*,*,#5012,.T.);
#6616=ORIENTED_EDGE('',*,*,#5008,.F.);
#6617=ORIENTED_EDGE('',*,*,#5013,.F.);
#6618=ORIENTED_EDGE('',*,*,#5014,.T.);
#6619=ORIENTED_EDGE('',*,*,#5015,.T.);
#6620=ORIENTED_EDGE('',*,*,#5011,.F.);
#6621=ORIENTED_EDGE('',*,*,#5016,.F.);
#6622=ORIENTED_EDGE('',*,*,#5017,.T.);
#6623=ORIENTED_EDGE('',*,*,#5018,.T.);
#6624=ORIENTED_EDGE('',*,*,#5014,.F.);
#6625=ORIENTED_EDGE('',*,*,#5019,.F.);
#6626=ORIENTED_EDGE('',*,*,#5020,.T.);
#6627=ORIENTED_EDGE('',*,*,#5021,.T.);
#6628=ORIENTED_EDGE('',*,*,#5017,.F.);
#6629=ORIENTED_EDGE('',*,*,#5022,.F.);
#6630=ORIENTED_EDGE('',*,*,#5023,.T.);
#6631=ORIENTED_EDGE('',*,*,#5024,.T.);
#6632=ORIENTED_EDGE('',*,*,#5020,.F.);
#6633=ORIENTED_EDGE('',*,*,#5025,.F.);
#6634=ORIENTED_EDGE('',*,*,#5026,.T.);
#6635=ORIENTED_EDGE('',*,*,#5027,.T.);
#6636=ORIENTED_EDGE('',*,*,#5023,.F.);
#6637=ORIENTED_EDGE('',*,*,#5028,.F.);
#6638=ORIENTED_EDGE('',*,*,#4994,.T.);
#6639=ORIENTED_EDGE('',*,*,#5029,.T.);
#6640=ORIENTED_EDGE('',*,*,#5026,.F.);
#6641=ORIENTED_EDGE('',*,*,#5029,.F.);
#6642=ORIENTED_EDGE('',*,*,#4993,.F.);
#6643=ORIENTED_EDGE('',*,*,#4997,.F.);
#6644=ORIENTED_EDGE('',*,*,#5000,.F.);
#6645=ORIENTED_EDGE('',*,*,#5003,.F.);
#6646=ORIENTED_EDGE('',*,*,#5006,.F.);
#6647=ORIENTED_EDGE('',*,*,#5009,.F.);
#6648=ORIENTED_EDGE('',*,*,#5012,.F.);
#6649=ORIENTED_EDGE('',*,*,#5015,.F.);
#6650=ORIENTED_EDGE('',*,*,#5018,.F.);
#6651=ORIENTED_EDGE('',*,*,#5021,.F.);
#6652=ORIENTED_EDGE('',*,*,#5024,.F.);
#6653=ORIENTED_EDGE('',*,*,#5027,.F.);
#6654=ORIENTED_EDGE('',*,*,#4990,.F.);
#6655=ORIENTED_EDGE('',*,*,#4969,.F.);
#6656=ORIENTED_EDGE('',*,*,#4973,.F.);
#6657=ORIENTED_EDGE('',*,*,#4976,.F.);
#6658=ORIENTED_EDGE('',*,*,#4979,.F.);
#6659=ORIENTED_EDGE('',*,*,#4982,.F.);
#6660=ORIENTED_EDGE('',*,*,#4985,.F.);
#6661=ORIENTED_EDGE('',*,*,#4988,.F.);
#6662=ORIENTED_EDGE('',*,*,#5030,.F.);
#6663=ORIENTED_EDGE('',*,*,#5031,.T.);
#6664=ORIENTED_EDGE('',*,*,#5032,.T.);
#6665=ORIENTED_EDGE('',*,*,#5033,.F.);
#6666=ORIENTED_EDGE('',*,*,#5034,.F.);
#6667=ORIENTED_EDGE('',*,*,#5035,.T.);
#6668=ORIENTED_EDGE('',*,*,#5036,.T.);
#6669=ORIENTED_EDGE('',*,*,#5031,.F.);
#6670=ORIENTED_EDGE('',*,*,#5037,.F.);
#6671=ORIENTED_EDGE('',*,*,#5038,.T.);
#6672=ORIENTED_EDGE('',*,*,#5039,.T.);
#6673=ORIENTED_EDGE('',*,*,#5035,.F.);
#6674=ORIENTED_EDGE('',*,*,#5040,.F.);
#6675=ORIENTED_EDGE('',*,*,#5041,.T.);
#6676=ORIENTED_EDGE('',*,*,#5042,.T.);
#6677=ORIENTED_EDGE('',*,*,#5038,.F.);
#6678=ORIENTED_EDGE('',*,*,#5043,.F.);
#6679=ORIENTED_EDGE('',*,*,#5044,.T.);
#6680=ORIENTED_EDGE('',*,*,#5045,.T.);
#6681=ORIENTED_EDGE('',*,*,#5041,.F.);
#6682=ORIENTED_EDGE('',*,*,#5046,.F.);
#6683=ORIENTED_EDGE('',*,*,#5047,.T.);
#6684=ORIENTED_EDGE('',*,*,#5048,.T.);
#6685=ORIENTED_EDGE('',*,*,#5044,.F.);
#6686=ORIENTED_EDGE('',*,*,#5049,.F.);
#6687=ORIENTED_EDGE('',*,*,#5050,.T.);
#6688=ORIENTED_EDGE('',*,*,#5051,.T.);
#6689=ORIENTED_EDGE('',*,*,#5047,.F.);
#6690=ORIENTED_EDGE('',*,*,#5052,.F.);
#6691=ORIENTED_EDGE('',*,*,#5053,.T.);
#6692=ORIENTED_EDGE('',*,*,#5054,.T.);
#6693=ORIENTED_EDGE('',*,*,#5050,.F.);
#6694=ORIENTED_EDGE('',*,*,#5055,.F.);
#6695=ORIENTED_EDGE('',*,*,#5056,.T.);
#6696=ORIENTED_EDGE('',*,*,#5057,.T.);
#6697=ORIENTED_EDGE('',*,*,#5053,.F.);
#6698=ORIENTED_EDGE('',*,*,#5058,.F.);
#6699=ORIENTED_EDGE('',*,*,#5059,.T.);
#6700=ORIENTED_EDGE('',*,*,#5060,.T.);
#6701=ORIENTED_EDGE('',*,*,#5056,.F.);
#6702=ORIENTED_EDGE('',*,*,#5061,.F.);
#6703=ORIENTED_EDGE('',*,*,#5062,.T.);
#6704=ORIENTED_EDGE('',*,*,#5063,.T.);
#6705=ORIENTED_EDGE('',*,*,#5059,.F.);
#6706=ORIENTED_EDGE('',*,*,#5064,.F.);
#6707=ORIENTED_EDGE('',*,*,#5033,.T.);
#6708=ORIENTED_EDGE('',*,*,#5065,.T.);
#6709=ORIENTED_EDGE('',*,*,#5062,.F.);
#6710=ORIENTED_EDGE('',*,*,#5065,.F.);
#6711=ORIENTED_EDGE('',*,*,#5032,.F.);
#6712=ORIENTED_EDGE('',*,*,#5036,.F.);
#6713=ORIENTED_EDGE('',*,*,#5039,.F.);
#6714=ORIENTED_EDGE('',*,*,#5042,.F.);
#6715=ORIENTED_EDGE('',*,*,#5045,.F.);
#6716=ORIENTED_EDGE('',*,*,#5048,.F.);
#6717=ORIENTED_EDGE('',*,*,#5051,.F.);
#6718=ORIENTED_EDGE('',*,*,#5054,.F.);
#6719=ORIENTED_EDGE('',*,*,#5057,.F.);
#6720=ORIENTED_EDGE('',*,*,#5060,.F.);
#6721=ORIENTED_EDGE('',*,*,#5063,.F.);
#6722=ORIENTED_EDGE('',*,*,#5066,.F.);
#6723=ORIENTED_EDGE('',*,*,#5067,.T.);
#6724=ORIENTED_EDGE('',*,*,#5068,.T.);
#6725=ORIENTED_EDGE('',*,*,#5069,.F.);
#6726=ORIENTED_EDGE('',*,*,#5070,.F.);
#6727=ORIENTED_EDGE('',*,*,#5071,.T.);
#6728=ORIENTED_EDGE('',*,*,#5072,.T.);
#6729=ORIENTED_EDGE('',*,*,#5067,.F.);
#6730=ORIENTED_EDGE('',*,*,#5073,.F.);
#6731=ORIENTED_EDGE('',*,*,#5074,.T.);
#6732=ORIENTED_EDGE('',*,*,#5075,.T.);
#6733=ORIENTED_EDGE('',*,*,#5071,.F.);
#6734=ORIENTED_EDGE('',*,*,#5076,.F.);
#6735=ORIENTED_EDGE('',*,*,#5077,.T.);
#6736=ORIENTED_EDGE('',*,*,#5078,.T.);
#6737=ORIENTED_EDGE('',*,*,#5074,.F.);
#6738=ORIENTED_EDGE('',*,*,#5079,.F.);
#6739=ORIENTED_EDGE('',*,*,#5080,.T.);
#6740=ORIENTED_EDGE('',*,*,#5081,.T.);
#6741=ORIENTED_EDGE('',*,*,#5077,.F.);
#6742=ORIENTED_EDGE('',*,*,#5082,.F.);
#6743=ORIENTED_EDGE('',*,*,#5083,.T.);
#6744=ORIENTED_EDGE('',*,*,#5084,.T.);
#6745=ORIENTED_EDGE('',*,*,#5080,.F.);
#6746=ORIENTED_EDGE('',*,*,#5085,.F.);
#6747=ORIENTED_EDGE('',*,*,#5086,.T.);
#6748=ORIENTED_EDGE('',*,*,#5087,.T.);
#6749=ORIENTED_EDGE('',*,*,#5083,.F.);
#6750=ORIENTED_EDGE('',*,*,#5088,.F.);
#6751=ORIENTED_EDGE('',*,*,#5089,.T.);
#6752=ORIENTED_EDGE('',*,*,#5090,.T.);
#6753=ORIENTED_EDGE('',*,*,#5086,.F.);
#6754=ORIENTED_EDGE('',*,*,#5091,.F.);
#6755=ORIENTED_EDGE('',*,*,#5069,.T.);
#6756=ORIENTED_EDGE('',*,*,#5092,.T.);
#6757=ORIENTED_EDGE('',*,*,#5089,.F.);
#6758=ORIENTED_EDGE('',*,*,#5093,.F.);
#6759=ORIENTED_EDGE('',*,*,#5094,.T.);
#6760=ORIENTED_EDGE('',*,*,#5095,.T.);
#6761=ORIENTED_EDGE('',*,*,#5096,.F.);
#6762=ORIENTED_EDGE('',*,*,#5097,.F.);
#6763=ORIENTED_EDGE('',*,*,#5098,.T.);
#6764=ORIENTED_EDGE('',*,*,#5099,.T.);
#6765=ORIENTED_EDGE('',*,*,#5094,.F.);
#6766=ORIENTED_EDGE('',*,*,#5100,.F.);
#6767=ORIENTED_EDGE('',*,*,#5101,.T.);
#6768=ORIENTED_EDGE('',*,*,#5102,.T.);
#6769=ORIENTED_EDGE('',*,*,#5098,.F.);
#6770=ORIENTED_EDGE('',*,*,#5103,.F.);
#6771=ORIENTED_EDGE('',*,*,#5104,.T.);
#6772=ORIENTED_EDGE('',*,*,#5105,.T.);
#6773=ORIENTED_EDGE('',*,*,#5101,.F.);
#6774=ORIENTED_EDGE('',*,*,#5106,.F.);
#6775=ORIENTED_EDGE('',*,*,#5107,.T.);
#6776=ORIENTED_EDGE('',*,*,#5108,.T.);
#6777=ORIENTED_EDGE('',*,*,#5104,.F.);
#6778=ORIENTED_EDGE('',*,*,#5109,.F.);
#6779=ORIENTED_EDGE('',*,*,#5110,.T.);
#6780=ORIENTED_EDGE('',*,*,#5111,.T.);
#6781=ORIENTED_EDGE('',*,*,#5107,.F.);
#6782=ORIENTED_EDGE('',*,*,#5112,.F.);
#6783=ORIENTED_EDGE('',*,*,#5113,.T.);
#6784=ORIENTED_EDGE('',*,*,#5114,.T.);
#6785=ORIENTED_EDGE('',*,*,#5110,.F.);
#6786=ORIENTED_EDGE('',*,*,#5115,.F.);
#6787=ORIENTED_EDGE('',*,*,#5116,.T.);
#6788=ORIENTED_EDGE('',*,*,#5117,.T.);
#6789=ORIENTED_EDGE('',*,*,#5113,.F.);
#6790=ORIENTED_EDGE('',*,*,#5118,.F.);
#6791=ORIENTED_EDGE('',*,*,#5119,.T.);
#6792=ORIENTED_EDGE('',*,*,#5120,.T.);
#6793=ORIENTED_EDGE('',*,*,#5116,.F.);
#6794=ORIENTED_EDGE('',*,*,#5121,.F.);
#6795=ORIENTED_EDGE('',*,*,#5122,.T.);
#6796=ORIENTED_EDGE('',*,*,#5123,.T.);
#6797=ORIENTED_EDGE('',*,*,#5119,.F.);
#6798=ORIENTED_EDGE('',*,*,#5124,.F.);
#6799=ORIENTED_EDGE('',*,*,#5125,.T.);
#6800=ORIENTED_EDGE('',*,*,#5126,.T.);
#6801=ORIENTED_EDGE('',*,*,#5122,.F.);
#6802=ORIENTED_EDGE('',*,*,#5127,.F.);
#6803=ORIENTED_EDGE('',*,*,#5128,.T.);
#6804=ORIENTED_EDGE('',*,*,#5129,.T.);
#6805=ORIENTED_EDGE('',*,*,#5125,.F.);
#6806=ORIENTED_EDGE('',*,*,#5130,.F.);
#6807=ORIENTED_EDGE('',*,*,#5131,.T.);
#6808=ORIENTED_EDGE('',*,*,#5132,.T.);
#6809=ORIENTED_EDGE('',*,*,#5128,.F.);
#6810=ORIENTED_EDGE('',*,*,#5133,.F.);
#6811=ORIENTED_EDGE('',*,*,#5134,.T.);
#6812=ORIENTED_EDGE('',*,*,#5135,.T.);
#6813=ORIENTED_EDGE('',*,*,#5131,.F.);
#6814=ORIENTED_EDGE('',*,*,#5136,.F.);
#6815=ORIENTED_EDGE('',*,*,#5137,.T.);
#6816=ORIENTED_EDGE('',*,*,#5138,.T.);
#6817=ORIENTED_EDGE('',*,*,#5134,.F.);
#6818=ORIENTED_EDGE('',*,*,#5139,.F.);
#6819=ORIENTED_EDGE('',*,*,#5140,.T.);
#6820=ORIENTED_EDGE('',*,*,#5141,.T.);
#6821=ORIENTED_EDGE('',*,*,#5137,.F.);
#6822=ORIENTED_EDGE('',*,*,#5142,.F.);
#6823=ORIENTED_EDGE('',*,*,#5143,.T.);
#6824=ORIENTED_EDGE('',*,*,#5144,.T.);
#6825=ORIENTED_EDGE('',*,*,#5140,.F.);
#6826=ORIENTED_EDGE('',*,*,#5145,.F.);
#6827=ORIENTED_EDGE('',*,*,#5146,.T.);
#6828=ORIENTED_EDGE('',*,*,#5147,.T.);
#6829=ORIENTED_EDGE('',*,*,#5143,.F.);
#6830=ORIENTED_EDGE('',*,*,#5148,.F.);
#6831=ORIENTED_EDGE('',*,*,#5149,.T.);
#6832=ORIENTED_EDGE('',*,*,#5150,.T.);
#6833=ORIENTED_EDGE('',*,*,#5146,.F.);
#6834=ORIENTED_EDGE('',*,*,#5151,.F.);
#6835=ORIENTED_EDGE('',*,*,#5152,.T.);
#6836=ORIENTED_EDGE('',*,*,#5153,.T.);
#6837=ORIENTED_EDGE('',*,*,#5149,.F.);
#6838=ORIENTED_EDGE('',*,*,#5154,.F.);
#6839=ORIENTED_EDGE('',*,*,#5155,.T.);
#6840=ORIENTED_EDGE('',*,*,#5156,.T.);
#6841=ORIENTED_EDGE('',*,*,#5152,.F.);
#6842=ORIENTED_EDGE('',*,*,#5157,.F.);
#6843=ORIENTED_EDGE('',*,*,#5158,.T.);
#6844=ORIENTED_EDGE('',*,*,#5159,.T.);
#6845=ORIENTED_EDGE('',*,*,#5155,.F.);
#6846=ORIENTED_EDGE('',*,*,#5160,.F.);
#6847=ORIENTED_EDGE('',*,*,#5161,.T.);
#6848=ORIENTED_EDGE('',*,*,#5162,.T.);
#6849=ORIENTED_EDGE('',*,*,#5158,.F.);
#6850=ORIENTED_EDGE('',*,*,#5163,.F.);
#6851=ORIENTED_EDGE('',*,*,#5164,.T.);
#6852=ORIENTED_EDGE('',*,*,#5165,.T.);
#6853=ORIENTED_EDGE('',*,*,#5161,.F.);
#6854=ORIENTED_EDGE('',*,*,#5166,.F.);
#6855=ORIENTED_EDGE('',*,*,#5167,.T.);
#6856=ORIENTED_EDGE('',*,*,#5168,.T.);
#6857=ORIENTED_EDGE('',*,*,#5164,.F.);
#6858=ORIENTED_EDGE('',*,*,#5169,.F.);
#6859=ORIENTED_EDGE('',*,*,#5170,.T.);
#6860=ORIENTED_EDGE('',*,*,#5171,.T.);
#6861=ORIENTED_EDGE('',*,*,#5167,.F.);
#6862=ORIENTED_EDGE('',*,*,#5172,.F.);
#6863=ORIENTED_EDGE('',*,*,#5096,.T.);
#6864=ORIENTED_EDGE('',*,*,#5173,.T.);
#6865=ORIENTED_EDGE('',*,*,#5170,.F.);
#6866=ORIENTED_EDGE('',*,*,#5173,.F.);
#6867=ORIENTED_EDGE('',*,*,#5095,.F.);
#6868=ORIENTED_EDGE('',*,*,#5099,.F.);
#6869=ORIENTED_EDGE('',*,*,#5102,.F.);
#6870=ORIENTED_EDGE('',*,*,#5105,.F.);
#6871=ORIENTED_EDGE('',*,*,#5108,.F.);
#6872=ORIENTED_EDGE('',*,*,#5111,.F.);
#6873=ORIENTED_EDGE('',*,*,#5114,.F.);
#6874=ORIENTED_EDGE('',*,*,#5117,.F.);
#6875=ORIENTED_EDGE('',*,*,#5120,.F.);
#6876=ORIENTED_EDGE('',*,*,#5123,.F.);
#6877=ORIENTED_EDGE('',*,*,#5126,.F.);
#6878=ORIENTED_EDGE('',*,*,#5129,.F.);
#6879=ORIENTED_EDGE('',*,*,#5132,.F.);
#6880=ORIENTED_EDGE('',*,*,#5135,.F.);
#6881=ORIENTED_EDGE('',*,*,#5138,.F.);
#6882=ORIENTED_EDGE('',*,*,#5141,.F.);
#6883=ORIENTED_EDGE('',*,*,#5144,.F.);
#6884=ORIENTED_EDGE('',*,*,#5147,.F.);
#6885=ORIENTED_EDGE('',*,*,#5150,.F.);
#6886=ORIENTED_EDGE('',*,*,#5153,.F.);
#6887=ORIENTED_EDGE('',*,*,#5156,.F.);
#6888=ORIENTED_EDGE('',*,*,#5159,.F.);
#6889=ORIENTED_EDGE('',*,*,#5162,.F.);
#6890=ORIENTED_EDGE('',*,*,#5165,.F.);
#6891=ORIENTED_EDGE('',*,*,#5168,.F.);
#6892=ORIENTED_EDGE('',*,*,#5171,.F.);
#6893=ORIENTED_EDGE('',*,*,#5092,.F.);
#6894=ORIENTED_EDGE('',*,*,#5068,.F.);
#6895=ORIENTED_EDGE('',*,*,#5072,.F.);
#6896=ORIENTED_EDGE('',*,*,#5075,.F.);
#6897=ORIENTED_EDGE('',*,*,#5078,.F.);
#6898=ORIENTED_EDGE('',*,*,#5081,.F.);
#6899=ORIENTED_EDGE('',*,*,#5084,.F.);
#6900=ORIENTED_EDGE('',*,*,#5087,.F.);
#6901=ORIENTED_EDGE('',*,*,#5090,.F.);
#6902=ORIENTED_EDGE('',*,*,#5174,.F.);
#6903=ORIENTED_EDGE('',*,*,#5175,.T.);
#6904=ORIENTED_EDGE('',*,*,#5176,.T.);
#6905=ORIENTED_EDGE('',*,*,#5177,.F.);
#6906=ORIENTED_EDGE('',*,*,#5178,.F.);
#6907=ORIENTED_EDGE('',*,*,#5179,.T.);
#6908=ORIENTED_EDGE('',*,*,#5180,.T.);
#6909=ORIENTED_EDGE('',*,*,#5175,.F.);
#6910=ORIENTED_EDGE('',*,*,#5181,.F.);
#6911=ORIENTED_EDGE('',*,*,#5182,.T.);
#6912=ORIENTED_EDGE('',*,*,#5183,.T.);
#6913=ORIENTED_EDGE('',*,*,#5179,.F.);
#6914=ORIENTED_EDGE('',*,*,#5184,.F.);
#6915=ORIENTED_EDGE('',*,*,#5185,.T.);
#6916=ORIENTED_EDGE('',*,*,#5186,.T.);
#6917=ORIENTED_EDGE('',*,*,#5182,.F.);
#6918=ORIENTED_EDGE('',*,*,#5187,.F.);
#6919=ORIENTED_EDGE('',*,*,#5188,.T.);
#6920=ORIENTED_EDGE('',*,*,#5189,.T.);
#6921=ORIENTED_EDGE('',*,*,#5185,.F.);
#6922=ORIENTED_EDGE('',*,*,#5190,.F.);
#6923=ORIENTED_EDGE('',*,*,#5191,.T.);
#6924=ORIENTED_EDGE('',*,*,#5192,.T.);
#6925=ORIENTED_EDGE('',*,*,#5188,.F.);
#6926=ORIENTED_EDGE('',*,*,#5193,.F.);
#6927=ORIENTED_EDGE('',*,*,#5194,.T.);
#6928=ORIENTED_EDGE('',*,*,#5195,.T.);
#6929=ORIENTED_EDGE('',*,*,#5191,.F.);
#6930=ORIENTED_EDGE('',*,*,#5196,.F.);
#6931=ORIENTED_EDGE('',*,*,#5177,.T.);
#6932=ORIENTED_EDGE('',*,*,#5197,.T.);
#6933=ORIENTED_EDGE('',*,*,#5194,.F.);
#6934=ORIENTED_EDGE('',*,*,#5198,.F.);
#6935=ORIENTED_EDGE('',*,*,#5199,.T.);
#6936=ORIENTED_EDGE('',*,*,#5200,.T.);
#6937=ORIENTED_EDGE('',*,*,#5201,.F.);
#6938=ORIENTED_EDGE('',*,*,#5202,.F.);
#6939=ORIENTED_EDGE('',*,*,#5203,.T.);
#6940=ORIENTED_EDGE('',*,*,#5204,.T.);
#6941=ORIENTED_EDGE('',*,*,#5199,.F.);
#6942=ORIENTED_EDGE('',*,*,#5205,.F.);
#6943=ORIENTED_EDGE('',*,*,#5206,.T.);
#6944=ORIENTED_EDGE('',*,*,#5207,.T.);
#6945=ORIENTED_EDGE('',*,*,#5203,.F.);
#6946=ORIENTED_EDGE('',*,*,#5208,.F.);
#6947=ORIENTED_EDGE('',*,*,#5209,.T.);
#6948=ORIENTED_EDGE('',*,*,#5210,.T.);
#6949=ORIENTED_EDGE('',*,*,#5206,.F.);
#6950=ORIENTED_EDGE('',*,*,#5211,.F.);
#6951=ORIENTED_EDGE('',*,*,#5212,.T.);
#6952=ORIENTED_EDGE('',*,*,#5213,.T.);
#6953=ORIENTED_EDGE('',*,*,#5209,.F.);
#6954=ORIENTED_EDGE('',*,*,#5214,.F.);
#6955=ORIENTED_EDGE('',*,*,#5215,.T.);
#6956=ORIENTED_EDGE('',*,*,#5216,.T.);
#6957=ORIENTED_EDGE('',*,*,#5212,.F.);
#6958=ORIENTED_EDGE('',*,*,#5217,.F.);
#6959=ORIENTED_EDGE('',*,*,#5218,.T.);
#6960=ORIENTED_EDGE('',*,*,#5219,.T.);
#6961=ORIENTED_EDGE('',*,*,#5215,.F.);
#6962=ORIENTED_EDGE('',*,*,#5220,.F.);
#6963=ORIENTED_EDGE('',*,*,#5221,.T.);
#6964=ORIENTED_EDGE('',*,*,#5222,.T.);
#6965=ORIENTED_EDGE('',*,*,#5218,.F.);
#6966=ORIENTED_EDGE('',*,*,#5223,.F.);
#6967=ORIENTED_EDGE('',*,*,#5224,.T.);
#6968=ORIENTED_EDGE('',*,*,#5225,.T.);
#6969=ORIENTED_EDGE('',*,*,#5221,.F.);
#6970=ORIENTED_EDGE('',*,*,#5226,.F.);
#6971=ORIENTED_EDGE('',*,*,#5227,.T.);
#6972=ORIENTED_EDGE('',*,*,#5228,.T.);
#6973=ORIENTED_EDGE('',*,*,#5224,.F.);
#6974=ORIENTED_EDGE('',*,*,#5229,.F.);
#6975=ORIENTED_EDGE('',*,*,#5230,.T.);
#6976=ORIENTED_EDGE('',*,*,#5231,.T.);
#6977=ORIENTED_EDGE('',*,*,#5227,.F.);
#6978=ORIENTED_EDGE('',*,*,#5232,.F.);
#6979=ORIENTED_EDGE('',*,*,#5233,.T.);
#6980=ORIENTED_EDGE('',*,*,#5234,.T.);
#6981=ORIENTED_EDGE('',*,*,#5230,.F.);
#6982=ORIENTED_EDGE('',*,*,#5235,.F.);
#6983=ORIENTED_EDGE('',*,*,#5201,.T.);
#6984=ORIENTED_EDGE('',*,*,#5236,.T.);
#6985=ORIENTED_EDGE('',*,*,#5233,.F.);
#6986=ORIENTED_EDGE('',*,*,#5236,.F.);
#6987=ORIENTED_EDGE('',*,*,#5200,.F.);
#6988=ORIENTED_EDGE('',*,*,#5204,.F.);
#6989=ORIENTED_EDGE('',*,*,#5207,.F.);
#6990=ORIENTED_EDGE('',*,*,#5210,.F.);
#6991=ORIENTED_EDGE('',*,*,#5213,.F.);
#6992=ORIENTED_EDGE('',*,*,#5216,.F.);
#6993=ORIENTED_EDGE('',*,*,#5219,.F.);
#6994=ORIENTED_EDGE('',*,*,#5222,.F.);
#6995=ORIENTED_EDGE('',*,*,#5225,.F.);
#6996=ORIENTED_EDGE('',*,*,#5228,.F.);
#6997=ORIENTED_EDGE('',*,*,#5231,.F.);
#6998=ORIENTED_EDGE('',*,*,#5234,.F.);
#6999=ORIENTED_EDGE('',*,*,#5197,.F.);
#7000=ORIENTED_EDGE('',*,*,#5176,.F.);
#7001=ORIENTED_EDGE('',*,*,#5180,.F.);
#7002=ORIENTED_EDGE('',*,*,#5183,.F.);
#7003=ORIENTED_EDGE('',*,*,#5186,.F.);
#7004=ORIENTED_EDGE('',*,*,#5189,.F.);
#7005=ORIENTED_EDGE('',*,*,#5192,.F.);
#7006=ORIENTED_EDGE('',*,*,#5195,.F.);
#7007=ORIENTED_EDGE('',*,*,#5237,.F.);
#7008=ORIENTED_EDGE('',*,*,#5238,.T.);
#7009=ORIENTED_EDGE('',*,*,#5239,.T.);
#7010=ORIENTED_EDGE('',*,*,#5240,.F.);
#7011=ORIENTED_EDGE('',*,*,#5241,.F.);
#7012=ORIENTED_EDGE('',*,*,#5242,.T.);
#7013=ORIENTED_EDGE('',*,*,#5243,.T.);
#7014=ORIENTED_EDGE('',*,*,#5238,.F.);
#7015=ORIENTED_EDGE('',*,*,#5244,.F.);
#7016=ORIENTED_EDGE('',*,*,#5245,.T.);
#7017=ORIENTED_EDGE('',*,*,#5246,.T.);
#7018=ORIENTED_EDGE('',*,*,#5242,.F.);
#7019=ORIENTED_EDGE('',*,*,#5247,.F.);
#7020=ORIENTED_EDGE('',*,*,#5240,.T.);
#7021=ORIENTED_EDGE('',*,*,#5248,.T.);
#7022=ORIENTED_EDGE('',*,*,#5245,.F.);
#7023=ORIENTED_EDGE('',*,*,#5248,.F.);
#7024=ORIENTED_EDGE('',*,*,#5239,.F.);
#7025=ORIENTED_EDGE('',*,*,#5243,.F.);
#7026=ORIENTED_EDGE('',*,*,#5246,.F.);
#7027=ORIENTED_EDGE('',*,*,#5249,.F.);
#7028=ORIENTED_EDGE('',*,*,#5250,.T.);
#7029=ORIENTED_EDGE('',*,*,#5251,.T.);
#7030=ORIENTED_EDGE('',*,*,#5252,.F.);
#7031=ORIENTED_EDGE('',*,*,#5253,.F.);
#7032=ORIENTED_EDGE('',*,*,#5254,.T.);
#7033=ORIENTED_EDGE('',*,*,#5255,.T.);
#7034=ORIENTED_EDGE('',*,*,#5250,.F.);
#7035=ORIENTED_EDGE('',*,*,#5256,.F.);
#7036=ORIENTED_EDGE('',*,*,#5257,.T.);
#7037=ORIENTED_EDGE('',*,*,#5258,.T.);
#7038=ORIENTED_EDGE('',*,*,#5254,.F.);
#7039=ORIENTED_EDGE('',*,*,#5259,.F.);
#7040=ORIENTED_EDGE('',*,*,#5260,.T.);
#7041=ORIENTED_EDGE('',*,*,#5261,.T.);
#7042=ORIENTED_EDGE('',*,*,#5257,.F.);
#7043=ORIENTED_EDGE('',*,*,#5262,.F.);
#7044=ORIENTED_EDGE('',*,*,#5263,.T.);
#7045=ORIENTED_EDGE('',*,*,#5264,.T.);
#7046=ORIENTED_EDGE('',*,*,#5260,.F.);
#7047=ORIENTED_EDGE('',*,*,#5265,.F.);
#7048=ORIENTED_EDGE('',*,*,#5266,.T.);
#7049=ORIENTED_EDGE('',*,*,#5267,.T.);
#7050=ORIENTED_EDGE('',*,*,#5263,.F.);
#7051=ORIENTED_EDGE('',*,*,#5268,.F.);
#7052=ORIENTED_EDGE('',*,*,#5269,.T.);
#7053=ORIENTED_EDGE('',*,*,#5270,.T.);
#7054=ORIENTED_EDGE('',*,*,#5266,.F.);
#7055=ORIENTED_EDGE('',*,*,#5271,.F.);
#7056=ORIENTED_EDGE('',*,*,#5272,.T.);
#7057=ORIENTED_EDGE('',*,*,#5273,.T.);
#7058=ORIENTED_EDGE('',*,*,#5269,.F.);
#7059=ORIENTED_EDGE('',*,*,#5274,.F.);
#7060=ORIENTED_EDGE('',*,*,#5275,.T.);
#7061=ORIENTED_EDGE('',*,*,#5276,.T.);
#7062=ORIENTED_EDGE('',*,*,#5272,.F.);
#7063=ORIENTED_EDGE('',*,*,#5277,.F.);
#7064=ORIENTED_EDGE('',*,*,#5278,.T.);
#7065=ORIENTED_EDGE('',*,*,#5279,.T.);
#7066=ORIENTED_EDGE('',*,*,#5275,.F.);
#7067=ORIENTED_EDGE('',*,*,#5280,.F.);
#7068=ORIENTED_EDGE('',*,*,#5281,.T.);
#7069=ORIENTED_EDGE('',*,*,#5282,.T.);
#7070=ORIENTED_EDGE('',*,*,#5278,.F.);
#7071=ORIENTED_EDGE('',*,*,#5283,.F.);
#7072=ORIENTED_EDGE('',*,*,#5252,.T.);
#7073=ORIENTED_EDGE('',*,*,#5284,.T.);
#7074=ORIENTED_EDGE('',*,*,#5281,.F.);
#7075=ORIENTED_EDGE('',*,*,#5284,.F.);
#7076=ORIENTED_EDGE('',*,*,#5251,.F.);
#7077=ORIENTED_EDGE('',*,*,#5255,.F.);
#7078=ORIENTED_EDGE('',*,*,#5258,.F.);
#7079=ORIENTED_EDGE('',*,*,#5261,.F.);
#7080=ORIENTED_EDGE('',*,*,#5264,.F.);
#7081=ORIENTED_EDGE('',*,*,#5267,.F.);
#7082=ORIENTED_EDGE('',*,*,#5270,.F.);
#7083=ORIENTED_EDGE('',*,*,#5273,.F.);
#7084=ORIENTED_EDGE('',*,*,#5276,.F.);
#7085=ORIENTED_EDGE('',*,*,#5279,.F.);
#7086=ORIENTED_EDGE('',*,*,#5282,.F.);
#7087=ORIENTED_EDGE('',*,*,#5285,.F.);
#7088=ORIENTED_EDGE('',*,*,#5286,.T.);
#7089=ORIENTED_EDGE('',*,*,#5287,.T.);
#7090=ORIENTED_EDGE('',*,*,#5288,.F.);
#7091=ORIENTED_EDGE('',*,*,#5289,.F.);
#7092=ORIENTED_EDGE('',*,*,#5290,.T.);
#7093=ORIENTED_EDGE('',*,*,#5291,.T.);
#7094=ORIENTED_EDGE('',*,*,#5286,.F.);
#7095=ORIENTED_EDGE('',*,*,#5292,.F.);
#7096=ORIENTED_EDGE('',*,*,#5293,.T.);
#7097=ORIENTED_EDGE('',*,*,#5294,.T.);
#7098=ORIENTED_EDGE('',*,*,#5290,.F.);
#7099=ORIENTED_EDGE('',*,*,#5295,.F.);
#7100=ORIENTED_EDGE('',*,*,#5296,.T.);
#7101=ORIENTED_EDGE('',*,*,#5297,.T.);
#7102=ORIENTED_EDGE('',*,*,#5293,.F.);
#7103=ORIENTED_EDGE('',*,*,#5298,.F.);
#7104=ORIENTED_EDGE('',*,*,#5288,.T.);
#7105=ORIENTED_EDGE('',*,*,#5299,.T.);
#7106=ORIENTED_EDGE('',*,*,#5296,.F.);
#7107=ORIENTED_EDGE('',*,*,#5300,.F.);
#7108=ORIENTED_EDGE('',*,*,#5301,.T.);
#7109=ORIENTED_EDGE('',*,*,#5302,.T.);
#7110=ORIENTED_EDGE('',*,*,#5303,.F.);
#7111=ORIENTED_EDGE('',*,*,#5304,.F.);
#7112=ORIENTED_EDGE('',*,*,#5305,.T.);
#7113=ORIENTED_EDGE('',*,*,#5306,.T.);
#7114=ORIENTED_EDGE('',*,*,#5301,.F.);
#7115=ORIENTED_EDGE('',*,*,#5307,.F.);
#7116=ORIENTED_EDGE('',*,*,#5308,.T.);
#7117=ORIENTED_EDGE('',*,*,#5309,.T.);
#7118=ORIENTED_EDGE('',*,*,#5305,.F.);
#7119=ORIENTED_EDGE('',*,*,#5310,.F.);
#7120=ORIENTED_EDGE('',*,*,#5311,.T.);
#7121=ORIENTED_EDGE('',*,*,#5312,.T.);
#7122=ORIENTED_EDGE('',*,*,#5308,.F.);
#7123=ORIENTED_EDGE('',*,*,#5313,.F.);
#7124=ORIENTED_EDGE('',*,*,#5314,.T.);
#7125=ORIENTED_EDGE('',*,*,#5315,.T.);
#7126=ORIENTED_EDGE('',*,*,#5311,.F.);
#7127=ORIENTED_EDGE('',*,*,#5316,.F.);
#7128=ORIENTED_EDGE('',*,*,#5317,.T.);
#7129=ORIENTED_EDGE('',*,*,#5318,.T.);
#7130=ORIENTED_EDGE('',*,*,#5314,.F.);
#7131=ORIENTED_EDGE('',*,*,#5319,.F.);
#7132=ORIENTED_EDGE('',*,*,#5320,.T.);
#7133=ORIENTED_EDGE('',*,*,#5321,.T.);
#7134=ORIENTED_EDGE('',*,*,#5317,.F.);
#7135=ORIENTED_EDGE('',*,*,#5322,.F.);
#7136=ORIENTED_EDGE('',*,*,#5323,.T.);
#7137=ORIENTED_EDGE('',*,*,#5324,.T.);
#7138=ORIENTED_EDGE('',*,*,#5320,.F.);
#7139=ORIENTED_EDGE('',*,*,#5325,.F.);
#7140=ORIENTED_EDGE('',*,*,#5326,.T.);
#7141=ORIENTED_EDGE('',*,*,#5327,.T.);
#7142=ORIENTED_EDGE('',*,*,#5323,.F.);
#7143=ORIENTED_EDGE('',*,*,#5328,.F.);
#7144=ORIENTED_EDGE('',*,*,#5329,.T.);
#7145=ORIENTED_EDGE('',*,*,#5330,.T.);
#7146=ORIENTED_EDGE('',*,*,#5326,.F.);
#7147=ORIENTED_EDGE('',*,*,#5331,.F.);
#7148=ORIENTED_EDGE('',*,*,#5332,.T.);
#7149=ORIENTED_EDGE('',*,*,#5333,.T.);
#7150=ORIENTED_EDGE('',*,*,#5329,.F.);
#7151=ORIENTED_EDGE('',*,*,#5334,.F.);
#7152=ORIENTED_EDGE('',*,*,#5335,.T.);
#7153=ORIENTED_EDGE('',*,*,#5336,.T.);
#7154=ORIENTED_EDGE('',*,*,#5332,.F.);
#7155=ORIENTED_EDGE('',*,*,#5337,.F.);
#7156=ORIENTED_EDGE('',*,*,#5338,.T.);
#7157=ORIENTED_EDGE('',*,*,#5339,.T.);
#7158=ORIENTED_EDGE('',*,*,#5335,.F.);
#7159=ORIENTED_EDGE('',*,*,#5340,.F.);
#7160=ORIENTED_EDGE('',*,*,#5341,.T.);
#7161=ORIENTED_EDGE('',*,*,#5342,.T.);
#7162=ORIENTED_EDGE('',*,*,#5338,.F.);
#7163=ORIENTED_EDGE('',*,*,#5343,.F.);
#7164=ORIENTED_EDGE('',*,*,#5344,.T.);
#7165=ORIENTED_EDGE('',*,*,#5345,.T.);
#7166=ORIENTED_EDGE('',*,*,#5341,.F.);
#7167=ORIENTED_EDGE('',*,*,#5346,.F.);
#7168=ORIENTED_EDGE('',*,*,#5347,.T.);
#7169=ORIENTED_EDGE('',*,*,#5348,.T.);
#7170=ORIENTED_EDGE('',*,*,#5344,.F.);
#7171=ORIENTED_EDGE('',*,*,#5349,.F.);
#7172=ORIENTED_EDGE('',*,*,#5303,.T.);
#7173=ORIENTED_EDGE('',*,*,#5350,.T.);
#7174=ORIENTED_EDGE('',*,*,#5347,.F.);
#7175=ORIENTED_EDGE('',*,*,#5350,.F.);
#7176=ORIENTED_EDGE('',*,*,#5302,.F.);
#7177=ORIENTED_EDGE('',*,*,#5306,.F.);
#7178=ORIENTED_EDGE('',*,*,#5309,.F.);
#7179=ORIENTED_EDGE('',*,*,#5312,.F.);
#7180=ORIENTED_EDGE('',*,*,#5315,.F.);
#7181=ORIENTED_EDGE('',*,*,#5318,.F.);
#7182=ORIENTED_EDGE('',*,*,#5321,.F.);
#7183=ORIENTED_EDGE('',*,*,#5324,.F.);
#7184=ORIENTED_EDGE('',*,*,#5327,.F.);
#7185=ORIENTED_EDGE('',*,*,#5330,.F.);
#7186=ORIENTED_EDGE('',*,*,#5333,.F.);
#7187=ORIENTED_EDGE('',*,*,#5336,.F.);
#7188=ORIENTED_EDGE('',*,*,#5339,.F.);
#7189=ORIENTED_EDGE('',*,*,#5342,.F.);
#7190=ORIENTED_EDGE('',*,*,#5345,.F.);
#7191=ORIENTED_EDGE('',*,*,#5348,.F.);
#7192=ORIENTED_EDGE('',*,*,#5299,.F.);
#7193=ORIENTED_EDGE('',*,*,#5287,.F.);
#7194=ORIENTED_EDGE('',*,*,#5291,.F.);
#7195=ORIENTED_EDGE('',*,*,#5294,.F.);
#7196=ORIENTED_EDGE('',*,*,#5297,.F.);
#7197=ORIENTED_EDGE('',*,*,#5351,.F.);
#7198=ORIENTED_EDGE('',*,*,#5352,.T.);
#7199=ORIENTED_EDGE('',*,*,#5353,.T.);
#7200=ORIENTED_EDGE('',*,*,#5354,.F.);
#7201=ORIENTED_EDGE('',*,*,#5355,.F.);
#7202=ORIENTED_EDGE('',*,*,#5356,.T.);
#7203=ORIENTED_EDGE('',*,*,#5357,.T.);
#7204=ORIENTED_EDGE('',*,*,#5352,.F.);
#7205=ORIENTED_EDGE('',*,*,#5358,.F.);
#7206=ORIENTED_EDGE('',*,*,#5359,.T.);
#7207=ORIENTED_EDGE('',*,*,#5360,.T.);
#7208=ORIENTED_EDGE('',*,*,#5356,.F.);
#7209=ORIENTED_EDGE('',*,*,#5361,.F.);
#7210=ORIENTED_EDGE('',*,*,#5362,.T.);
#7211=ORIENTED_EDGE('',*,*,#5363,.T.);
#7212=ORIENTED_EDGE('',*,*,#5359,.F.);
#7213=ORIENTED_EDGE('',*,*,#5364,.F.);
#7214=ORIENTED_EDGE('',*,*,#5365,.T.);
#7215=ORIENTED_EDGE('',*,*,#5366,.T.);
#7216=ORIENTED_EDGE('',*,*,#5362,.F.);
#7217=ORIENTED_EDGE('',*,*,#5367,.F.);
#7218=ORIENTED_EDGE('',*,*,#5368,.T.);
#7219=ORIENTED_EDGE('',*,*,#5369,.T.);
#7220=ORIENTED_EDGE('',*,*,#5365,.F.);
#7221=ORIENTED_EDGE('',*,*,#5370,.F.);
#7222=ORIENTED_EDGE('',*,*,#5371,.T.);
#7223=ORIENTED_EDGE('',*,*,#5372,.T.);
#7224=ORIENTED_EDGE('',*,*,#5368,.F.);
#7225=ORIENTED_EDGE('',*,*,#5373,.F.);
#7226=ORIENTED_EDGE('',*,*,#5374,.T.);
#7227=ORIENTED_EDGE('',*,*,#5375,.T.);
#7228=ORIENTED_EDGE('',*,*,#5371,.F.);
#7229=ORIENTED_EDGE('',*,*,#5376,.F.);
#7230=ORIENTED_EDGE('',*,*,#5377,.T.);
#7231=ORIENTED_EDGE('',*,*,#5378,.T.);
#7232=ORIENTED_EDGE('',*,*,#5374,.F.);
#7233=ORIENTED_EDGE('',*,*,#5379,.F.);
#7234=ORIENTED_EDGE('',*,*,#5380,.T.);
#7235=ORIENTED_EDGE('',*,*,#5381,.T.);
#7236=ORIENTED_EDGE('',*,*,#5377,.F.);
#7237=ORIENTED_EDGE('',*,*,#5382,.F.);
#7238=ORIENTED_EDGE('',*,*,#5383,.T.);
#7239=ORIENTED_EDGE('',*,*,#5384,.T.);
#7240=ORIENTED_EDGE('',*,*,#5380,.F.);
#7241=ORIENTED_EDGE('',*,*,#5385,.F.);
#7242=ORIENTED_EDGE('',*,*,#5386,.T.);
#7243=ORIENTED_EDGE('',*,*,#5387,.T.);
#7244=ORIENTED_EDGE('',*,*,#5383,.F.);
#7245=ORIENTED_EDGE('',*,*,#5388,.F.);
#7246=ORIENTED_EDGE('',*,*,#5389,.T.);
#7247=ORIENTED_EDGE('',*,*,#5390,.T.);
#7248=ORIENTED_EDGE('',*,*,#5386,.F.);
#7249=ORIENTED_EDGE('',*,*,#5391,.F.);
#7250=ORIENTED_EDGE('',*,*,#5392,.T.);
#7251=ORIENTED_EDGE('',*,*,#5393,.T.);
#7252=ORIENTED_EDGE('',*,*,#5389,.F.);
#7253=ORIENTED_EDGE('',*,*,#5394,.F.);
#7254=ORIENTED_EDGE('',*,*,#5395,.T.);
#7255=ORIENTED_EDGE('',*,*,#5396,.T.);
#7256=ORIENTED_EDGE('',*,*,#5392,.F.);
#7257=ORIENTED_EDGE('',*,*,#5397,.F.);
#7258=ORIENTED_EDGE('',*,*,#5398,.T.);
#7259=ORIENTED_EDGE('',*,*,#5399,.T.);
#7260=ORIENTED_EDGE('',*,*,#5395,.F.);
#7261=ORIENTED_EDGE('',*,*,#5400,.F.);
#7262=ORIENTED_EDGE('',*,*,#5401,.T.);
#7263=ORIENTED_EDGE('',*,*,#5402,.T.);
#7264=ORIENTED_EDGE('',*,*,#5398,.F.);
#7265=ORIENTED_EDGE('',*,*,#5403,.F.);
#7266=ORIENTED_EDGE('',*,*,#5404,.T.);
#7267=ORIENTED_EDGE('',*,*,#5405,.T.);
#7268=ORIENTED_EDGE('',*,*,#5401,.F.);
#7269=ORIENTED_EDGE('',*,*,#5406,.F.);
#7270=ORIENTED_EDGE('',*,*,#5407,.T.);
#7271=ORIENTED_EDGE('',*,*,#5408,.T.);
#7272=ORIENTED_EDGE('',*,*,#5404,.F.);
#7273=ORIENTED_EDGE('',*,*,#5409,.F.);
#7274=ORIENTED_EDGE('',*,*,#5410,.T.);
#7275=ORIENTED_EDGE('',*,*,#5411,.T.);
#7276=ORIENTED_EDGE('',*,*,#5407,.F.);
#7277=ORIENTED_EDGE('',*,*,#5412,.F.);
#7278=ORIENTED_EDGE('',*,*,#5413,.T.);
#7279=ORIENTED_EDGE('',*,*,#5414,.T.);
#7280=ORIENTED_EDGE('',*,*,#5410,.F.);
#7281=ORIENTED_EDGE('',*,*,#5415,.F.);
#7282=ORIENTED_EDGE('',*,*,#5416,.T.);
#7283=ORIENTED_EDGE('',*,*,#5417,.T.);
#7284=ORIENTED_EDGE('',*,*,#5413,.F.);
#7285=ORIENTED_EDGE('',*,*,#5418,.F.);
#7286=ORIENTED_EDGE('',*,*,#5419,.T.);
#7287=ORIENTED_EDGE('',*,*,#5420,.T.);
#7288=ORIENTED_EDGE('',*,*,#5416,.F.);
#7289=ORIENTED_EDGE('',*,*,#5421,.F.);
#7290=ORIENTED_EDGE('',*,*,#5422,.T.);
#7291=ORIENTED_EDGE('',*,*,#5423,.T.);
#7292=ORIENTED_EDGE('',*,*,#5419,.F.);
#7293=ORIENTED_EDGE('',*,*,#5424,.F.);
#7294=ORIENTED_EDGE('',*,*,#5425,.T.);
#7295=ORIENTED_EDGE('',*,*,#5426,.T.);
#7296=ORIENTED_EDGE('',*,*,#5422,.F.);
#7297=ORIENTED_EDGE('',*,*,#5427,.F.);
#7298=ORIENTED_EDGE('',*,*,#5428,.T.);
#7299=ORIENTED_EDGE('',*,*,#5429,.T.);
#7300=ORIENTED_EDGE('',*,*,#5425,.F.);
#7301=ORIENTED_EDGE('',*,*,#5430,.F.);
#7302=ORIENTED_EDGE('',*,*,#5431,.T.);
#7303=ORIENTED_EDGE('',*,*,#5432,.T.);
#7304=ORIENTED_EDGE('',*,*,#5428,.F.);
#7305=ORIENTED_EDGE('',*,*,#5433,.F.);
#7306=ORIENTED_EDGE('',*,*,#5434,.T.);
#7307=ORIENTED_EDGE('',*,*,#5435,.T.);
#7308=ORIENTED_EDGE('',*,*,#5431,.F.);
#7309=ORIENTED_EDGE('',*,*,#5436,.F.);
#7310=ORIENTED_EDGE('',*,*,#5354,.T.);
#7311=ORIENTED_EDGE('',*,*,#5437,.T.);
#7312=ORIENTED_EDGE('',*,*,#5434,.F.);
#7313=ORIENTED_EDGE('',*,*,#5437,.F.);
#7314=ORIENTED_EDGE('',*,*,#5353,.F.);
#7315=ORIENTED_EDGE('',*,*,#5357,.F.);
#7316=ORIENTED_EDGE('',*,*,#5360,.F.);
#7317=ORIENTED_EDGE('',*,*,#5363,.F.);
#7318=ORIENTED_EDGE('',*,*,#5366,.F.);
#7319=ORIENTED_EDGE('',*,*,#5369,.F.);
#7320=ORIENTED_EDGE('',*,*,#5372,.F.);
#7321=ORIENTED_EDGE('',*,*,#5375,.F.);
#7322=ORIENTED_EDGE('',*,*,#5378,.F.);
#7323=ORIENTED_EDGE('',*,*,#5381,.F.);
#7324=ORIENTED_EDGE('',*,*,#5384,.F.);
#7325=ORIENTED_EDGE('',*,*,#5387,.F.);
#7326=ORIENTED_EDGE('',*,*,#5390,.F.);
#7327=ORIENTED_EDGE('',*,*,#5393,.F.);
#7328=ORIENTED_EDGE('',*,*,#5396,.F.);
#7329=ORIENTED_EDGE('',*,*,#5399,.F.);
#7330=ORIENTED_EDGE('',*,*,#5402,.F.);
#7331=ORIENTED_EDGE('',*,*,#5405,.F.);
#7332=ORIENTED_EDGE('',*,*,#5408,.F.);
#7333=ORIENTED_EDGE('',*,*,#5411,.F.);
#7334=ORIENTED_EDGE('',*,*,#5414,.F.);
#7335=ORIENTED_EDGE('',*,*,#5417,.F.);
#7336=ORIENTED_EDGE('',*,*,#5420,.F.);
#7337=ORIENTED_EDGE('',*,*,#5423,.F.);
#7338=ORIENTED_EDGE('',*,*,#5426,.F.);
#7339=ORIENTED_EDGE('',*,*,#5429,.F.);
#7340=ORIENTED_EDGE('',*,*,#5432,.F.);
#7341=ORIENTED_EDGE('',*,*,#5435,.F.);
#7342=ORIENTED_EDGE('',*,*,#5438,.F.);
#7343=ORIENTED_EDGE('',*,*,#5439,.T.);
#7344=ORIENTED_EDGE('',*,*,#5440,.F.);
#7345=ORIENTED_EDGE('',*,*,#5441,.T.);
#7346=ORIENTED_EDGE('',*,*,#5442,.F.);
#7347=ORIENTED_EDGE('',*,*,#5443,.T.);
#7348=ORIENTED_EDGE('',*,*,#5444,.F.);
#7349=ORIENTED_EDGE('',*,*,#5445,.T.);
#7350=ORIENTED_EDGE('',*,*,#4547,.T.);
#7351=ORIENTED_EDGE('',*,*,#4593,.T.);
#7352=ORIENTED_EDGE('',*,*,#4590,.T.);
#7353=ORIENTED_EDGE('',*,*,#4587,.T.);
#7354=ORIENTED_EDGE('',*,*,#4584,.T.);
#7355=ORIENTED_EDGE('',*,*,#4581,.T.);
#7356=ORIENTED_EDGE('',*,*,#4578,.T.);
#7357=ORIENTED_EDGE('',*,*,#4575,.T.);
#7358=ORIENTED_EDGE('',*,*,#4572,.T.);
#7359=ORIENTED_EDGE('',*,*,#4569,.T.);
#7360=ORIENTED_EDGE('',*,*,#4566,.T.);
#7361=ORIENTED_EDGE('',*,*,#4563,.T.);
#7362=ORIENTED_EDGE('',*,*,#4560,.T.);
#7363=ORIENTED_EDGE('',*,*,#4557,.T.);
#7364=ORIENTED_EDGE('',*,*,#4554,.T.);
#7365=ORIENTED_EDGE('',*,*,#4551,.T.);
#7366=ORIENTED_EDGE('',*,*,#4595,.T.);
#7367=ORIENTED_EDGE('',*,*,#4629,.T.);
#7368=ORIENTED_EDGE('',*,*,#4626,.T.);
#7369=ORIENTED_EDGE('',*,*,#4623,.T.);
#7370=ORIENTED_EDGE('',*,*,#4620,.T.);
#7371=ORIENTED_EDGE('',*,*,#4617,.T.);
#7372=ORIENTED_EDGE('',*,*,#4614,.T.);
#7373=ORIENTED_EDGE('',*,*,#4611,.T.);
#7374=ORIENTED_EDGE('',*,*,#4608,.T.);
#7375=ORIENTED_EDGE('',*,*,#4605,.T.);
#7376=ORIENTED_EDGE('',*,*,#4602,.T.);
#7377=ORIENTED_EDGE('',*,*,#4599,.T.);
#7378=ORIENTED_EDGE('',*,*,#4631,.T.);
#7379=ORIENTED_EDGE('',*,*,#4641,.T.);
#7380=ORIENTED_EDGE('',*,*,#4638,.T.);
#7381=ORIENTED_EDGE('',*,*,#4635,.T.);
#7382=ORIENTED_EDGE('',*,*,#4643,.T.);
#7383=ORIENTED_EDGE('',*,*,#4701,.T.);
#7384=ORIENTED_EDGE('',*,*,#4698,.T.);
#7385=ORIENTED_EDGE('',*,*,#4695,.T.);
#7386=ORIENTED_EDGE('',*,*,#4692,.T.);
#7387=ORIENTED_EDGE('',*,*,#4689,.T.);
#7388=ORIENTED_EDGE('',*,*,#4686,.T.);
#7389=ORIENTED_EDGE('',*,*,#4683,.T.);
#7390=ORIENTED_EDGE('',*,*,#4680,.T.);
#7391=ORIENTED_EDGE('',*,*,#4677,.T.);
#7392=ORIENTED_EDGE('',*,*,#4674,.T.);
#7393=ORIENTED_EDGE('',*,*,#4671,.T.);
#7394=ORIENTED_EDGE('',*,*,#4668,.T.);
#7395=ORIENTED_EDGE('',*,*,#4665,.T.);
#7396=ORIENTED_EDGE('',*,*,#4662,.T.);
#7397=ORIENTED_EDGE('',*,*,#4659,.T.);
#7398=ORIENTED_EDGE('',*,*,#4656,.T.);
#7399=ORIENTED_EDGE('',*,*,#4653,.T.);
#7400=ORIENTED_EDGE('',*,*,#4650,.T.);
#7401=ORIENTED_EDGE('',*,*,#4647,.T.);
#7402=ORIENTED_EDGE('',*,*,#4703,.T.);
#7403=ORIENTED_EDGE('',*,*,#4740,.T.);
#7404=ORIENTED_EDGE('',*,*,#4737,.T.);
#7405=ORIENTED_EDGE('',*,*,#4734,.T.);
#7406=ORIENTED_EDGE('',*,*,#4731,.T.);
#7407=ORIENTED_EDGE('',*,*,#4728,.T.);
#7408=ORIENTED_EDGE('',*,*,#4725,.T.);
#7409=ORIENTED_EDGE('',*,*,#4722,.T.);
#7410=ORIENTED_EDGE('',*,*,#4719,.T.);
#7411=ORIENTED_EDGE('',*,*,#4716,.T.);
#7412=ORIENTED_EDGE('',*,*,#4713,.T.);
#7413=ORIENTED_EDGE('',*,*,#4710,.T.);
#7414=ORIENTED_EDGE('',*,*,#4707,.T.);
#7415=ORIENTED_EDGE('',*,*,#4742,.T.);
#7416=ORIENTED_EDGE('',*,*,#4809,.T.);
#7417=ORIENTED_EDGE('',*,*,#4806,.T.);
#7418=ORIENTED_EDGE('',*,*,#4803,.T.);
#7419=ORIENTED_EDGE('',*,*,#4800,.T.);
#7420=ORIENTED_EDGE('',*,*,#4797,.T.);
#7421=ORIENTED_EDGE('',*,*,#4794,.T.);
#7422=ORIENTED_EDGE('',*,*,#4791,.T.);
#7423=ORIENTED_EDGE('',*,*,#4788,.T.);
#7424=ORIENTED_EDGE('',*,*,#4785,.T.);
#7425=ORIENTED_EDGE('',*,*,#4782,.T.);
#7426=ORIENTED_EDGE('',*,*,#4779,.T.);
#7427=ORIENTED_EDGE('',*,*,#4776,.T.);
#7428=ORIENTED_EDGE('',*,*,#4773,.T.);
#7429=ORIENTED_EDGE('',*,*,#4770,.T.);
#7430=ORIENTED_EDGE('',*,*,#4767,.T.);
#7431=ORIENTED_EDGE('',*,*,#4764,.T.);
#7432=ORIENTED_EDGE('',*,*,#4761,.T.);
#7433=ORIENTED_EDGE('',*,*,#4758,.T.);
#7434=ORIENTED_EDGE('',*,*,#4755,.T.);
#7435=ORIENTED_EDGE('',*,*,#4752,.T.);
#7436=ORIENTED_EDGE('',*,*,#4749,.T.);
#7437=ORIENTED_EDGE('',*,*,#4746,.T.);
#7438=ORIENTED_EDGE('',*,*,#4835,.T.);
#7439=ORIENTED_EDGE('',*,*,#4857,.T.);
#7440=ORIENTED_EDGE('',*,*,#4854,.T.);
#7441=ORIENTED_EDGE('',*,*,#4851,.T.);
#7442=ORIENTED_EDGE('',*,*,#4848,.T.);
#7443=ORIENTED_EDGE('',*,*,#4845,.T.);
#7444=ORIENTED_EDGE('',*,*,#4842,.T.);
#7445=ORIENTED_EDGE('',*,*,#4839,.T.);
#7446=ORIENTED_EDGE('',*,*,#4886,.T.);
#7447=ORIENTED_EDGE('',*,*,#4965,.T.);
#7448=ORIENTED_EDGE('',*,*,#4962,.T.);
#7449=ORIENTED_EDGE('',*,*,#4959,.T.);
#7450=ORIENTED_EDGE('',*,*,#4956,.T.);
#7451=ORIENTED_EDGE('',*,*,#4953,.T.);
#7452=ORIENTED_EDGE('',*,*,#4950,.T.);
#7453=ORIENTED_EDGE('',*,*,#4947,.T.);
#7454=ORIENTED_EDGE('',*,*,#4944,.T.);
#7455=ORIENTED_EDGE('',*,*,#4941,.T.);
#7456=ORIENTED_EDGE('',*,*,#4938,.T.);
#7457=ORIENTED_EDGE('',*,*,#4935,.T.);
#7458=ORIENTED_EDGE('',*,*,#4932,.T.);
#7459=ORIENTED_EDGE('',*,*,#4929,.T.);
#7460=ORIENTED_EDGE('',*,*,#4926,.T.);
#7461=ORIENTED_EDGE('',*,*,#4923,.T.);
#7462=ORIENTED_EDGE('',*,*,#4920,.T.);
#7463=ORIENTED_EDGE('',*,*,#4917,.T.);
#7464=ORIENTED_EDGE('',*,*,#4914,.T.);
#7465=ORIENTED_EDGE('',*,*,#4911,.T.);
#7466=ORIENTED_EDGE('',*,*,#4908,.T.);
#7467=ORIENTED_EDGE('',*,*,#4905,.T.);
#7468=ORIENTED_EDGE('',*,*,#4902,.T.);
#7469=ORIENTED_EDGE('',*,*,#4899,.T.);
#7470=ORIENTED_EDGE('',*,*,#4896,.T.);
#7471=ORIENTED_EDGE('',*,*,#4893,.T.);
#7472=ORIENTED_EDGE('',*,*,#4890,.T.);
#7473=ORIENTED_EDGE('',*,*,#4991,.T.);
#7474=ORIENTED_EDGE('',*,*,#5028,.T.);
#7475=ORIENTED_EDGE('',*,*,#5025,.T.);
#7476=ORIENTED_EDGE('',*,*,#5022,.T.);
#7477=ORIENTED_EDGE('',*,*,#5019,.T.);
#7478=ORIENTED_EDGE('',*,*,#5016,.T.);
#7479=ORIENTED_EDGE('',*,*,#5013,.T.);
#7480=ORIENTED_EDGE('',*,*,#5010,.T.);
#7481=ORIENTED_EDGE('',*,*,#5007,.T.);
#7482=ORIENTED_EDGE('',*,*,#5004,.T.);
#7483=ORIENTED_EDGE('',*,*,#5001,.T.);
#7484=ORIENTED_EDGE('',*,*,#4998,.T.);
#7485=ORIENTED_EDGE('',*,*,#4995,.T.);
#7486=ORIENTED_EDGE('',*,*,#5030,.T.);
#7487=ORIENTED_EDGE('',*,*,#5064,.T.);
#7488=ORIENTED_EDGE('',*,*,#5061,.T.);
#7489=ORIENTED_EDGE('',*,*,#5058,.T.);
#7490=ORIENTED_EDGE('',*,*,#5055,.T.);
#7491=ORIENTED_EDGE('',*,*,#5052,.T.);
#7492=ORIENTED_EDGE('',*,*,#5049,.T.);
#7493=ORIENTED_EDGE('',*,*,#5046,.T.);
#7494=ORIENTED_EDGE('',*,*,#5043,.T.);
#7495=ORIENTED_EDGE('',*,*,#5040,.T.);
#7496=ORIENTED_EDGE('',*,*,#5037,.T.);
#7497=ORIENTED_EDGE('',*,*,#5034,.T.);
#7498=ORIENTED_EDGE('',*,*,#5093,.T.);
#7499=ORIENTED_EDGE('',*,*,#5172,.T.);
#7500=ORIENTED_EDGE('',*,*,#5169,.T.);
#7501=ORIENTED_EDGE('',*,*,#5166,.T.);
#7502=ORIENTED_EDGE('',*,*,#5163,.T.);
#7503=ORIENTED_EDGE('',*,*,#5160,.T.);
#7504=ORIENTED_EDGE('',*,*,#5157,.T.);
#7505=ORIENTED_EDGE('',*,*,#5154,.T.);
#7506=ORIENTED_EDGE('',*,*,#5151,.T.);
#7507=ORIENTED_EDGE('',*,*,#5148,.T.);
#7508=ORIENTED_EDGE('',*,*,#5145,.T.);
#7509=ORIENTED_EDGE('',*,*,#5142,.T.);
#7510=ORIENTED_EDGE('',*,*,#5139,.T.);
#7511=ORIENTED_EDGE('',*,*,#5136,.T.);
#7512=ORIENTED_EDGE('',*,*,#5133,.T.);
#7513=ORIENTED_EDGE('',*,*,#5130,.T.);
#7514=ORIENTED_EDGE('',*,*,#5127,.T.);
#7515=ORIENTED_EDGE('',*,*,#5124,.T.);
#7516=ORIENTED_EDGE('',*,*,#5121,.T.);
#7517=ORIENTED_EDGE('',*,*,#5118,.T.);
#7518=ORIENTED_EDGE('',*,*,#5115,.T.);
#7519=ORIENTED_EDGE('',*,*,#5112,.T.);
#7520=ORIENTED_EDGE('',*,*,#5109,.T.);
#7521=ORIENTED_EDGE('',*,*,#5106,.T.);
#7522=ORIENTED_EDGE('',*,*,#5103,.T.);
#7523=ORIENTED_EDGE('',*,*,#5100,.T.);
#7524=ORIENTED_EDGE('',*,*,#5097,.T.);
#7525=ORIENTED_EDGE('',*,*,#5198,.T.);
#7526=ORIENTED_EDGE('',*,*,#5235,.T.);
#7527=ORIENTED_EDGE('',*,*,#5232,.T.);
#7528=ORIENTED_EDGE('',*,*,#5229,.T.);
#7529=ORIENTED_EDGE('',*,*,#5226,.T.);
#7530=ORIENTED_EDGE('',*,*,#5223,.T.);
#7531=ORIENTED_EDGE('',*,*,#5220,.T.);
#7532=ORIENTED_EDGE('',*,*,#5217,.T.);
#7533=ORIENTED_EDGE('',*,*,#5214,.T.);
#7534=ORIENTED_EDGE('',*,*,#5211,.T.);
#7535=ORIENTED_EDGE('',*,*,#5208,.T.);
#7536=ORIENTED_EDGE('',*,*,#5205,.T.);
#7537=ORIENTED_EDGE('',*,*,#5202,.T.);
#7538=ORIENTED_EDGE('',*,*,#5237,.T.);
#7539=ORIENTED_EDGE('',*,*,#5247,.T.);
#7540=ORIENTED_EDGE('',*,*,#5244,.T.);
#7541=ORIENTED_EDGE('',*,*,#5241,.T.);
#7542=ORIENTED_EDGE('',*,*,#5249,.T.);
#7543=ORIENTED_EDGE('',*,*,#5283,.T.);
#7544=ORIENTED_EDGE('',*,*,#5280,.T.);
#7545=ORIENTED_EDGE('',*,*,#5277,.T.);
#7546=ORIENTED_EDGE('',*,*,#5274,.T.);
#7547=ORIENTED_EDGE('',*,*,#5271,.T.);
#7548=ORIENTED_EDGE('',*,*,#5268,.T.);
#7549=ORIENTED_EDGE('',*,*,#5265,.T.);
#7550=ORIENTED_EDGE('',*,*,#5262,.T.);
#7551=ORIENTED_EDGE('',*,*,#5259,.T.);
#7552=ORIENTED_EDGE('',*,*,#5256,.T.);
#7553=ORIENTED_EDGE('',*,*,#5253,.T.);
#7554=ORIENTED_EDGE('',*,*,#5300,.T.);
#7555=ORIENTED_EDGE('',*,*,#5349,.T.);
#7556=ORIENTED_EDGE('',*,*,#5346,.T.);
#7557=ORIENTED_EDGE('',*,*,#5343,.T.);
#7558=ORIENTED_EDGE('',*,*,#5340,.T.);
#7559=ORIENTED_EDGE('',*,*,#5337,.T.);
#7560=ORIENTED_EDGE('',*,*,#5334,.T.);
#7561=ORIENTED_EDGE('',*,*,#5331,.T.);
#7562=ORIENTED_EDGE('',*,*,#5328,.T.);
#7563=ORIENTED_EDGE('',*,*,#5325,.T.);
#7564=ORIENTED_EDGE('',*,*,#5322,.T.);
#7565=ORIENTED_EDGE('',*,*,#5319,.T.);
#7566=ORIENTED_EDGE('',*,*,#5316,.T.);
#7567=ORIENTED_EDGE('',*,*,#5313,.T.);
#7568=ORIENTED_EDGE('',*,*,#5310,.T.);
#7569=ORIENTED_EDGE('',*,*,#5307,.T.);
#7570=ORIENTED_EDGE('',*,*,#5304,.T.);
#7571=ORIENTED_EDGE('',*,*,#5351,.T.);
#7572=ORIENTED_EDGE('',*,*,#5436,.T.);
#7573=ORIENTED_EDGE('',*,*,#5433,.T.);
#7574=ORIENTED_EDGE('',*,*,#5430,.T.);
#7575=ORIENTED_EDGE('',*,*,#5427,.T.);
#7576=ORIENTED_EDGE('',*,*,#5424,.T.);
#7577=ORIENTED_EDGE('',*,*,#5421,.T.);
#7578=ORIENTED_EDGE('',*,*,#5418,.T.);
#7579=ORIENTED_EDGE('',*,*,#5415,.T.);
#7580=ORIENTED_EDGE('',*,*,#5412,.T.);
#7581=ORIENTED_EDGE('',*,*,#5409,.T.);
#7582=ORIENTED_EDGE('',*,*,#5406,.T.);
#7583=ORIENTED_EDGE('',*,*,#5403,.T.);
#7584=ORIENTED_EDGE('',*,*,#5400,.T.);
#7585=ORIENTED_EDGE('',*,*,#5397,.T.);
#7586=ORIENTED_EDGE('',*,*,#5394,.T.);
#7587=ORIENTED_EDGE('',*,*,#5391,.T.);
#7588=ORIENTED_EDGE('',*,*,#5388,.T.);
#7589=ORIENTED_EDGE('',*,*,#5385,.T.);
#7590=ORIENTED_EDGE('',*,*,#5382,.T.);
#7591=ORIENTED_EDGE('',*,*,#5379,.T.);
#7592=ORIENTED_EDGE('',*,*,#5376,.T.);
#7593=ORIENTED_EDGE('',*,*,#5373,.T.);
#7594=ORIENTED_EDGE('',*,*,#5370,.T.);
#7595=ORIENTED_EDGE('',*,*,#5367,.T.);
#7596=ORIENTED_EDGE('',*,*,#5364,.T.);
#7597=ORIENTED_EDGE('',*,*,#5361,.T.);
#7598=ORIENTED_EDGE('',*,*,#5358,.T.);
#7599=ORIENTED_EDGE('',*,*,#5355,.T.);
#7600=ORIENTED_EDGE('',*,*,#5446,.T.);
#7601=ORIENTED_EDGE('',*,*,#5447,.T.);
#7602=ORIENTED_EDGE('',*,*,#5448,.T.);
#7603=ORIENTED_EDGE('',*,*,#5449,.T.);
#7604=ORIENTED_EDGE('',*,*,#5285,.T.);
#7605=ORIENTED_EDGE('',*,*,#5298,.T.);
#7606=ORIENTED_EDGE('',*,*,#5295,.T.);
#7607=ORIENTED_EDGE('',*,*,#5292,.T.);
#7608=ORIENTED_EDGE('',*,*,#5289,.T.);
#7609=ORIENTED_EDGE('',*,*,#5174,.T.);
#7610=ORIENTED_EDGE('',*,*,#5196,.T.);
#7611=ORIENTED_EDGE('',*,*,#5193,.T.);
#7612=ORIENTED_EDGE('',*,*,#5190,.T.);
#7613=ORIENTED_EDGE('',*,*,#5187,.T.);
#7614=ORIENTED_EDGE('',*,*,#5184,.T.);
#7615=ORIENTED_EDGE('',*,*,#5181,.T.);
#7616=ORIENTED_EDGE('',*,*,#5178,.T.);
#7617=ORIENTED_EDGE('',*,*,#5066,.T.);
#7618=ORIENTED_EDGE('',*,*,#5091,.T.);
#7619=ORIENTED_EDGE('',*,*,#5088,.T.);
#7620=ORIENTED_EDGE('',*,*,#5085,.T.);
#7621=ORIENTED_EDGE('',*,*,#5082,.T.);
#7622=ORIENTED_EDGE('',*,*,#5079,.T.);
#7623=ORIENTED_EDGE('',*,*,#5076,.T.);
#7624=ORIENTED_EDGE('',*,*,#5073,.T.);
#7625=ORIENTED_EDGE('',*,*,#5070,.T.);
#7626=ORIENTED_EDGE('',*,*,#4967,.T.);
#7627=ORIENTED_EDGE('',*,*,#4989,.T.);
#7628=ORIENTED_EDGE('',*,*,#4986,.T.);
#7629=ORIENTED_EDGE('',*,*,#4983,.T.);
#7630=ORIENTED_EDGE('',*,*,#4980,.T.);
#7631=ORIENTED_EDGE('',*,*,#4977,.T.);
#7632=ORIENTED_EDGE('',*,*,#4974,.T.);
#7633=ORIENTED_EDGE('',*,*,#4971,.T.);
#7634=ORIENTED_EDGE('',*,*,#4859,.T.);
#7635=ORIENTED_EDGE('',*,*,#4884,.T.);
#7636=ORIENTED_EDGE('',*,*,#4881,.T.);
#7637=ORIENTED_EDGE('',*,*,#4878,.T.);
#7638=ORIENTED_EDGE('',*,*,#4875,.T.);
#7639=ORIENTED_EDGE('',*,*,#4872,.T.);
#7640=ORIENTED_EDGE('',*,*,#4869,.T.);
#7641=ORIENTED_EDGE('',*,*,#4866,.T.);
#7642=ORIENTED_EDGE('',*,*,#4863,.T.);
#7643=ORIENTED_EDGE('',*,*,#5450,.F.);
#7644=ORIENTED_EDGE('',*,*,#5445,.F.);
#7645=ORIENTED_EDGE('',*,*,#5451,.F.);
#7646=ORIENTED_EDGE('',*,*,#5452,.F.);
#7647=ORIENTED_EDGE('',*,*,#4811,.T.);
#7648=ORIENTED_EDGE('',*,*,#4833,.T.);
#7649=ORIENTED_EDGE('',*,*,#4830,.T.);
#7650=ORIENTED_EDGE('',*,*,#4827,.T.);
#7651=ORIENTED_EDGE('',*,*,#4824,.T.);
#7652=ORIENTED_EDGE('',*,*,#4821,.T.);
#7653=ORIENTED_EDGE('',*,*,#4818,.T.);
#7654=ORIENTED_EDGE('',*,*,#4815,.T.);
#7655=ORIENTED_EDGE('',*,*,#5453,.F.);
#7656=ORIENTED_EDGE('',*,*,#5443,.F.);
#7657=ORIENTED_EDGE('',*,*,#5454,.F.);
#7658=ORIENTED_EDGE('',*,*,#5455,.F.);
#7659=ORIENTED_EDGE('',*,*,#5456,.F.);
#7660=ORIENTED_EDGE('',*,*,#5457,.F.);
#7661=ORIENTED_EDGE('',*,*,#5458,.F.);
#7662=ORIENTED_EDGE('',*,*,#5439,.F.);
#7663=ORIENTED_EDGE('',*,*,#5459,.T.);
#7664=ORIENTED_EDGE('',*,*,#5460,.T.);
#7665=ORIENTED_EDGE('',*,*,#5461,.T.);
#7666=ORIENTED_EDGE('',*,*,#5460,.F.);
#7667=ORIENTED_EDGE('',*,*,#5462,.F.);
#7668=ORIENTED_EDGE('',*,*,#5461,.F.);
#7669=ORIENTED_EDGE('',*,*,#5463,.T.);
#7670=ORIENTED_EDGE('',*,*,#5451,.T.);
#7671=ORIENTED_EDGE('',*,*,#5444,.T.);
#7672=ORIENTED_EDGE('',*,*,#5453,.T.);
#7673=ORIENTED_EDGE('',*,*,#5463,.F.);
#7674=ORIENTED_EDGE('',*,*,#5455,.T.);
#7675=ORIENTED_EDGE('',*,*,#5464,.F.);
#7676=ORIENTED_EDGE('',*,*,#5465,.T.);
#7677=ORIENTED_EDGE('',*,*,#5466,.T.);
#7678=ORIENTED_EDGE('',*,*,#5467,.T.);
#7679=ORIENTED_EDGE('',*,*,#5468,.T.);
#7680=ORIENTED_EDGE('',*,*,#5469,.T.);
#7681=ORIENTED_EDGE('',*,*,#5470,.T.);
#7682=ORIENTED_EDGE('',*,*,#5471,.T.);
#7683=ORIENTED_EDGE('',*,*,#5472,.T.);
#7684=ORIENTED_EDGE('',*,*,#5473,.T.);
#7685=ORIENTED_EDGE('',*,*,#5474,.F.);
#7686=ORIENTED_EDGE('',*,*,#5457,.T.);
#7687=ORIENTED_EDGE('',*,*,#5475,.F.);
#7688=ORIENTED_EDGE('',*,*,#5452,.T.);
#7689=ORIENTED_EDGE('',*,*,#5476,.T.);
#7690=ORIENTED_EDGE('',*,*,#5477,.T.);
#7691=ORIENTED_EDGE('',*,*,#5478,.T.);
#7692=ORIENTED_EDGE('',*,*,#5479,.T.);
#7693=ORIENTED_EDGE('',*,*,#5464,.T.);
#7694=ORIENTED_EDGE('',*,*,#5454,.T.);
#7695=ORIENTED_EDGE('',*,*,#5442,.T.);
#7696=ORIENTED_EDGE('',*,*,#5480,.T.);
#7697=ORIENTED_EDGE('',*,*,#5475,.T.);
#7698=ORIENTED_EDGE('',*,*,#5456,.T.);
#7699=ORIENTED_EDGE('',*,*,#5438,.T.);
#7700=ORIENTED_EDGE('',*,*,#5450,.T.);
#7701=ORIENTED_EDGE('',*,*,#5474,.T.);
#7702=ORIENTED_EDGE('',*,*,#5481,.T.);
#7703=ORIENTED_EDGE('',*,*,#5440,.T.);
#7704=ORIENTED_EDGE('',*,*,#5458,.T.);
#7705=ORIENTED_EDGE('',*,*,#5472,.F.);
#7706=ORIENTED_EDGE('',*,*,#5482,.F.);
#7707=ORIENTED_EDGE('',*,*,#5483,.T.);
#7708=ORIENTED_EDGE('',*,*,#5484,.F.);
#7709=ORIENTED_EDGE('',*,*,#5466,.F.);
#7710=ORIENTED_EDGE('',*,*,#5485,.F.);
#7711=ORIENTED_EDGE('',*,*,#5486,.T.);
#7712=ORIENTED_EDGE('',*,*,#5487,.F.);
#7713=ORIENTED_EDGE('',*,*,#5488,.F.);
#7714=ORIENTED_EDGE('',*,*,#5483,.F.);
#7715=ORIENTED_EDGE('',*,*,#5489,.F.);
#7716=ORIENTED_EDGE('',*,*,#5486,.F.);
#7717=ORIENTED_EDGE('',*,*,#5480,.F.);
#7718=ORIENTED_EDGE('',*,*,#5441,.F.);
#7719=ORIENTED_EDGE('',*,*,#5481,.F.);
#7720=ORIENTED_EDGE('',*,*,#5473,.F.);
#7721=ORIENTED_EDGE('',*,*,#5484,.T.);
#7722=ORIENTED_EDGE('',*,*,#5488,.T.);
#7723=ORIENTED_EDGE('',*,*,#5485,.T.);
#7724=ORIENTED_EDGE('',*,*,#5465,.F.);
#7725=ORIENTED_EDGE('',*,*,#5490,.F.);
#7726=ORIENTED_EDGE('',*,*,#5491,.F.);
#7727=ORIENTED_EDGE('',*,*,#5492,.F.);
#7728=ORIENTED_EDGE('',*,*,#5493,.F.);
#7729=ORIENTED_EDGE('',*,*,#5482,.T.);
#7730=ORIENTED_EDGE('',*,*,#5471,.F.);
#7731=ORIENTED_EDGE('',*,*,#5494,.F.);
#7732=ORIENTED_EDGE('',*,*,#5492,.T.);
#7733=ORIENTED_EDGE('',*,*,#5495,.T.);
#7734=ORIENTED_EDGE('',*,*,#5467,.F.);
#7735=ORIENTED_EDGE('',*,*,#5487,.T.);
#7736=ORIENTED_EDGE('',*,*,#5489,.T.);
#7737=ORIENTED_EDGE('',*,*,#5491,.T.);
#7738=ORIENTED_EDGE('',*,*,#5496,.T.);
#7739=ORIENTED_EDGE('',*,*,#5468,.F.);
#7740=ORIENTED_EDGE('',*,*,#5495,.F.);
#7741=ORIENTED_EDGE('',*,*,#5462,.T.);
#7742=ORIENTED_EDGE('',*,*,#5497,.T.);
#7743=ORIENTED_EDGE('',*,*,#5447,.F.);
#7744=ORIENTED_EDGE('',*,*,#5497,.F.);
#7745=ORIENTED_EDGE('',*,*,#5498,.T.);
#7746=ORIENTED_EDGE('',*,*,#5499,.T.);
#7747=ORIENTED_EDGE('',*,*,#5449,.F.);
#7748=ORIENTED_EDGE('',*,*,#5499,.F.);
#7749=ORIENTED_EDGE('',*,*,#5500,.T.);
#7750=ORIENTED_EDGE('',*,*,#5501,.T.);
#7751=ORIENTED_EDGE('',*,*,#5446,.F.);
#7752=ORIENTED_EDGE('',*,*,#5501,.F.);
#7753=ORIENTED_EDGE('',*,*,#5502,.T.);
#7754=ORIENTED_EDGE('',*,*,#5503,.T.);
#7755=ORIENTED_EDGE('',*,*,#5448,.F.);
#7756=ORIENTED_EDGE('',*,*,#5503,.F.);
#7757=ORIENTED_EDGE('',*,*,#5493,.T.);
#7758=ORIENTED_EDGE('',*,*,#5494,.T.);
#7759=ORIENTED_EDGE('',*,*,#5470,.F.);
#7760=ORIENTED_EDGE('',*,*,#5504,.F.);
#7761=ORIENTED_EDGE('',*,*,#5490,.T.);
#7762=ORIENTED_EDGE('',*,*,#5504,.T.);
#7763=ORIENTED_EDGE('',*,*,#5469,.F.);
#7764=ORIENTED_EDGE('',*,*,#5496,.F.);
#7765=ORIENTED_EDGE('',*,*,#5505,.F.);
#7766=ORIENTED_EDGE('',*,*,#5506,.T.);
#7767=ORIENTED_EDGE('',*,*,#5477,.F.);
#7768=ORIENTED_EDGE('',*,*,#5506,.F.);
#7769=ORIENTED_EDGE('',*,*,#5502,.F.);
#7770=ORIENTED_EDGE('',*,*,#5505,.T.);
#7771=ORIENTED_EDGE('',*,*,#5507,.F.);
#7772=ORIENTED_EDGE('',*,*,#5508,.T.);
#7773=ORIENTED_EDGE('',*,*,#5478,.F.);
#7774=ORIENTED_EDGE('',*,*,#5508,.F.);
#7775=ORIENTED_EDGE('',*,*,#5500,.F.);
#7776=ORIENTED_EDGE('',*,*,#5507,.T.);
#7777=ORIENTED_EDGE('',*,*,#5509,.F.);
#7778=ORIENTED_EDGE('',*,*,#5510,.T.);
#7779=ORIENTED_EDGE('',*,*,#5476,.F.);
#7780=ORIENTED_EDGE('',*,*,#5510,.F.);
#7781=ORIENTED_EDGE('',*,*,#5498,.F.);
#7782=ORIENTED_EDGE('',*,*,#5509,.T.);
#7783=ORIENTED_EDGE('',*,*,#5459,.F.);
#7784=ORIENTED_EDGE('',*,*,#5511,.T.);
#7785=ORIENTED_EDGE('',*,*,#5479,.F.);
#7786=ORIENTED_EDGE('',*,*,#5511,.F.);
#7787=ORIENTED_EDGE('',*,*,#5512,.F.);
#7788=ORIENTED_EDGE('',*,*,#5513,.T.);
#7789=ORIENTED_EDGE('',*,*,#5514,.T.);
#7790=ORIENTED_EDGE('',*,*,#5513,.F.);
#7791=ORIENTED_EDGE('',*,*,#5515,.F.);
#7792=ORIENTED_EDGE('',*,*,#5516,.T.);
#7793=ORIENTED_EDGE('',*,*,#5517,.T.);
#7794=ORIENTED_EDGE('',*,*,#5516,.F.);
#7795=ORIENTED_EDGE('',*,*,#5515,.T.);
#7796=ORIENTED_EDGE('',*,*,#5512,.T.);
#7797=ORIENTED_EDGE('',*,*,#5517,.F.);
#7798=ORIENTED_EDGE('',*,*,#5514,.F.);
#7799=ORIENTED_EDGE('',*,*,#5518,.F.);
#7800=ORIENTED_EDGE('',*,*,#5519,.T.);
#7801=ORIENTED_EDGE('',*,*,#5520,.T.);
#7802=ORIENTED_EDGE('',*,*,#5519,.F.);
#7803=ORIENTED_EDGE('',*,*,#5521,.F.);
#7804=ORIENTED_EDGE('',*,*,#5522,.T.);
#7805=ORIENTED_EDGE('',*,*,#5523,.T.);
#7806=ORIENTED_EDGE('',*,*,#5522,.F.);
#7807=ORIENTED_EDGE('',*,*,#5521,.T.);
#7808=ORIENTED_EDGE('',*,*,#5518,.T.);
#7809=ORIENTED_EDGE('',*,*,#5523,.F.);
#7810=ORIENTED_EDGE('',*,*,#5520,.F.);
#7811=ORIENTED_EDGE('',*,*,#5524,.F.);
#7812=ORIENTED_EDGE('',*,*,#5525,.F.);
#7813=ORIENTED_EDGE('',*,*,#5526,.F.);
#7814=ORIENTED_EDGE('',*,*,#5527,.T.);
#7815=ORIENTED_EDGE('',*,*,#5525,.T.);
#7816=ORIENTED_EDGE('',*,*,#5527,.F.);
#7817=ORIENTED_EDGE('',*,*,#5528,.F.);
#7818=ORIENTED_EDGE('',*,*,#5529,.T.);
#7819=ORIENTED_EDGE('',*,*,#5524,.T.);
#7820=ORIENTED_EDGE('',*,*,#5529,.F.);
#7821=ORIENTED_EDGE('',*,*,#5528,.T.);
#7822=ORIENTED_EDGE('',*,*,#5526,.T.);
#7823=ORIENTED_EDGE('',*,*,#5530,.T.);
#7824=ORIENTED_EDGE('',*,*,#5531,.T.);
#7825=ORIENTED_EDGE('',*,*,#5532,.F.);
#7826=ORIENTED_EDGE('',*,*,#5533,.F.);
#7827=ORIENTED_EDGE('',*,*,#5534,.T.);
#7828=ORIENTED_EDGE('',*,*,#5535,.T.);
#7829=ORIENTED_EDGE('',*,*,#5530,.F.);
#7830=ORIENTED_EDGE('',*,*,#5536,.F.);
#7831=ORIENTED_EDGE('',*,*,#5532,.T.);
#7832=ORIENTED_EDGE('',*,*,#5537,.T.);
#7833=ORIENTED_EDGE('',*,*,#5538,.F.);
#7834=ORIENTED_EDGE('',*,*,#5539,.F.);
#7835=ORIENTED_EDGE('',*,*,#5533,.T.);
#7836=ORIENTED_EDGE('',*,*,#5539,.T.);
#7837=ORIENTED_EDGE('',*,*,#5540,.T.);
#7838=ORIENTED_EDGE('',*,*,#5536,.T.);
#7839=ORIENTED_EDGE('',*,*,#5541,.F.);
#7840=ORIENTED_EDGE('',*,*,#5542,.F.);
#7841=ORIENTED_EDGE('',*,*,#5543,.F.);
#7842=ORIENTED_EDGE('',*,*,#5544,.F.);
#7843=ORIENTED_EDGE('',*,*,#5545,.F.);
#7844=ORIENTED_EDGE('',*,*,#5546,.F.);
#7845=ORIENTED_EDGE('',*,*,#5547,.F.);
#7846=ORIENTED_EDGE('',*,*,#5548,.F.);
#7847=ORIENTED_EDGE('',*,*,#5549,.F.);
#7848=ORIENTED_EDGE('',*,*,#5550,.F.);
#7849=ORIENTED_EDGE('',*,*,#5551,.F.);
#7850=ORIENTED_EDGE('',*,*,#5552,.F.);
#7851=ORIENTED_EDGE('',*,*,#5553,.F.);
#7852=ORIENTED_EDGE('',*,*,#5554,.F.);
#7853=ORIENTED_EDGE('',*,*,#5555,.F.);
#7854=ORIENTED_EDGE('',*,*,#5556,.F.);
#7855=ORIENTED_EDGE('',*,*,#5557,.F.);
#7856=ORIENTED_EDGE('',*,*,#5558,.F.);
#7857=ORIENTED_EDGE('',*,*,#5559,.F.);
#7858=ORIENTED_EDGE('',*,*,#5560,.F.);
#7859=ORIENTED_EDGE('',*,*,#5561,.F.);
#7860=ORIENTED_EDGE('',*,*,#5562,.F.);
#7861=ORIENTED_EDGE('',*,*,#5563,.F.);
#7862=ORIENTED_EDGE('',*,*,#5564,.F.);
#7863=ORIENTED_EDGE('',*,*,#5565,.F.);
#7864=ORIENTED_EDGE('',*,*,#5566,.F.);
#7865=ORIENTED_EDGE('',*,*,#5567,.F.);
#7866=ORIENTED_EDGE('',*,*,#5568,.F.);
#7867=ORIENTED_EDGE('',*,*,#5569,.F.);
#7868=ORIENTED_EDGE('',*,*,#5570,.F.);
#7869=ORIENTED_EDGE('',*,*,#5571,.F.);
#7870=ORIENTED_EDGE('',*,*,#5572,.F.);
#7871=ORIENTED_EDGE('',*,*,#5573,.F.);
#7872=ORIENTED_EDGE('',*,*,#5574,.F.);
#7873=ORIENTED_EDGE('',*,*,#5575,.F.);
#7874=ORIENTED_EDGE('',*,*,#5576,.F.);
#7875=ORIENTED_EDGE('',*,*,#5577,.F.);
#7876=ORIENTED_EDGE('',*,*,#5578,.F.);
#7877=ORIENTED_EDGE('',*,*,#5579,.F.);
#7878=ORIENTED_EDGE('',*,*,#5580,.F.);
#7879=ORIENTED_EDGE('',*,*,#5581,.F.);
#7880=ORIENTED_EDGE('',*,*,#5582,.F.);
#7881=ORIENTED_EDGE('',*,*,#5583,.F.);
#7882=ORIENTED_EDGE('',*,*,#5584,.F.);
#7883=ORIENTED_EDGE('',*,*,#5585,.F.);
#7884=ORIENTED_EDGE('',*,*,#5586,.F.);
#7885=ORIENTED_EDGE('',*,*,#5587,.F.);
#7886=ORIENTED_EDGE('',*,*,#5588,.F.);
#7887=ORIENTED_EDGE('',*,*,#5589,.F.);
#7888=ORIENTED_EDGE('',*,*,#5590,.F.);
#7889=ORIENTED_EDGE('',*,*,#5591,.F.);
#7890=ORIENTED_EDGE('',*,*,#5592,.F.);
#7891=ORIENTED_EDGE('',*,*,#5593,.F.);
#7892=ORIENTED_EDGE('',*,*,#5594,.F.);
#7893=ORIENTED_EDGE('',*,*,#5595,.F.);
#7894=ORIENTED_EDGE('',*,*,#5596,.F.);
#7895=ORIENTED_EDGE('',*,*,#5531,.F.);
#7896=ORIENTED_EDGE('',*,*,#5535,.F.);
#7897=ORIENTED_EDGE('',*,*,#5597,.F.);
#7898=ORIENTED_EDGE('',*,*,#5537,.F.);
#7899=ORIENTED_EDGE('',*,*,#5598,.T.);
#7900=ORIENTED_EDGE('',*,*,#5599,.T.);
#7901=ORIENTED_EDGE('',*,*,#5600,.T.);
#7902=ORIENTED_EDGE('',*,*,#5601,.T.);
#7903=ORIENTED_EDGE('',*,*,#5602,.T.);
#7904=ORIENTED_EDGE('',*,*,#5603,.T.);
#7905=ORIENTED_EDGE('',*,*,#5604,.T.);
#7906=ORIENTED_EDGE('',*,*,#5605,.T.);
#7907=ORIENTED_EDGE('',*,*,#5606,.T.);
#7908=ORIENTED_EDGE('',*,*,#5607,.T.);
#7909=ORIENTED_EDGE('',*,*,#5608,.T.);
#7910=ORIENTED_EDGE('',*,*,#5609,.T.);
#7911=ORIENTED_EDGE('',*,*,#5610,.T.);
#7912=ORIENTED_EDGE('',*,*,#5611,.T.);
#7913=ORIENTED_EDGE('',*,*,#5612,.T.);
#7914=ORIENTED_EDGE('',*,*,#5613,.T.);
#7915=ORIENTED_EDGE('',*,*,#5614,.T.);
#7916=ORIENTED_EDGE('',*,*,#5615,.T.);
#7917=ORIENTED_EDGE('',*,*,#5616,.T.);
#7918=ORIENTED_EDGE('',*,*,#5617,.T.);
#7919=ORIENTED_EDGE('',*,*,#5618,.T.);
#7920=ORIENTED_EDGE('',*,*,#5619,.T.);
#7921=ORIENTED_EDGE('',*,*,#5620,.T.);
#7922=ORIENTED_EDGE('',*,*,#5621,.T.);
#7923=ORIENTED_EDGE('',*,*,#5622,.T.);
#7924=ORIENTED_EDGE('',*,*,#5623,.T.);
#7925=ORIENTED_EDGE('',*,*,#5624,.T.);
#7926=ORIENTED_EDGE('',*,*,#5625,.T.);
#7927=ORIENTED_EDGE('',*,*,#5626,.T.);
#7928=ORIENTED_EDGE('',*,*,#5627,.T.);
#7929=ORIENTED_EDGE('',*,*,#5628,.T.);
#7930=ORIENTED_EDGE('',*,*,#5629,.T.);
#7931=ORIENTED_EDGE('',*,*,#5630,.T.);
#7932=ORIENTED_EDGE('',*,*,#5631,.T.);
#7933=ORIENTED_EDGE('',*,*,#5632,.T.);
#7934=ORIENTED_EDGE('',*,*,#5633,.T.);
#7935=ORIENTED_EDGE('',*,*,#5634,.T.);
#7936=ORIENTED_EDGE('',*,*,#5635,.T.);
#7937=ORIENTED_EDGE('',*,*,#5636,.T.);
#7938=ORIENTED_EDGE('',*,*,#5637,.T.);
#7939=ORIENTED_EDGE('',*,*,#5638,.T.);
#7940=ORIENTED_EDGE('',*,*,#5639,.T.);
#7941=ORIENTED_EDGE('',*,*,#5640,.T.);
#7942=ORIENTED_EDGE('',*,*,#5641,.T.);
#7943=ORIENTED_EDGE('',*,*,#5642,.T.);
#7944=ORIENTED_EDGE('',*,*,#5643,.T.);
#7945=ORIENTED_EDGE('',*,*,#5644,.T.);
#7946=ORIENTED_EDGE('',*,*,#5645,.T.);
#7947=ORIENTED_EDGE('',*,*,#5646,.T.);
#7948=ORIENTED_EDGE('',*,*,#5647,.T.);
#7949=ORIENTED_EDGE('',*,*,#5648,.T.);
#7950=ORIENTED_EDGE('',*,*,#5649,.T.);
#7951=ORIENTED_EDGE('',*,*,#5650,.T.);
#7952=ORIENTED_EDGE('',*,*,#5651,.T.);
#7953=ORIENTED_EDGE('',*,*,#5652,.T.);
#7954=ORIENTED_EDGE('',*,*,#5653,.T.);
#7955=ORIENTED_EDGE('',*,*,#5538,.T.);
#7956=ORIENTED_EDGE('',*,*,#5597,.T.);
#7957=ORIENTED_EDGE('',*,*,#5534,.F.);
#7958=ORIENTED_EDGE('',*,*,#5540,.F.);
#7959=ORIENTED_EDGE('',*,*,#5598,.F.);
#7960=ORIENTED_EDGE('',*,*,#5654,.T.);
#7961=ORIENTED_EDGE('',*,*,#5541,.T.);
#7962=ORIENTED_EDGE('',*,*,#5654,.F.);
#7963=ORIENTED_EDGE('',*,*,#5599,.F.);
#7964=ORIENTED_EDGE('',*,*,#5655,.T.);
#7965=ORIENTED_EDGE('',*,*,#5542,.T.);
#7966=ORIENTED_EDGE('',*,*,#5655,.F.);
#7967=ORIENTED_EDGE('',*,*,#5600,.F.);
#7968=ORIENTED_EDGE('',*,*,#5656,.T.);
#7969=ORIENTED_EDGE('',*,*,#5543,.T.);
#7970=ORIENTED_EDGE('',*,*,#5656,.F.);
#7971=ORIENTED_EDGE('',*,*,#5601,.F.);
#7972=ORIENTED_EDGE('',*,*,#5657,.T.);
#7973=ORIENTED_EDGE('',*,*,#5544,.T.);
#7974=ORIENTED_EDGE('',*,*,#5657,.F.);
#7975=ORIENTED_EDGE('',*,*,#5602,.F.);
#7976=ORIENTED_EDGE('',*,*,#5658,.T.);
#7977=ORIENTED_EDGE('',*,*,#5545,.T.);
#7978=ORIENTED_EDGE('',*,*,#5658,.F.);
#7979=ORIENTED_EDGE('',*,*,#5603,.F.);
#7980=ORIENTED_EDGE('',*,*,#5659,.T.);
#7981=ORIENTED_EDGE('',*,*,#5546,.T.);
#7982=ORIENTED_EDGE('',*,*,#5659,.F.);
#7983=ORIENTED_EDGE('',*,*,#5604,.F.);
#7984=ORIENTED_EDGE('',*,*,#5660,.T.);
#7985=ORIENTED_EDGE('',*,*,#5547,.T.);
#7986=ORIENTED_EDGE('',*,*,#5660,.F.);
#7987=ORIENTED_EDGE('',*,*,#5605,.F.);
#7988=ORIENTED_EDGE('',*,*,#5661,.T.);
#7989=ORIENTED_EDGE('',*,*,#5548,.T.);
#7990=ORIENTED_EDGE('',*,*,#5661,.F.);
#7991=ORIENTED_EDGE('',*,*,#5606,.F.);
#7992=ORIENTED_EDGE('',*,*,#5662,.T.);
#7993=ORIENTED_EDGE('',*,*,#5549,.T.);
#7994=ORIENTED_EDGE('',*,*,#5662,.F.);
#7995=ORIENTED_EDGE('',*,*,#5607,.F.);
#7996=ORIENTED_EDGE('',*,*,#5663,.T.);
#7997=ORIENTED_EDGE('',*,*,#5550,.T.);
#7998=ORIENTED_EDGE('',*,*,#5663,.F.);
#7999=ORIENTED_EDGE('',*,*,#5608,.F.);
#8000=ORIENTED_EDGE('',*,*,#5664,.T.);
#8001=ORIENTED_EDGE('',*,*,#5551,.T.);
#8002=ORIENTED_EDGE('',*,*,#5664,.F.);
#8003=ORIENTED_EDGE('',*,*,#5609,.F.);
#8004=ORIENTED_EDGE('',*,*,#5665,.T.);
#8005=ORIENTED_EDGE('',*,*,#5552,.T.);
#8006=ORIENTED_EDGE('',*,*,#5665,.F.);
#8007=ORIENTED_EDGE('',*,*,#5610,.F.);
#8008=ORIENTED_EDGE('',*,*,#5666,.T.);
#8009=ORIENTED_EDGE('',*,*,#5553,.T.);
#8010=ORIENTED_EDGE('',*,*,#5666,.F.);
#8011=ORIENTED_EDGE('',*,*,#5611,.F.);
#8012=ORIENTED_EDGE('',*,*,#5667,.T.);
#8013=ORIENTED_EDGE('',*,*,#5554,.T.);
#8014=ORIENTED_EDGE('',*,*,#5667,.F.);
#8015=ORIENTED_EDGE('',*,*,#5612,.F.);
#8016=ORIENTED_EDGE('',*,*,#5668,.T.);
#8017=ORIENTED_EDGE('',*,*,#5555,.T.);
#8018=ORIENTED_EDGE('',*,*,#5668,.F.);
#8019=ORIENTED_EDGE('',*,*,#5613,.F.);
#8020=ORIENTED_EDGE('',*,*,#5669,.T.);
#8021=ORIENTED_EDGE('',*,*,#5556,.T.);
#8022=ORIENTED_EDGE('',*,*,#5669,.F.);
#8023=ORIENTED_EDGE('',*,*,#5614,.F.);
#8024=ORIENTED_EDGE('',*,*,#5670,.T.);
#8025=ORIENTED_EDGE('',*,*,#5557,.T.);
#8026=ORIENTED_EDGE('',*,*,#5670,.F.);
#8027=ORIENTED_EDGE('',*,*,#5615,.F.);
#8028=ORIENTED_EDGE('',*,*,#5671,.T.);
#8029=ORIENTED_EDGE('',*,*,#5558,.T.);
#8030=ORIENTED_EDGE('',*,*,#5671,.F.);
#8031=ORIENTED_EDGE('',*,*,#5616,.F.);
#8032=ORIENTED_EDGE('',*,*,#5672,.T.);
#8033=ORIENTED_EDGE('',*,*,#5559,.T.);
#8034=ORIENTED_EDGE('',*,*,#5672,.F.);
#8035=ORIENTED_EDGE('',*,*,#5617,.F.);
#8036=ORIENTED_EDGE('',*,*,#5673,.T.);
#8037=ORIENTED_EDGE('',*,*,#5560,.T.);
#8038=ORIENTED_EDGE('',*,*,#5673,.F.);
#8039=ORIENTED_EDGE('',*,*,#5618,.F.);
#8040=ORIENTED_EDGE('',*,*,#5674,.T.);
#8041=ORIENTED_EDGE('',*,*,#5561,.T.);
#8042=ORIENTED_EDGE('',*,*,#5674,.F.);
#8043=ORIENTED_EDGE('',*,*,#5619,.F.);
#8044=ORIENTED_EDGE('',*,*,#5675,.T.);
#8045=ORIENTED_EDGE('',*,*,#5562,.T.);
#8046=ORIENTED_EDGE('',*,*,#5675,.F.);
#8047=ORIENTED_EDGE('',*,*,#5620,.F.);
#8048=ORIENTED_EDGE('',*,*,#5676,.T.);
#8049=ORIENTED_EDGE('',*,*,#5563,.T.);
#8050=ORIENTED_EDGE('',*,*,#5676,.F.);
#8051=ORIENTED_EDGE('',*,*,#5621,.F.);
#8052=ORIENTED_EDGE('',*,*,#5677,.T.);
#8053=ORIENTED_EDGE('',*,*,#5564,.T.);
#8054=ORIENTED_EDGE('',*,*,#5677,.F.);
#8055=ORIENTED_EDGE('',*,*,#5622,.F.);
#8056=ORIENTED_EDGE('',*,*,#5678,.T.);
#8057=ORIENTED_EDGE('',*,*,#5565,.T.);
#8058=ORIENTED_EDGE('',*,*,#5678,.F.);
#8059=ORIENTED_EDGE('',*,*,#5623,.F.);
#8060=ORIENTED_EDGE('',*,*,#5679,.T.);
#8061=ORIENTED_EDGE('',*,*,#5566,.T.);
#8062=ORIENTED_EDGE('',*,*,#5679,.F.);
#8063=ORIENTED_EDGE('',*,*,#5624,.F.);
#8064=ORIENTED_EDGE('',*,*,#5680,.T.);
#8065=ORIENTED_EDGE('',*,*,#5567,.T.);
#8066=ORIENTED_EDGE('',*,*,#5680,.F.);
#8067=ORIENTED_EDGE('',*,*,#5625,.F.);
#8068=ORIENTED_EDGE('',*,*,#5681,.T.);
#8069=ORIENTED_EDGE('',*,*,#5568,.T.);
#8070=ORIENTED_EDGE('',*,*,#5681,.F.);
#8071=ORIENTED_EDGE('',*,*,#5626,.F.);
#8072=ORIENTED_EDGE('',*,*,#5682,.T.);
#8073=ORIENTED_EDGE('',*,*,#5569,.T.);
#8074=ORIENTED_EDGE('',*,*,#5682,.F.);
#8075=ORIENTED_EDGE('',*,*,#5627,.F.);
#8076=ORIENTED_EDGE('',*,*,#5683,.T.);
#8077=ORIENTED_EDGE('',*,*,#5570,.T.);
#8078=ORIENTED_EDGE('',*,*,#5683,.F.);
#8079=ORIENTED_EDGE('',*,*,#5628,.F.);
#8080=ORIENTED_EDGE('',*,*,#5684,.T.);
#8081=ORIENTED_EDGE('',*,*,#5571,.T.);
#8082=ORIENTED_EDGE('',*,*,#5684,.F.);
#8083=ORIENTED_EDGE('',*,*,#5629,.F.);
#8084=ORIENTED_EDGE('',*,*,#5685,.T.);
#8085=ORIENTED_EDGE('',*,*,#5572,.T.);
#8086=ORIENTED_EDGE('',*,*,#5685,.F.);
#8087=ORIENTED_EDGE('',*,*,#5630,.F.);
#8088=ORIENTED_EDGE('',*,*,#5686,.T.);
#8089=ORIENTED_EDGE('',*,*,#5573,.T.);
#8090=ORIENTED_EDGE('',*,*,#5686,.F.);
#8091=ORIENTED_EDGE('',*,*,#5574,.T.);
#8092=ORIENTED_EDGE('',*,*,#5687,.T.);
#8093=ORIENTED_EDGE('',*,*,#5631,.F.);
#8094=ORIENTED_EDGE('',*,*,#5688,.F.);
#8095=ORIENTED_EDGE('',*,*,#5575,.T.);
#8096=ORIENTED_EDGE('',*,*,#5688,.T.);
#8097=ORIENTED_EDGE('',*,*,#5634,.F.);
#8098=ORIENTED_EDGE('',*,*,#5689,.F.);
#8099=ORIENTED_EDGE('',*,*,#5576,.T.);
#8100=ORIENTED_EDGE('',*,*,#5689,.T.);
#8101=ORIENTED_EDGE('',*,*,#5633,.F.);
#8102=ORIENTED_EDGE('',*,*,#5690,.F.);
#8103=ORIENTED_EDGE('',*,*,#5577,.T.);
#8104=ORIENTED_EDGE('',*,*,#5690,.T.);
#8105=ORIENTED_EDGE('',*,*,#5632,.F.);
#8106=ORIENTED_EDGE('',*,*,#5687,.F.);
#8107=ORIENTED_EDGE('',*,*,#5635,.F.);
#8108=ORIENTED_EDGE('',*,*,#5691,.T.);
#8109=ORIENTED_EDGE('',*,*,#5578,.T.);
#8110=ORIENTED_EDGE('',*,*,#5691,.F.);
#8111=ORIENTED_EDGE('',*,*,#5636,.F.);
#8112=ORIENTED_EDGE('',*,*,#5692,.T.);
#8113=ORIENTED_EDGE('',*,*,#5579,.T.);
#8114=ORIENTED_EDGE('',*,*,#5692,.F.);
#8115=ORIENTED_EDGE('',*,*,#5637,.F.);
#8116=ORIENTED_EDGE('',*,*,#5693,.T.);
#8117=ORIENTED_EDGE('',*,*,#5580,.T.);
#8118=ORIENTED_EDGE('',*,*,#5693,.F.);
#8119=ORIENTED_EDGE('',*,*,#5638,.F.);
#8120=ORIENTED_EDGE('',*,*,#5694,.T.);
#8121=ORIENTED_EDGE('',*,*,#5581,.T.);
#8122=ORIENTED_EDGE('',*,*,#5694,.F.);
#8123=ORIENTED_EDGE('',*,*,#5639,.F.);
#8124=ORIENTED_EDGE('',*,*,#5695,.T.);
#8125=ORIENTED_EDGE('',*,*,#5582,.T.);
#8126=ORIENTED_EDGE('',*,*,#5695,.F.);
#8127=ORIENTED_EDGE('',*,*,#5640,.F.);
#8128=ORIENTED_EDGE('',*,*,#5696,.T.);
#8129=ORIENTED_EDGE('',*,*,#5583,.T.);
#8130=ORIENTED_EDGE('',*,*,#5696,.F.);
#8131=ORIENTED_EDGE('',*,*,#5641,.F.);
#8132=ORIENTED_EDGE('',*,*,#5697,.T.);
#8133=ORIENTED_EDGE('',*,*,#5584,.T.);
#8134=ORIENTED_EDGE('',*,*,#5697,.F.);
#8135=ORIENTED_EDGE('',*,*,#5642,.F.);
#8136=ORIENTED_EDGE('',*,*,#5698,.T.);
#8137=ORIENTED_EDGE('',*,*,#5585,.T.);
#8138=ORIENTED_EDGE('',*,*,#5698,.F.);
#8139=ORIENTED_EDGE('',*,*,#5643,.F.);
#8140=ORIENTED_EDGE('',*,*,#5699,.T.);
#8141=ORIENTED_EDGE('',*,*,#5586,.T.);
#8142=ORIENTED_EDGE('',*,*,#5699,.F.);
#8143=ORIENTED_EDGE('',*,*,#5644,.F.);
#8144=ORIENTED_EDGE('',*,*,#5700,.T.);
#8145=ORIENTED_EDGE('',*,*,#5587,.T.);
#8146=ORIENTED_EDGE('',*,*,#5700,.F.);
#8147=ORIENTED_EDGE('',*,*,#5645,.F.);
#8148=ORIENTED_EDGE('',*,*,#5701,.T.);
#8149=ORIENTED_EDGE('',*,*,#5588,.T.);
#8150=ORIENTED_EDGE('',*,*,#5701,.F.);
#8151=ORIENTED_EDGE('',*,*,#5589,.T.);
#8152=ORIENTED_EDGE('',*,*,#5702,.T.);
#8153=ORIENTED_EDGE('',*,*,#5646,.F.);
#8154=ORIENTED_EDGE('',*,*,#5703,.F.);
#8155=ORIENTED_EDGE('',*,*,#5590,.T.);
#8156=ORIENTED_EDGE('',*,*,#5703,.T.);
#8157=ORIENTED_EDGE('',*,*,#5649,.F.);
#8158=ORIENTED_EDGE('',*,*,#5704,.F.);
#8159=ORIENTED_EDGE('',*,*,#5591,.T.);
#8160=ORIENTED_EDGE('',*,*,#5704,.T.);
#8161=ORIENTED_EDGE('',*,*,#5648,.F.);
#8162=ORIENTED_EDGE('',*,*,#5705,.F.);
#8163=ORIENTED_EDGE('',*,*,#5592,.T.);
#8164=ORIENTED_EDGE('',*,*,#5705,.T.);
#8165=ORIENTED_EDGE('',*,*,#5647,.F.);
#8166=ORIENTED_EDGE('',*,*,#5702,.F.);
#8167=ORIENTED_EDGE('',*,*,#5650,.F.);
#8168=ORIENTED_EDGE('',*,*,#5706,.T.);
#8169=ORIENTED_EDGE('',*,*,#5593,.T.);
#8170=ORIENTED_EDGE('',*,*,#5706,.F.);
#8171=ORIENTED_EDGE('',*,*,#5651,.F.);
#8172=ORIENTED_EDGE('',*,*,#5707,.T.);
#8173=ORIENTED_EDGE('',*,*,#5594,.T.);
#8174=ORIENTED_EDGE('',*,*,#5707,.F.);
#8175=ORIENTED_EDGE('',*,*,#5652,.F.);
#8176=ORIENTED_EDGE('',*,*,#5708,.T.);
#8177=ORIENTED_EDGE('',*,*,#5595,.T.);
#8178=ORIENTED_EDGE('',*,*,#5708,.F.);
#8179=ORIENTED_EDGE('',*,*,#5653,.F.);
#8180=ORIENTED_EDGE('',*,*,#5709,.T.);
#8181=ORIENTED_EDGE('',*,*,#5596,.T.);
#8182=ORIENTED_EDGE('',*,*,#5709,.F.);
#8183=ORIENTED_EDGE('',*,*,#5710,.F.);
#8184=ORIENTED_EDGE('',*,*,#5711,.T.);
#8185=ORIENTED_EDGE('',*,*,#5712,.F.);
#8186=ORIENTED_EDGE('',*,*,#5711,.F.);
#8187=ORIENTED_EDGE('',*,*,#5713,.T.);
#8188=ORIENTED_EDGE('',*,*,#5714,.T.);
#8189=ORIENTED_EDGE('',*,*,#5715,.T.);
#8190=ORIENTED_EDGE('',*,*,#5716,.T.);
#8191=ORIENTED_EDGE('',*,*,#5716,.F.);
#8192=ORIENTED_EDGE('',*,*,#5717,.T.);
#8193=ORIENTED_EDGE('',*,*,#5718,.F.);
#8194=ORIENTED_EDGE('',*,*,#5719,.F.);
#8195=ORIENTED_EDGE('',*,*,#5715,.F.);
#8196=ORIENTED_EDGE('',*,*,#5720,.F.);
#8197=ORIENTED_EDGE('',*,*,#5721,.F.);
#8198=ORIENTED_EDGE('',*,*,#5722,.F.);
#8199=ORIENTED_EDGE('',*,*,#5723,.F.);
#8200=ORIENTED_EDGE('',*,*,#5724,.F.);
#8201=ORIENTED_EDGE('',*,*,#5725,.T.);
#8202=ORIENTED_EDGE('',*,*,#5726,.T.);
#8203=ORIENTED_EDGE('',*,*,#5727,.T.);
#8204=ORIENTED_EDGE('',*,*,#5728,.F.);
#8205=ORIENTED_EDGE('',*,*,#5729,.F.);
#8206=ORIENTED_EDGE('',*,*,#5717,.F.);
#8207=ORIENTED_EDGE('',*,*,#5710,.T.);
#8208=ORIENTED_EDGE('',*,*,#5730,.T.);
#8209=ORIENTED_EDGE('',*,*,#5731,.T.);
#8210=ORIENTED_EDGE('',*,*,#5732,.T.);
#8211=ORIENTED_EDGE('',*,*,#5733,.T.);
#8212=ORIENTED_EDGE('',*,*,#5734,.T.);
#8213=ORIENTED_EDGE('',*,*,#5735,.T.);
#8214=ORIENTED_EDGE('',*,*,#5736,.T.);
#8215=ORIENTED_EDGE('',*,*,#5737,.T.);
#8216=ORIENTED_EDGE('',*,*,#5738,.T.);
#8217=ORIENTED_EDGE('',*,*,#5739,.T.);
#8218=ORIENTED_EDGE('',*,*,#5740,.T.);
#8219=ORIENTED_EDGE('',*,*,#5741,.T.);
#8220=ORIENTED_EDGE('',*,*,#5742,.T.);
#8221=ORIENTED_EDGE('',*,*,#5743,.T.);
#8222=ORIENTED_EDGE('',*,*,#5744,.T.);
#8223=ORIENTED_EDGE('',*,*,#5745,.T.);
#8224=ORIENTED_EDGE('',*,*,#5746,.T.);
#8225=ORIENTED_EDGE('',*,*,#5747,.T.);
#8226=ORIENTED_EDGE('',*,*,#5748,.T.);
#8227=ORIENTED_EDGE('',*,*,#5749,.T.);
#8228=ORIENTED_EDGE('',*,*,#5750,.T.);
#8229=ORIENTED_EDGE('',*,*,#5751,.T.);
#8230=ORIENTED_EDGE('',*,*,#5752,.T.);
#8231=ORIENTED_EDGE('',*,*,#5753,.T.);
#8232=ORIENTED_EDGE('',*,*,#5754,.T.);
#8233=ORIENTED_EDGE('',*,*,#5755,.T.);
#8234=ORIENTED_EDGE('',*,*,#5756,.T.);
#8235=ORIENTED_EDGE('',*,*,#5757,.T.);
#8236=ORIENTED_EDGE('',*,*,#5758,.F.);
#8237=ORIENTED_EDGE('',*,*,#5759,.F.);
#8238=ORIENTED_EDGE('',*,*,#5760,.F.);
#8239=ORIENTED_EDGE('',*,*,#5761,.F.);
#8240=ORIENTED_EDGE('',*,*,#5762,.T.);
#8241=ORIENTED_EDGE('',*,*,#5763,.T.);
#8242=ORIENTED_EDGE('',*,*,#5721,.T.);
#8243=ORIENTED_EDGE('',*,*,#5764,.T.);
#8244=ORIENTED_EDGE('',*,*,#5763,.F.);
#8245=ORIENTED_EDGE('',*,*,#5765,.F.);
#8246=ORIENTED_EDGE('',*,*,#5766,.F.);
#8247=ORIENTED_EDGE('',*,*,#5722,.T.);
#8248=ORIENTED_EDGE('',*,*,#5767,.T.);
#8249=ORIENTED_EDGE('',*,*,#5768,.T.);
#8250=ORIENTED_EDGE('',*,*,#5723,.T.);
#8251=ORIENTED_EDGE('',*,*,#5766,.T.);
#8252=ORIENTED_EDGE('',*,*,#5769,.T.);
#8253=ORIENTED_EDGE('',*,*,#5718,.T.);
#8254=ORIENTED_EDGE('',*,*,#5729,.T.);
#8255=ORIENTED_EDGE('',*,*,#5770,.T.);
#8256=ORIENTED_EDGE('',*,*,#5770,.F.);
#8257=ORIENTED_EDGE('',*,*,#5728,.T.);
#8258=ORIENTED_EDGE('',*,*,#5771,.T.);
#8259=ORIENTED_EDGE('',*,*,#5772,.F.);
#8260=ORIENTED_EDGE('',*,*,#5773,.F.);
#8261=ORIENTED_EDGE('',*,*,#5774,.F.);
#8262=ORIENTED_EDGE('',*,*,#5732,.F.);
#8263=ORIENTED_EDGE('',*,*,#5775,.T.);
#8264=ORIENTED_EDGE('',*,*,#5776,.F.);
#8265=ORIENTED_EDGE('',*,*,#5775,.F.);
#8266=ORIENTED_EDGE('',*,*,#5731,.F.);
#8267=ORIENTED_EDGE('',*,*,#5777,.T.);
#8268=ORIENTED_EDGE('',*,*,#5778,.F.);
#8269=ORIENTED_EDGE('',*,*,#5777,.F.);
#8270=ORIENTED_EDGE('',*,*,#5730,.F.);
#8271=ORIENTED_EDGE('',*,*,#5779,.T.);
#8272=ORIENTED_EDGE('',*,*,#5780,.F.);
#8273=ORIENTED_EDGE('',*,*,#5779,.F.);
#8274=ORIENTED_EDGE('',*,*,#5733,.F.);
#8275=ORIENTED_EDGE('',*,*,#5774,.T.);
#8276=ORIENTED_EDGE('',*,*,#5781,.F.);
#8277=ORIENTED_EDGE('',*,*,#5782,.F.);
#8278=ORIENTED_EDGE('',*,*,#5736,.F.);
#8279=ORIENTED_EDGE('',*,*,#5783,.T.);
#8280=ORIENTED_EDGE('',*,*,#5784,.F.);
#8281=ORIENTED_EDGE('',*,*,#5783,.F.);
#8282=ORIENTED_EDGE('',*,*,#5735,.F.);
#8283=ORIENTED_EDGE('',*,*,#5785,.T.);
#8284=ORIENTED_EDGE('',*,*,#5786,.F.);
#8285=ORIENTED_EDGE('',*,*,#5785,.F.);
#8286=ORIENTED_EDGE('',*,*,#5734,.F.);
#8287=ORIENTED_EDGE('',*,*,#5787,.T.);
#8288=ORIENTED_EDGE('',*,*,#5788,.F.);
#8289=ORIENTED_EDGE('',*,*,#5787,.F.);
#8290=ORIENTED_EDGE('',*,*,#5737,.F.);
#8291=ORIENTED_EDGE('',*,*,#5782,.T.);
#8292=ORIENTED_EDGE('',*,*,#5789,.F.);
#8293=ORIENTED_EDGE('',*,*,#5790,.F.);
#8294=ORIENTED_EDGE('',*,*,#5740,.F.);
#8295=ORIENTED_EDGE('',*,*,#5791,.T.);
#8296=ORIENTED_EDGE('',*,*,#5792,.F.);
#8297=ORIENTED_EDGE('',*,*,#5791,.F.);
#8298=ORIENTED_EDGE('',*,*,#5739,.F.);
#8299=ORIENTED_EDGE('',*,*,#5793,.T.);
#8300=ORIENTED_EDGE('',*,*,#5794,.F.);
#8301=ORIENTED_EDGE('',*,*,#5793,.F.);
#8302=ORIENTED_EDGE('',*,*,#5738,.F.);
#8303=ORIENTED_EDGE('',*,*,#5795,.T.);
#8304=ORIENTED_EDGE('',*,*,#5796,.F.);
#8305=ORIENTED_EDGE('',*,*,#5795,.F.);
#8306=ORIENTED_EDGE('',*,*,#5741,.F.);
#8307=ORIENTED_EDGE('',*,*,#5790,.T.);
#8308=ORIENTED_EDGE('',*,*,#5797,.F.);
#8309=ORIENTED_EDGE('',*,*,#5798,.F.);
#8310=ORIENTED_EDGE('',*,*,#5744,.F.);
#8311=ORIENTED_EDGE('',*,*,#5799,.T.);
#8312=ORIENTED_EDGE('',*,*,#5800,.F.);
#8313=ORIENTED_EDGE('',*,*,#5799,.F.);
#8314=ORIENTED_EDGE('',*,*,#5743,.F.);
#8315=ORIENTED_EDGE('',*,*,#5801,.T.);
#8316=ORIENTED_EDGE('',*,*,#5802,.F.);
#8317=ORIENTED_EDGE('',*,*,#5801,.F.);
#8318=ORIENTED_EDGE('',*,*,#5742,.F.);
#8319=ORIENTED_EDGE('',*,*,#5803,.T.);
#8320=ORIENTED_EDGE('',*,*,#5804,.F.);
#8321=ORIENTED_EDGE('',*,*,#5803,.F.);
#8322=ORIENTED_EDGE('',*,*,#5745,.F.);
#8323=ORIENTED_EDGE('',*,*,#5798,.T.);
#8324=ORIENTED_EDGE('',*,*,#5805,.F.);
#8325=ORIENTED_EDGE('',*,*,#5806,.F.);
#8326=ORIENTED_EDGE('',*,*,#5748,.F.);
#8327=ORIENTED_EDGE('',*,*,#5807,.T.);
#8328=ORIENTED_EDGE('',*,*,#5808,.F.);
#8329=ORIENTED_EDGE('',*,*,#5807,.F.);
#8330=ORIENTED_EDGE('',*,*,#5747,.F.);
#8331=ORIENTED_EDGE('',*,*,#5809,.T.);
#8332=ORIENTED_EDGE('',*,*,#5810,.F.);
#8333=ORIENTED_EDGE('',*,*,#5809,.F.);
#8334=ORIENTED_EDGE('',*,*,#5746,.F.);
#8335=ORIENTED_EDGE('',*,*,#5811,.T.);
#8336=ORIENTED_EDGE('',*,*,#5812,.F.);
#8337=ORIENTED_EDGE('',*,*,#5811,.F.);
#8338=ORIENTED_EDGE('',*,*,#5749,.F.);
#8339=ORIENTED_EDGE('',*,*,#5806,.T.);
#8340=ORIENTED_EDGE('',*,*,#5813,.F.);
#8341=ORIENTED_EDGE('',*,*,#5814,.F.);
#8342=ORIENTED_EDGE('',*,*,#5752,.F.);
#8343=ORIENTED_EDGE('',*,*,#5815,.T.);
#8344=ORIENTED_EDGE('',*,*,#5816,.F.);
#8345=ORIENTED_EDGE('',*,*,#5815,.F.);
#8346=ORIENTED_EDGE('',*,*,#5751,.F.);
#8347=ORIENTED_EDGE('',*,*,#5817,.T.);
#8348=ORIENTED_EDGE('',*,*,#5818,.F.);
#8349=ORIENTED_EDGE('',*,*,#5817,.F.);
#8350=ORIENTED_EDGE('',*,*,#5750,.F.);
#8351=ORIENTED_EDGE('',*,*,#5819,.T.);
#8352=ORIENTED_EDGE('',*,*,#5820,.F.);
#8353=ORIENTED_EDGE('',*,*,#5819,.F.);
#8354=ORIENTED_EDGE('',*,*,#5753,.F.);
#8355=ORIENTED_EDGE('',*,*,#5814,.T.);
#8356=ORIENTED_EDGE('',*,*,#5821,.F.);
#8357=ORIENTED_EDGE('',*,*,#5822,.F.);
#8358=ORIENTED_EDGE('',*,*,#5756,.F.);
#8359=ORIENTED_EDGE('',*,*,#5823,.T.);
#8360=ORIENTED_EDGE('',*,*,#5824,.F.);
#8361=ORIENTED_EDGE('',*,*,#5823,.F.);
#8362=ORIENTED_EDGE('',*,*,#5755,.F.);
#8363=ORIENTED_EDGE('',*,*,#5825,.T.);
#8364=ORIENTED_EDGE('',*,*,#5826,.F.);
#8365=ORIENTED_EDGE('',*,*,#5825,.F.);
#8366=ORIENTED_EDGE('',*,*,#5754,.F.);
#8367=ORIENTED_EDGE('',*,*,#5827,.T.);
#8368=ORIENTED_EDGE('',*,*,#5828,.F.);
#8369=ORIENTED_EDGE('',*,*,#5827,.F.);
#8370=ORIENTED_EDGE('',*,*,#5757,.F.);
#8371=ORIENTED_EDGE('',*,*,#5822,.T.);
#8372=ORIENTED_EDGE('',*,*,#5829,.F.);
#8373=ORIENTED_EDGE('',*,*,#5830,.F.);
#8374=ORIENTED_EDGE('',*,*,#5725,.F.);
#8375=ORIENTED_EDGE('',*,*,#5831,.F.);
#8376=ORIENTED_EDGE('',*,*,#5832,.F.);
#8377=ORIENTED_EDGE('',*,*,#5771,.F.);
#8378=ORIENTED_EDGE('',*,*,#5727,.F.);
#8379=ORIENTED_EDGE('',*,*,#5833,.T.);
#8380=ORIENTED_EDGE('',*,*,#5834,.F.);
#8381=ORIENTED_EDGE('',*,*,#5833,.F.);
#8382=ORIENTED_EDGE('',*,*,#5726,.F.);
#8383=ORIENTED_EDGE('',*,*,#5830,.T.);
#8384=ORIENTED_EDGE('',*,*,#5768,.F.);
#8385=ORIENTED_EDGE('',*,*,#5835,.F.);
#8386=ORIENTED_EDGE('',*,*,#5831,.T.);
#8387=ORIENTED_EDGE('',*,*,#5724,.T.);
#8388=ORIENTED_EDGE('',*,*,#5836,.F.);
#8389=ORIENTED_EDGE('',*,*,#5837,.T.);
#8390=ORIENTED_EDGE('',*,*,#5758,.T.);
#8391=ORIENTED_EDGE('',*,*,#5837,.F.);
#8392=ORIENTED_EDGE('',*,*,#5838,.F.);
#8393=ORIENTED_EDGE('',*,*,#5839,.T.);
#8394=ORIENTED_EDGE('',*,*,#5759,.T.);
#8395=ORIENTED_EDGE('',*,*,#5839,.F.);
#8396=ORIENTED_EDGE('',*,*,#5840,.F.);
#8397=ORIENTED_EDGE('',*,*,#5841,.T.);
#8398=ORIENTED_EDGE('',*,*,#5760,.T.);
#8399=ORIENTED_EDGE('',*,*,#5841,.F.);
#8400=ORIENTED_EDGE('',*,*,#5842,.F.);
#8401=ORIENTED_EDGE('',*,*,#5843,.T.);
#8402=ORIENTED_EDGE('',*,*,#5761,.T.);
#8403=ORIENTED_EDGE('',*,*,#5843,.F.);
#8404=ORIENTED_EDGE('',*,*,#5714,.F.);
#8405=ORIENTED_EDGE('',*,*,#5844,.F.);
#8406=ORIENTED_EDGE('',*,*,#5764,.F.);
#8407=ORIENTED_EDGE('',*,*,#5720,.T.);
#8408=ORIENTED_EDGE('',*,*,#5713,.F.);
#8409=ORIENTED_EDGE('',*,*,#5719,.T.);
#8410=ORIENTED_EDGE('',*,*,#5769,.F.);
#8411=ORIENTED_EDGE('',*,*,#5772,.T.);
#8412=ORIENTED_EDGE('',*,*,#5832,.T.);
#8413=ORIENTED_EDGE('',*,*,#5834,.T.);
#8414=ORIENTED_EDGE('',*,*,#5829,.T.);
#8415=ORIENTED_EDGE('',*,*,#5835,.T.);
#8416=ORIENTED_EDGE('',*,*,#5767,.F.);
#8417=ORIENTED_EDGE('',*,*,#5765,.T.);
#8418=ORIENTED_EDGE('',*,*,#5762,.F.);
#8419=ORIENTED_EDGE('',*,*,#5844,.T.);
#8420=ORIENTED_EDGE('',*,*,#5712,.T.);
#8421=ORIENTED_EDGE('',*,*,#5778,.T.);
#8422=ORIENTED_EDGE('',*,*,#5780,.T.);
#8423=ORIENTED_EDGE('',*,*,#5773,.T.);
#8424=ORIENTED_EDGE('',*,*,#5776,.T.);
#8425=ORIENTED_EDGE('',*,*,#5786,.T.);
#8426=ORIENTED_EDGE('',*,*,#5788,.T.);
#8427=ORIENTED_EDGE('',*,*,#5781,.T.);
#8428=ORIENTED_EDGE('',*,*,#5784,.T.);
#8429=ORIENTED_EDGE('',*,*,#5794,.T.);
#8430=ORIENTED_EDGE('',*,*,#5796,.T.);
#8431=ORIENTED_EDGE('',*,*,#5789,.T.);
#8432=ORIENTED_EDGE('',*,*,#5792,.T.);
#8433=ORIENTED_EDGE('',*,*,#5802,.T.);
#8434=ORIENTED_EDGE('',*,*,#5804,.T.);
#8435=ORIENTED_EDGE('',*,*,#5797,.T.);
#8436=ORIENTED_EDGE('',*,*,#5800,.T.);
#8437=ORIENTED_EDGE('',*,*,#5810,.T.);
#8438=ORIENTED_EDGE('',*,*,#5812,.T.);
#8439=ORIENTED_EDGE('',*,*,#5805,.T.);
#8440=ORIENTED_EDGE('',*,*,#5808,.T.);
#8441=ORIENTED_EDGE('',*,*,#5818,.T.);
#8442=ORIENTED_EDGE('',*,*,#5820,.T.);
#8443=ORIENTED_EDGE('',*,*,#5813,.T.);
#8444=ORIENTED_EDGE('',*,*,#5816,.T.);
#8445=ORIENTED_EDGE('',*,*,#5826,.T.);
#8446=ORIENTED_EDGE('',*,*,#5828,.T.);
#8447=ORIENTED_EDGE('',*,*,#5821,.T.);
#8448=ORIENTED_EDGE('',*,*,#5824,.T.);
#8449=ORIENTED_EDGE('',*,*,#5842,.T.);
#8450=ORIENTED_EDGE('',*,*,#5840,.T.);
#8451=ORIENTED_EDGE('',*,*,#5838,.T.);
#8452=ORIENTED_EDGE('',*,*,#5836,.T.);
#8453=ORIENTED_EDGE('',*,*,#5845,.F.);
#8454=ORIENTED_EDGE('',*,*,#5846,.T.);
#8455=ORIENTED_EDGE('',*,*,#5847,.T.);
#8456=ORIENTED_EDGE('',*,*,#5848,.F.);
#8457=ORIENTED_EDGE('',*,*,#5849,.F.);
#8458=ORIENTED_EDGE('',*,*,#5848,.T.);
#8459=ORIENTED_EDGE('',*,*,#5850,.T.);
#8460=ORIENTED_EDGE('',*,*,#5846,.F.);
#8461=ORIENTED_EDGE('',*,*,#5847,.F.);
#8462=ORIENTED_EDGE('',*,*,#5850,.F.);
#8463=ORIENTED_EDGE('',*,*,#5851,.F.);
#8464=ORIENTED_EDGE('',*,*,#5852,.T.);
#8465=ORIENTED_EDGE('',*,*,#5853,.T.);
#8466=ORIENTED_EDGE('',*,*,#5852,.F.);
#8467=ORIENTED_EDGE('',*,*,#5853,.F.);
#8468=ORIENTED_EDGE('',*,*,#5849,.T.);
#8469=ORIENTED_EDGE('',*,*,#5845,.T.);
#8470=ORIENTED_EDGE('',*,*,#5854,.F.);
#8471=ORIENTED_EDGE('',*,*,#5855,.T.);
#8472=ORIENTED_EDGE('',*,*,#5856,.T.);
#8473=ORIENTED_EDGE('',*,*,#5855,.F.);
#8474=ORIENTED_EDGE('',*,*,#5854,.T.);
#8475=ORIENTED_EDGE('',*,*,#5851,.T.);
#8476=ORIENTED_EDGE('',*,*,#5856,.F.);
#8477=PLANE('',#9194);
#8478=PLANE('',#9195);
#8479=PLANE('',#9196);
#8480=PLANE('',#9197);
#8481=PLANE('',#9198);
#8482=PLANE('',#9199);
#8483=PLANE('',#9200);
#8484=PLANE('',#9201);
#8485=PLANE('',#9202);
#8486=PLANE('',#9203);
#8487=PLANE('',#9204);
#8488=PLANE('',#9205);
#8489=PLANE('',#9206);
#8490=PLANE('',#9207);
#8491=PLANE('',#9208);
#8492=PLANE('',#9209);
#8493=PLANE('',#9210);
#8494=PLANE('',#9211);
#8495=PLANE('',#9212);
#8496=PLANE('',#9213);
#8497=PLANE('',#9214);
#8498=PLANE('',#9215);
#8499=PLANE('',#9216);
#8500=PLANE('',#9217);
#8501=PLANE('',#9218);
#8502=PLANE('',#9219);
#8503=PLANE('',#9220);
#8504=PLANE('',#9221);
#8505=PLANE('',#9222);
#8506=PLANE('',#9223);
#8507=PLANE('',#9224);
#8508=PLANE('',#9225);
#8509=PLANE('',#9226);
#8510=PLANE('',#9227);
#8511=PLANE('',#9228);
#8512=PLANE('',#9229);
#8513=PLANE('',#9230);
#8514=PLANE('',#9231);
#8515=PLANE('',#9232);
#8516=PLANE('',#9233);
#8517=PLANE('',#9234);
#8518=PLANE('',#9235);
#8519=PLANE('',#9236);
#8520=PLANE('',#9237);
#8521=PLANE('',#9238);
#8522=PLANE('',#9239);
#8523=PLANE('',#9240);
#8524=PLANE('',#9241);
#8525=PLANE('',#9242);
#8526=PLANE('',#9243);
#8527=PLANE('',#9244);
#8528=PLANE('',#9245);
#8529=PLANE('',#9246);
#8530=PLANE('',#9247);
#8531=PLANE('',#9248);
#8532=PLANE('',#9249);
#8533=PLANE('',#9250);
#8534=PLANE('',#9251);
#8535=PLANE('',#9252);
#8536=PLANE('',#9253);
#8537=PLANE('',#9254);
#8538=PLANE('',#9255);
#8539=PLANE('',#9256);
#8540=PLANE('',#9257);
#8541=PLANE('',#9258);
#8542=PLANE('',#9259);
#8543=PLANE('',#9260);
#8544=PLANE('',#9261);
#8545=PLANE('',#9262);
#8546=PLANE('',#9263);
#8547=PLANE('',#9264);
#8548=PLANE('',#9265);
#8549=PLANE('',#9266);
#8550=PLANE('',#9267);
#8551=PLANE('',#9268);
#8552=PLANE('',#9269);
#8553=PLANE('',#9270);
#8554=PLANE('',#9271);
#8555=PLANE('',#9272);
#8556=PLANE('',#9273);
#8557=PLANE('',#9274);
#8558=PLANE('',#9275);
#8559=PLANE('',#9276);
#8560=PLANE('',#9277);
#8561=PLANE('',#9278);
#8562=PLANE('',#9279);
#8563=PLANE('',#9280);
#8564=PLANE('',#9281);
#8565=PLANE('',#9282);
#8566=PLANE('',#9283);
#8567=PLANE('',#9284);
#8568=PLANE('',#9285);
#8569=PLANE('',#9286);
#8570=PLANE('',#9287);
#8571=PLANE('',#9288);
#8572=PLANE('',#9289);
#8573=PLANE('',#9290);
#8574=PLANE('',#9291);
#8575=PLANE('',#9292);
#8576=PLANE('',#9293);
#8577=PLANE('',#9294);
#8578=PLANE('',#9303);
#8579=PLANE('',#9304);
#8580=PLANE('',#9305);
#8581=PLANE('',#9306);
#8582=PLANE('',#9307);
#8583=PLANE('',#9308);
#8584=PLANE('',#9309);
#8585=PLANE('',#9310);
#8586=PLANE('',#9311);
#8587=PLANE('',#9315);
#8588=PLANE('',#9319);
#8589=PLANE('',#9330);
#8590=PLANE('',#9331);
#8591=PLANE('',#9332);
#8592=PLANE('',#9333);
#8593=PLANE('',#9334);
#8594=PLANE('',#9335);
#8595=PLANE('',#9336);
#8596=PLANE('',#9344);
#8597=PLANE('',#9345);
#8598=PLANE('',#9348);
#8599=PLANE('',#9351);
#8600=PLANE('',#9354);
#8601=PLANE('',#9362);
#8602=PLANE('',#9363);
#8603=PLANE('',#9370);
#8604=PLANE('',#9371);
#8605=PLANE('',#9372);
#8606=PLANE('',#9379);
#8607=PLANE('',#9383);
#8608=PLANE('',#9384);
#8609=PLANE('',#9385);
#8610=PLANE('',#9386);
#8611=PLANE('',#9439);
#8612=PLANE('',#9492);
#8613=PLANE('',#9527);
#8614=PLANE('',#9529);
#8615=PLANE('',#9542);
#8616=PLANE('',#9544);
#8617=PLANE('',#9557);
#8618=PLANE('',#9558);
#8619=PLANE('',#9568);
#8620=PLANE('',#9573);
#8621=PLANE('',#9574);
#8622=PLANE('',#9575);
#8623=PLANE('',#9576);
#8624=PLANE('',#9577);
#8625=PLANE('',#9578);
#8626=PLANE('',#9579);
#8627=PLANE('',#9580);
#8628=PLANE('',#9581);
#8629=PLANE('',#9582);
#8630=PLANE('',#9583);
#8631=PLANE('',#9584);
#8632=PLANE('',#9585);
#8633=PLANE('',#9586);
#8634=PLANE('',#9587);
#8635=PLANE('',#9588);
#8636=PLANE('',#9589);
#8637=PLANE('',#9590);
#8638=PLANE('',#9591);
#8639=PLANE('',#9592);
#8640=PLANE('',#9593);
#8641=PLANE('',#9594);
#8642=PLANE('',#9595);
#8643=PLANE('',#9596);
#8644=PLANE('',#9597);
#8645=PLANE('',#9598);
#8646=PLANE('',#9599);
#8647=PLANE('',#9600);
#8648=PLANE('',#9601);
#8649=PLANE('',#9602);
#8650=PLANE('',#9603);
#8651=PLANE('',#9604);
#8652=PLANE('',#9605);
#8653=PLANE('',#9614);
#8654=PLANE('',#9615);
#8655=PLANE('',#9620);
#8656=PLANE('',#9621);
#8657=PLANE('',#9625);
#8658=PLANE('',#9629);
#8659=PLANE('',#9630);
#8660=ADVANCED_FACE('',(#1112),#8477,.F.);
#8661=ADVANCED_FACE('',(#1113),#8478,.F.);
#8662=ADVANCED_FACE('',(#1114),#899,.F.);
#8663=ADVANCED_FACE('',(#1115),#900,.F.);
#8664=ADVANCED_FACE('',(#1116),#901,.F.);
#8665=ADVANCED_FACE('',(#1117),#902,.F.);
#8666=ADVANCED_FACE('',(#1118),#8479,.F.);
#8667=ADVANCED_FACE('',(#1119),#8480,.F.);
#8668=ADVANCED_FACE('',(#1120),#8481,.F.);
#8669=ADVANCED_FACE('',(#1121),#903,.F.);
#8670=ADVANCED_FACE('',(#1122),#904,.F.);
#8671=ADVANCED_FACE('',(#1123),#905,.F.);
#8672=ADVANCED_FACE('',(#1124),#906,.F.);
#8673=ADVANCED_FACE('',(#1125),#8482,.F.);
#8674=ADVANCED_FACE('',(#1126),#8483,.F.);
#8675=ADVANCED_FACE('',(#1127),#8484,.F.);
#8676=ADVANCED_FACE('',(#1128),#8485,.T.);
#8677=ADVANCED_FACE('',(#1129),#8486,.F.);
#8678=ADVANCED_FACE('',(#1130),#8487,.F.);
#8679=ADVANCED_FACE('',(#1131),#907,.F.);
#8680=ADVANCED_FACE('',(#1132),#908,.F.);
#8681=ADVANCED_FACE('',(#1133),#909,.F.);
#8682=ADVANCED_FACE('',(#1134),#8488,.F.);
#8683=ADVANCED_FACE('',(#1135),#910,.F.);
#8684=ADVANCED_FACE('',(#1136),#911,.F.);
#8685=ADVANCED_FACE('',(#1137),#912,.F.);
#8686=ADVANCED_FACE('',(#1138),#8489,.F.);
#8687=ADVANCED_FACE('',(#1139),#8490,.F.);
#8688=ADVANCED_FACE('',(#1140),#8491,.F.);
#8689=ADVANCED_FACE('',(#1141),#8492,.T.);
#8690=ADVANCED_FACE('',(#1142),#8493,.F.);
#8691=ADVANCED_FACE('',(#1143),#8494,.F.);
#8692=ADVANCED_FACE('',(#1144),#8495,.F.);
#8693=ADVANCED_FACE('',(#1145),#8496,.F.);
#8694=ADVANCED_FACE('',(#1146),#8497,.F.);
#8695=ADVANCED_FACE('',(#1147),#913,.F.);
#8696=ADVANCED_FACE('',(#1148),#914,.F.);
#8697=ADVANCED_FACE('',(#1149),#915,.F.);
#8698=ADVANCED_FACE('',(#1150),#8498,.F.);
#8699=ADVANCED_FACE('',(#1151),#916,.F.);
#8700=ADVANCED_FACE('',(#1152),#917,.F.);
#8701=ADVANCED_FACE('',(#1153),#918,.F.);
#8702=ADVANCED_FACE('',(#1154),#919,.F.);
#8703=ADVANCED_FACE('',(#1155),#920,.F.);
#8704=ADVANCED_FACE('',(#1156),#8499,.F.);
#8705=ADVANCED_FACE('',(#1157),#8500,.F.);
#8706=ADVANCED_FACE('',(#1158),#8501,.F.);
#8707=ADVANCED_FACE('',(#1159),#8502,.F.);
#8708=ADVANCED_FACE('',(#1160),#8503,.F.);
#8709=ADVANCED_FACE('',(#1161),#8504,.F.);
#8710=ADVANCED_FACE('',(#1162),#8505,.F.);
#8711=ADVANCED_FACE('',(#1163),#8506,.F.);
#8712=ADVANCED_FACE('',(#1164),#8507,.F.);
#8713=ADVANCED_FACE('',(#1165),#8508,.F.);
#8714=ADVANCED_FACE('',(#1166),#921,.F.);
#8715=ADVANCED_FACE('',(#1167),#8509,.T.);
#8716=ADVANCED_FACE('',(#1168),#8510,.F.);
#8717=ADVANCED_FACE('',(#1169),#8511,.F.);
#8718=ADVANCED_FACE('',(#1170),#8512,.F.);
#8719=ADVANCED_FACE('',(#1171),#8513,.F.);
#8720=ADVANCED_FACE('',(#1172),#8514,.F.);
#8721=ADVANCED_FACE('',(#1173),#8515,.F.);
#8722=ADVANCED_FACE('',(#1174),#8516,.F.);
#8723=ADVANCED_FACE('',(#1175),#8517,.F.);
#8724=ADVANCED_FACE('',(#1176),#8518,.F.);
#8725=ADVANCED_FACE('',(#1177),#8519,.F.);
#8726=ADVANCED_FACE('',(#1178),#8520,.F.);
#8727=ADVANCED_FACE('',(#1179),#8521,.F.);
#8728=ADVANCED_FACE('',(#1180),#8522,.F.);
#8729=ADVANCED_FACE('',(#1181),#8523,.F.);
#8730=ADVANCED_FACE('',(#1182),#922,.F.);
#8731=ADVANCED_FACE('',(#1183),#923,.F.);
#8732=ADVANCED_FACE('',(#1184),#924,.F.);
#8733=ADVANCED_FACE('',(#1185),#925,.F.);
#8734=ADVANCED_FACE('',(#1186),#926,.F.);
#8735=ADVANCED_FACE('',(#1187),#927,.F.);
#8736=ADVANCED_FACE('',(#1188),#928,.F.);
#8737=ADVANCED_FACE('',(#1189),#8524,.F.);
#8738=ADVANCED_FACE('',(#1190),#929,.F.);
#8739=ADVANCED_FACE('',(#1191),#930,.F.);
#8740=ADVANCED_FACE('',(#1192),#931,.F.);
#8741=ADVANCED_FACE('',(#1193),#932,.F.);
#8742=ADVANCED_FACE('',(#1194),#933,.F.);
#8743=ADVANCED_FACE('',(#1195),#934,.F.);
#8744=ADVANCED_FACE('',(#1196),#935,.F.);
#8745=ADVANCED_FACE('',(#1197),#936,.F.);
#8746=ADVANCED_FACE('',(#1198),#937,.F.);
#8747=ADVANCED_FACE('',(#1199),#938,.F.);
#8748=ADVANCED_FACE('',(#1200),#939,.F.);
#8749=ADVANCED_FACE('',(#1201),#940,.F.);
#8750=ADVANCED_FACE('',(#1202),#941,.F.);
#8751=ADVANCED_FACE('',(#1203),#8525,.F.);
#8752=ADVANCED_FACE('',(#1204),#942,.F.);
#8753=ADVANCED_FACE('',(#1205),#8526,.T.);
#8754=ADVANCED_FACE('',(#1206),#943,.F.);
#8755=ADVANCED_FACE('',(#1207),#944,.F.);
#8756=ADVANCED_FACE('',(#1208),#945,.F.);
#8757=ADVANCED_FACE('',(#1209),#946,.F.);
#8758=ADVANCED_FACE('',(#1210),#947,.F.);
#8759=ADVANCED_FACE('',(#1211),#948,.F.);
#8760=ADVANCED_FACE('',(#1212),#949,.F.);
#8761=ADVANCED_FACE('',(#1213),#950,.F.);
#8762=ADVANCED_FACE('',(#1214),#951,.F.);
#8763=ADVANCED_FACE('',(#1215),#952,.F.);
#8764=ADVANCED_FACE('',(#1216),#953,.F.);
#8765=ADVANCED_FACE('',(#1217),#954,.F.);
#8766=ADVANCED_FACE('',(#1218),#955,.F.);
#8767=ADVANCED_FACE('',(#1219),#956,.F.);
#8768=ADVANCED_FACE('',(#1220),#957,.F.);
#8769=ADVANCED_FACE('',(#1221),#958,.F.);
#8770=ADVANCED_FACE('',(#1222,#307),#8527,.T.);
#8771=ADVANCED_FACE('',(#1223),#959,.F.);
#8772=ADVANCED_FACE('',(#1224),#960,.F.);
#8773=ADVANCED_FACE('',(#1225),#961,.F.);
#8774=ADVANCED_FACE('',(#1226),#962,.F.);
#8775=ADVANCED_FACE('',(#1227),#963,.F.);
#8776=ADVANCED_FACE('',(#1228),#964,.F.);
#8777=ADVANCED_FACE('',(#1229),#965,.F.);
#8778=ADVANCED_FACE('',(#1230),#966,.F.);
#8779=ADVANCED_FACE('',(#1231),#8528,.F.);
#8780=ADVANCED_FACE('',(#1232),#967,.F.);
#8781=ADVANCED_FACE('',(#1233),#968,.F.);
#8782=ADVANCED_FACE('',(#1234),#969,.F.);
#8783=ADVANCED_FACE('',(#1235),#970,.F.);
#8784=ADVANCED_FACE('',(#1236),#971,.F.);
#8785=ADVANCED_FACE('',(#1237),#972,.F.);
#8786=ADVANCED_FACE('',(#1238),#973,.F.);
#8787=ADVANCED_FACE('',(#1239),#974,.F.);
#8788=ADVANCED_FACE('',(#1240),#975,.F.);
#8789=ADVANCED_FACE('',(#1241),#976,.F.);
#8790=ADVANCED_FACE('',(#1242),#977,.F.);
#8791=ADVANCED_FACE('',(#1243),#978,.F.);
#8792=ADVANCED_FACE('',(#1244),#979,.F.);
#8793=ADVANCED_FACE('',(#1245),#8529,.F.);
#8794=ADVANCED_FACE('',(#1246),#980,.F.);
#8795=ADVANCED_FACE('',(#1247),#981,.F.);
#8796=ADVANCED_FACE('',(#1248),#8530,.F.);
#8797=ADVANCED_FACE('',(#1249),#982,.F.);
#8798=ADVANCED_FACE('',(#1250),#983,.F.);
#8799=ADVANCED_FACE('',(#1251),#984,.F.);
#8800=ADVANCED_FACE('',(#1252),#985,.F.);
#8801=ADVANCED_FACE('',(#1253),#986,.F.);
#8802=ADVANCED_FACE('',(#1254),#987,.F.);
#8803=ADVANCED_FACE('',(#1255),#988,.F.);
#8804=ADVANCED_FACE('',(#1256),#989,.F.);
#8805=ADVANCED_FACE('',(#1257),#8531,.F.);
#8806=ADVANCED_FACE('',(#1258),#990,.F.);
#8807=ADVANCED_FACE('',(#1259,#308),#8532,.T.);
#8808=ADVANCED_FACE('',(#1260),#991,.F.);
#8809=ADVANCED_FACE('',(#1261),#992,.F.);
#8810=ADVANCED_FACE('',(#1262),#993,.F.);
#8811=ADVANCED_FACE('',(#1263),#994,.F.);
#8812=ADVANCED_FACE('',(#1264),#995,.F.);
#8813=ADVANCED_FACE('',(#1265),#996,.F.);
#8814=ADVANCED_FACE('',(#1266),#997,.F.);
#8815=ADVANCED_FACE('',(#1267),#998,.F.);
#8816=ADVANCED_FACE('',(#1268),#8533,.F.);
#8817=ADVANCED_FACE('',(#1269),#999,.F.);
#8818=ADVANCED_FACE('',(#1270),#1000,.F.);
#8819=ADVANCED_FACE('',(#1271),#1001,.F.);
#8820=ADVANCED_FACE('',(#1272),#1002,.F.);
#8821=ADVANCED_FACE('',(#1273),#1003,.F.);
#8822=ADVANCED_FACE('',(#1274),#1004,.F.);
#8823=ADVANCED_FACE('',(#1275),#1005,.F.);
#8824=ADVANCED_FACE('',(#1276),#1006,.F.);
#8825=ADVANCED_FACE('',(#1277),#8534,.F.);
#8826=ADVANCED_FACE('',(#1278),#8535,.F.);
#8827=ADVANCED_FACE('',(#1279),#8536,.F.);
#8828=ADVANCED_FACE('',(#1280),#8537,.F.);
#8829=ADVANCED_FACE('',(#1281,#309),#8538,.T.);
#8830=ADVANCED_FACE('',(#1282),#8539,.F.);
#8831=ADVANCED_FACE('',(#1283),#8540,.F.);
#8832=ADVANCED_FACE('',(#1284),#1007,.F.);
#8833=ADVANCED_FACE('',(#1285),#1008,.F.);
#8834=ADVANCED_FACE('',(#1286),#1009,.F.);
#8835=ADVANCED_FACE('',(#1287),#8541,.F.);
#8836=ADVANCED_FACE('',(#1288),#1010,.F.);
#8837=ADVANCED_FACE('',(#1289),#1011,.F.);
#8838=ADVANCED_FACE('',(#1290),#1012,.F.);
#8839=ADVANCED_FACE('',(#1291),#8542,.F.);
#8840=ADVANCED_FACE('',(#1292),#8543,.F.);
#8841=ADVANCED_FACE('',(#1293),#8544,.F.);
#8842=ADVANCED_FACE('',(#1294),#8545,.T.);
#8843=ADVANCED_FACE('',(#1295),#1013,.F.);
#8844=ADVANCED_FACE('',(#1296),#1014,.F.);
#8845=ADVANCED_FACE('',(#1297),#1015,.F.);
#8846=ADVANCED_FACE('',(#1298),#1016,.F.);
#8847=ADVANCED_FACE('',(#1299),#1017,.F.);
#8848=ADVANCED_FACE('',(#1300),#1018,.F.);
#8849=ADVANCED_FACE('',(#1301),#1019,.F.);
#8850=ADVANCED_FACE('',(#1302),#1020,.F.);
#8851=ADVANCED_FACE('',(#1303),#8546,.F.);
#8852=ADVANCED_FACE('',(#1304),#1021,.F.);
#8853=ADVANCED_FACE('',(#1305),#1022,.F.);
#8854=ADVANCED_FACE('',(#1306),#1023,.F.);
#8855=ADVANCED_FACE('',(#1307),#1024,.F.);
#8856=ADVANCED_FACE('',(#1308),#1025,.F.);
#8857=ADVANCED_FACE('',(#1309),#1026,.F.);
#8858=ADVANCED_FACE('',(#1310),#1027,.F.);
#8859=ADVANCED_FACE('',(#1311),#1028,.F.);
#8860=ADVANCED_FACE('',(#1312),#1029,.F.);
#8861=ADVANCED_FACE('',(#1313),#1030,.F.);
#8862=ADVANCED_FACE('',(#1314),#1031,.F.);
#8863=ADVANCED_FACE('',(#1315),#1032,.F.);
#8864=ADVANCED_FACE('',(#1316),#1033,.F.);
#8865=ADVANCED_FACE('',(#1317),#8547,.F.);
#8866=ADVANCED_FACE('',(#1318),#1034,.F.);
#8867=ADVANCED_FACE('',(#1319),#1035,.F.);
#8868=ADVANCED_FACE('',(#1320),#8548,.F.);
#8869=ADVANCED_FACE('',(#1321),#1036,.F.);
#8870=ADVANCED_FACE('',(#1322),#1037,.F.);
#8871=ADVANCED_FACE('',(#1323),#1038,.F.);
#8872=ADVANCED_FACE('',(#1324),#1039,.F.);
#8873=ADVANCED_FACE('',(#1325),#1040,.F.);
#8874=ADVANCED_FACE('',(#1326),#1041,.F.);
#8875=ADVANCED_FACE('',(#1327),#1042,.F.);
#8876=ADVANCED_FACE('',(#1328),#1043,.F.);
#8877=ADVANCED_FACE('',(#1329),#8549,.F.);
#8878=ADVANCED_FACE('',(#1330),#1044,.F.);
#8879=ADVANCED_FACE('',(#1331,#310),#8550,.T.);
#8880=ADVANCED_FACE('',(#1332),#1045,.F.);
#8881=ADVANCED_FACE('',(#1333),#1046,.F.);
#8882=ADVANCED_FACE('',(#1334),#1047,.F.);
#8883=ADVANCED_FACE('',(#1335),#1048,.F.);
#8884=ADVANCED_FACE('',(#1336),#1049,.F.);
#8885=ADVANCED_FACE('',(#1337),#1050,.F.);
#8886=ADVANCED_FACE('',(#1338),#1051,.F.);
#8887=ADVANCED_FACE('',(#1339),#1052,.F.);
#8888=ADVANCED_FACE('',(#1340),#8551,.F.);
#8889=ADVANCED_FACE('',(#1341),#1053,.F.);
#8890=ADVANCED_FACE('',(#1342),#1054,.F.);
#8891=ADVANCED_FACE('',(#1343),#1055,.F.);
#8892=ADVANCED_FACE('',(#1344),#1056,.F.);
#8893=ADVANCED_FACE('',(#1345),#1057,.F.);
#8894=ADVANCED_FACE('',(#1346),#1058,.F.);
#8895=ADVANCED_FACE('',(#1347),#1059,.F.);
#8896=ADVANCED_FACE('',(#1348),#1060,.F.);
#8897=ADVANCED_FACE('',(#1349),#8552,.F.);
#8898=ADVANCED_FACE('',(#1350),#8553,.F.);
#8899=ADVANCED_FACE('',(#1351),#8554,.F.);
#8900=ADVANCED_FACE('',(#1352),#8555,.F.);
#8901=ADVANCED_FACE('',(#1353,#311),#8556,.T.);
#8902=ADVANCED_FACE('',(#1354),#8557,.F.);
#8903=ADVANCED_FACE('',(#1355),#8558,.F.);
#8904=ADVANCED_FACE('',(#1356),#8559,.F.);
#8905=ADVANCED_FACE('',(#1357),#8560,.F.);
#8906=ADVANCED_FACE('',(#1358),#8561,.F.);
#8907=ADVANCED_FACE('',(#1359),#8562,.F.);
#8908=ADVANCED_FACE('',(#1360),#8563,.F.);
#8909=ADVANCED_FACE('',(#1361),#1061,.F.);
#8910=ADVANCED_FACE('',(#1362),#1062,.F.);
#8911=ADVANCED_FACE('',(#1363),#1063,.F.);
#8912=ADVANCED_FACE('',(#1364),#8564,.F.);
#8913=ADVANCED_FACE('',(#1365),#1064,.F.);
#8914=ADVANCED_FACE('',(#1366),#1065,.F.);
#8915=ADVANCED_FACE('',(#1367),#1066,.F.);
#8916=ADVANCED_FACE('',(#1368),#8565,.F.);
#8917=ADVANCED_FACE('',(#1369),#8566,.F.);
#8918=ADVANCED_FACE('',(#1370),#8567,.F.);
#8919=ADVANCED_FACE('',(#1371),#8568,.T.);
#8920=ADVANCED_FACE('',(#1372),#1067,.F.);
#8921=ADVANCED_FACE('',(#1373),#1068,.F.);
#8922=ADVANCED_FACE('',(#1374),#1069,.F.);
#8923=ADVANCED_FACE('',(#1375),#1070,.F.);
#8924=ADVANCED_FACE('',(#1376),#8569,.F.);
#8925=ADVANCED_FACE('',(#1377),#1071,.F.);
#8926=ADVANCED_FACE('',(#1378),#1072,.F.);
#8927=ADVANCED_FACE('',(#1379),#1073,.F.);
#8928=ADVANCED_FACE('',(#1380),#1074,.F.);
#8929=ADVANCED_FACE('',(#1381),#1075,.F.);
#8930=ADVANCED_FACE('',(#1382),#1076,.F.);
#8931=ADVANCED_FACE('',(#1383),#1077,.F.);
#8932=ADVANCED_FACE('',(#1384),#1078,.F.);
#8933=ADVANCED_FACE('',(#1385),#1079,.F.);
#8934=ADVANCED_FACE('',(#1386),#1080,.F.);
#8935=ADVANCED_FACE('',(#1387),#8570,.F.);
#8936=ADVANCED_FACE('',(#1388),#1081,.F.);
#8937=ADVANCED_FACE('',(#1389),#1082,.F.);
#8938=ADVANCED_FACE('',(#1390),#1083,.F.);
#8939=ADVANCED_FACE('',(#1391),#1084,.F.);
#8940=ADVANCED_FACE('',(#1392),#8571,.F.);
#8941=ADVANCED_FACE('',(#1393),#8572,.F.);
#8942=ADVANCED_FACE('',(#1394,#312),#8573,.T.);
#8943=ADVANCED_FACE('',(#1395),#1085,.F.);
#8944=ADVANCED_FACE('',(#1396),#1086,.F.);
#8945=ADVANCED_FACE('',(#1397),#1087,.F.);
#8946=ADVANCED_FACE('',(#1398),#1088,.F.);
#8947=ADVANCED_FACE('',(#1399),#1089,.F.);
#8948=ADVANCED_FACE('',(#1400),#1090,.F.);
#8949=ADVANCED_FACE('',(#1401),#1091,.F.);
#8950=ADVANCED_FACE('',(#1402),#1092,.F.);
#8951=ADVANCED_FACE('',(#1403),#1093,.F.);
#8952=ADVANCED_FACE('',(#1404),#1094,.F.);
#8953=ADVANCED_FACE('',(#1405),#1095,.F.);
#8954=ADVANCED_FACE('',(#1406),#1096,.F.);
#8955=ADVANCED_FACE('',(#1407),#1097,.F.);
#8956=ADVANCED_FACE('',(#1408),#8574,.F.);
#8957=ADVANCED_FACE('',(#1409),#1098,.F.);
#8958=ADVANCED_FACE('',(#1410),#1099,.F.);
#8959=ADVANCED_FACE('',(#1411),#1100,.F.);
#8960=ADVANCED_FACE('',(#1412),#1101,.F.);
#8961=ADVANCED_FACE('',(#1413),#1102,.F.);
#8962=ADVANCED_FACE('',(#1414),#1103,.F.);
#8963=ADVANCED_FACE('',(#1415),#1104,.F.);
#8964=ADVANCED_FACE('',(#1416),#1105,.F.);
#8965=ADVANCED_FACE('',(#1417),#1106,.F.);
#8966=ADVANCED_FACE('',(#1418),#1107,.F.);
#8967=ADVANCED_FACE('',(#1419),#1108,.F.);
#8968=ADVANCED_FACE('',(#1420),#1109,.F.);
#8969=ADVANCED_FACE('',(#1421),#1110,.F.);
#8970=ADVANCED_FACE('',(#1422),#8575,.F.);
#8971=ADVANCED_FACE('',(#1423),#1111,.F.);
#8972=ADVANCED_FACE('',(#1424),#8576,.T.);
#8973=ADVANCED_FACE('',(#1425,#313,#314,#315,#316,#317,#318,#319,#320,#321,
#322,#323,#324,#325,#326,#327,#328,#329,#330,#331,#332),#8577,.F.);
#8974=ADVANCED_FACE('',(#1426),#8578,.F.);
#8975=ADVANCED_FACE('',(#1427),#8579,.F.);
#8976=ADVANCED_FACE('',(#1428),#8580,.F.);
#8977=ADVANCED_FACE('',(#1429),#8581,.F.);
#8978=ADVANCED_FACE('',(#1430),#8582,.F.);
#8979=ADVANCED_FACE('',(#1431),#8583,.T.);
#8980=ADVANCED_FACE('',(#1432),#8584,.F.);
#8981=ADVANCED_FACE('',(#1433),#8585,.T.);
#8982=ADVANCED_FACE('',(#1434),#8586,.T.);
#8983=ADVANCED_FACE('',(#1435),#63,.T.);
#8984=ADVANCED_FACE('',(#1436,#333),#8587,.F.);
#8985=ADVANCED_FACE('',(#1437),#64,.T.);
#8986=ADVANCED_FACE('',(#1438,#334,#335,#336,#337),#8588,.T.);
#8987=ADVANCED_FACE('',(#1439),#65,.T.);
#8988=ADVANCED_FACE('',(#1440),#66,.T.);
#8989=ADVANCED_FACE('',(#1441),#67,.T.);
#8990=ADVANCED_FACE('',(#1442),#8589,.F.);
#8991=ADVANCED_FACE('',(#1443),#8590,.F.);
#8992=ADVANCED_FACE('',(#1444),#8591,.F.);
#8993=ADVANCED_FACE('',(#1445),#8592,.T.);
#8994=ADVANCED_FACE('',(#1446),#8593,.T.);
#8995=ADVANCED_FACE('',(#1447),#8594,.T.);
#8996=ADVANCED_FACE('',(#1448),#8595,.T.);
#8997=ADVANCED_FACE('',(#1449),#68,.F.);
#8998=ADVANCED_FACE('',(#1450),#69,.F.);
#8999=ADVANCED_FACE('',(#1451),#70,.F.);
#9000=ADVANCED_FACE('',(#1452),#71,.F.);
#9001=ADVANCED_FACE('',(#1453),#8596,.T.);
#9002=ADVANCED_FACE('',(#1454),#8597,.T.);
#9003=ADVANCED_FACE('',(#1455),#59,.F.);
#9004=ADVANCED_FACE('',(#1456,#338),#8598,.F.);
#9005=ADVANCED_FACE('',(#1457),#60,.F.);
#9006=ADVANCED_FACE('',(#1458,#339),#8599,.F.);
#9007=ADVANCED_FACE('',(#1459),#61,.F.);
#9008=ADVANCED_FACE('',(#1460,#340),#8600,.F.);
#9009=ADVANCED_FACE('',(#1461),#62,.F.);
#9010=ADVANCED_FACE('',(#1462),#72,.F.);
#9011=ADVANCED_FACE('',(#1463),#73,.T.);
#9012=ADVANCED_FACE('',(#1464,#341),#8601,.T.);
#9013=ADVANCED_FACE('',(#1465,#342),#8602,.F.);
#9014=ADVANCED_FACE('',(#1466),#74,.F.);
#9015=ADVANCED_FACE('',(#1467),#75,.T.);
#9016=ADVANCED_FACE('',(#1468,#343),#8603,.T.);
#9017=ADVANCED_FACE('',(#1469,#344),#8604,.F.);
#9018=ADVANCED_FACE('',(#1470,#345),#8605,.F.);
#9019=ADVANCED_FACE('',(#1471),#76,.F.);
#9020=ADVANCED_FACE('',(#1472),#77,.T.);
#9021=ADVANCED_FACE('',(#1473,#346),#8606,.T.);
#9022=ADVANCED_FACE('',(#1474),#8607,.T.);
#9023=ADVANCED_FACE('',(#1475),#8608,.T.);
#9024=ADVANCED_FACE('',(#1476),#8609,.T.);
#9025=ADVANCED_FACE('',(#1477,#347,#348,#349,#350,#351,#352,#353,#354,#355,
#356,#357,#358,#359,#360,#361,#362,#363,#364,#365,#366,#367,#368,#369,#370,
#371,#372,#373,#374,#375,#376,#377,#378,#379,#380,#381,#382,#383,#384,#385,
#386,#387,#388,#389,#390,#391,#392,#393,#394,#395,#396),#8610,.F.);
#9026=ADVANCED_FACE('',(#1478,#397,#398,#399,#400,#401,#402,#403,#404,#405,
#406,#407,#408,#409,#410,#411,#412,#413,#414,#415,#416,#417,#418,#419,#420,
#421,#422,#423,#424,#425,#426,#427,#428,#429,#430,#431,#432,#433,#434,#435,
#436,#437,#438,#439,#440,#441,#442,#443,#444,#445,#446),#8611,.T.);
#9027=ADVANCED_FACE('',(#1479),#8612,.T.);
#9028=ADVANCED_FACE('',(#1480),#78,.F.);
#9029=ADVANCED_FACE('',(#1481),#79,.F.);
#9030=ADVANCED_FACE('',(#1482),#80,.F.);
#9031=ADVANCED_FACE('',(#1483),#81,.F.);
#9032=ADVANCED_FACE('',(#1484),#82,.F.);
#9033=ADVANCED_FACE('',(#1485),#83,.F.);
#9034=ADVANCED_FACE('',(#1486),#84,.F.);
#9035=ADVANCED_FACE('',(#1487),#85,.F.);
#9036=ADVANCED_FACE('',(#1488),#86,.F.);
#9037=ADVANCED_FACE('',(#1489),#87,.F.);
#9038=ADVANCED_FACE('',(#1490),#88,.F.);
#9039=ADVANCED_FACE('',(#1491),#89,.F.);
#9040=ADVANCED_FACE('',(#1492),#90,.F.);
#9041=ADVANCED_FACE('',(#1493),#91,.F.);
#9042=ADVANCED_FACE('',(#1494),#92,.F.);
#9043=ADVANCED_FACE('',(#1495),#93,.F.);
#9044=ADVANCED_FACE('',(#1496),#94,.F.);
#9045=ADVANCED_FACE('',(#1497),#95,.F.);
#9046=ADVANCED_FACE('',(#1498),#96,.F.);
#9047=ADVANCED_FACE('',(#1499),#97,.F.);
#9048=ADVANCED_FACE('',(#1500),#98,.F.);
#9049=ADVANCED_FACE('',(#1501),#99,.F.);
#9050=ADVANCED_FACE('',(#1502),#100,.F.);
#9051=ADVANCED_FACE('',(#1503),#101,.F.);
#9052=ADVANCED_FACE('',(#1504),#102,.F.);
#9053=ADVANCED_FACE('',(#1505),#103,.F.);
#9054=ADVANCED_FACE('',(#1506),#104,.F.);
#9055=ADVANCED_FACE('',(#1507),#105,.F.);
#9056=ADVANCED_FACE('',(#1508),#106,.F.);
#9057=ADVANCED_FACE('',(#1509),#107,.F.);
#9058=ADVANCED_FACE('',(#1510),#108,.F.);
#9059=ADVANCED_FACE('',(#1511),#109,.F.);
#9060=ADVANCED_FACE('',(#1512),#110,.F.);
#9061=ADVANCED_FACE('',(#1513),#111,.F.);
#9062=ADVANCED_FACE('',(#1514),#8613,.T.);
#9063=ADVANCED_FACE('',(#1515),#112,.F.);
#9064=ADVANCED_FACE('',(#1516),#8614,.T.);
#9065=ADVANCED_FACE('',(#1517),#113,.F.);
#9066=ADVANCED_FACE('',(#1518),#114,.F.);
#9067=ADVANCED_FACE('',(#1519),#115,.F.);
#9068=ADVANCED_FACE('',(#1520),#116,.F.);
#9069=ADVANCED_FACE('',(#1521),#117,.F.);
#9070=ADVANCED_FACE('',(#1522),#118,.F.);
#9071=ADVANCED_FACE('',(#1523),#119,.F.);
#9072=ADVANCED_FACE('',(#1524),#120,.F.);
#9073=ADVANCED_FACE('',(#1525),#121,.F.);
#9074=ADVANCED_FACE('',(#1526),#122,.F.);
#9075=ADVANCED_FACE('',(#1527),#123,.F.);
#9076=ADVANCED_FACE('',(#1528),#124,.F.);
#9077=ADVANCED_FACE('',(#1529),#8615,.T.);
#9078=ADVANCED_FACE('',(#1530),#125,.F.);
#9079=ADVANCED_FACE('',(#1531),#8616,.T.);
#9080=ADVANCED_FACE('',(#1532),#126,.F.);
#9081=ADVANCED_FACE('',(#1533),#127,.F.);
#9082=ADVANCED_FACE('',(#1534),#128,.F.);
#9083=ADVANCED_FACE('',(#1535),#129,.F.);
#9084=ADVANCED_FACE('',(#1536),#130,.F.);
#9085=ADVANCED_FACE('',(#1537),#131,.T.);
#9086=ADVANCED_FACE('',(#1538),#8617,.T.);
#9087=ADVANCED_FACE('',(#1539,#447,#448,#449,#450,#451,#452,#453,#454,#455,
#456,#457,#458),#8618,.F.);
#9088=ADVANCED_FACE('',(#1540),#132,.T.);
#9089=ADVANCED_FACE('',(#1541),#8619,.T.);
#9090=ADVANCED_FACE('',(#1542),#133,.T.);
#9091=ADVANCED_FACE('',(#1543),#134,.T.);
#9092=ADVANCED_FACE('',(#1544),#8620,.T.);
#9093=ADVANCED_FACE('',(#1545),#8621,.F.);
#9094=ADVANCED_FACE('',(#1546),#8622,.F.);
#9095=ADVANCED_FACE('',(#1547),#8623,.F.);
#9096=ADVANCED_FACE('',(#1548),#8624,.F.);
#9097=ADVANCED_FACE('',(#1549),#8625,.F.);
#9098=ADVANCED_FACE('',(#1550),#8626,.F.);
#9099=ADVANCED_FACE('',(#1551),#8627,.F.);
#9100=ADVANCED_FACE('',(#1552),#8628,.F.);
#9101=ADVANCED_FACE('',(#1553),#8629,.F.);
#9102=ADVANCED_FACE('',(#1554),#8630,.F.);
#9103=ADVANCED_FACE('',(#1555),#8631,.F.);
#9104=ADVANCED_FACE('',(#1556),#8632,.F.);
#9105=ADVANCED_FACE('',(#1557),#8633,.F.);
#9106=ADVANCED_FACE('',(#1558),#8634,.F.);
#9107=ADVANCED_FACE('',(#1559),#8635,.F.);
#9108=ADVANCED_FACE('',(#1560),#8636,.F.);
#9109=ADVANCED_FACE('',(#1561),#8637,.F.);
#9110=ADVANCED_FACE('',(#1562),#8638,.F.);
#9111=ADVANCED_FACE('',(#1563),#8639,.F.);
#9112=ADVANCED_FACE('',(#1564),#8640,.F.);
#9113=ADVANCED_FACE('',(#1565),#8641,.F.);
#9114=ADVANCED_FACE('',(#1566),#8642,.F.);
#9115=ADVANCED_FACE('',(#1567),#8643,.F.);
#9116=ADVANCED_FACE('',(#1568),#8644,.F.);
#9117=ADVANCED_FACE('',(#1569),#8645,.F.);
#9118=ADVANCED_FACE('',(#1570),#8646,.F.);
#9119=ADVANCED_FACE('',(#1571),#8647,.F.);
#9120=ADVANCED_FACE('',(#1572),#8648,.F.);
#9121=ADVANCED_FACE('',(#1573),#8649,.F.);
#9122=ADVANCED_FACE('',(#1574),#8650,.F.);
#9123=ADVANCED_FACE('',(#1575),#8651,.F.);
#9124=ADVANCED_FACE('',(#1576),#8652,.T.);
#9125=ADVANCED_FACE('',(#1577),#135,.F.);
#9126=ADVANCED_FACE('',(#1578),#136,.F.);
#9127=ADVANCED_FACE('',(#1579),#137,.F.);
#9128=ADVANCED_FACE('',(#1580),#138,.F.);
#9129=ADVANCED_FACE('',(#1581),#8653,.T.);
#9130=ADVANCED_FACE('',(#1582,#459,#460,#461,#462,#463,#464,#465,#466,#467,
#468,#469,#470),#8654,.T.);
#9131=ADVANCED_FACE('',(#1583),#139,.F.);
#9132=ADVANCED_FACE('',(#1584),#8655,.F.);
#9133=ADVANCED_FACE('',(#1585),#8656,.T.);
#9134=ADVANCED_FACE('',(#1586),#140,.F.);
#9135=ADVANCED_FACE('',(#1587,#471),#8657,.T.);
#9136=ADVANCED_FACE('',(#1588),#141,.T.);
#9137=ADVANCED_FACE('',(#1589,#472),#8658,.T.);
#9138=ADVANCED_FACE('',(#1590),#8659,.F.);
#9139=CLOSED_SHELL('',(#8660,#8661,#8662,#8663,#8664,#8665,#8666,#8667,
#8668,#8669,#8670,#8671,#8672,#8673,#8674,#8675,#8676,#8677,#8678,#8679,
#8680,#8681,#8682,#8683,#8684,#8685,#8686,#8687,#8688,#8689,#8690,#8691,
#8692,#8693,#8694,#8695,#8696,#8697,#8698,#8699,#8700,#8701,#8702,#8703,
#8704,#8705,#8706,#8707,#8708,#8709,#8710,#8711,#8712,#8713,#8714,#8715,
#8716,#8717,#8718,#8719,#8720,#8721,#8722,#8723,#8724,#8725,#8726,#8727,
#8728,#8729,#8730,#8731,#8732,#8733,#8734,#8735,#8736,#8737,#8738,#8739,
#8740,#8741,#8742,#8743,#8744,#8745,#8746,#8747,#8748,#8749,#8750,#8751,
#8752,#8753,#8754,#8755,#8756,#8757,#8758,#8759,#8760,#8761,#8762,#8763,
#8764,#8765,#8766,#8767,#8768,#8769,#8770,#8771,#8772,#8773,#8774,#8775,
#8776,#8777,#8778,#8779,#8780,#8781,#8782,#8783,#8784,#8785,#8786,#8787,
#8788,#8789,#8790,#8791,#8792,#8793,#8794,#8795,#8796,#8797,#8798,#8799,
#8800,#8801,#8802,#8803,#8804,#8805,#8806,#8807,#8808,#8809,#8810,#8811,
#8812,#8813,#8814,#8815,#8816,#8817,#8818,#8819,#8820,#8821,#8822,#8823,
#8824,#8825,#8826,#8827,#8828,#8829,#8830,#8831,#8832,#8833,#8834,#8835,
#8836,#8837,#8838,#8839,#8840,#8841,#8842,#8843,#8844,#8845,#8846,#8847,
#8848,#8849,#8850,#8851,#8852,#8853,#8854,#8855,#8856,#8857,#8858,#8859,
#8860,#8861,#8862,#8863,#8864,#8865,#8866,#8867,#8868,#8869,#8870,#8871,
#8872,#8873,#8874,#8875,#8876,#8877,#8878,#8879,#8880,#8881,#8882,#8883,
#8884,#8885,#8886,#8887,#8888,#8889,#8890,#8891,#8892,#8893,#8894,#8895,
#8896,#8897,#8898,#8899,#8900,#8901,#8902,#8903,#8904,#8905,#8906,#8907,
#8908,#8909,#8910,#8911,#8912,#8913,#8914,#8915,#8916,#8917,#8918,#8919,
#8920,#8921,#8922,#8923,#8924,#8925,#8926,#8927,#8928,#8929,#8930,#8931,
#8932,#8933,#8934,#8935,#8936,#8937,#8938,#8939,#8940,#8941,#8942,#8943,
#8944,#8945,#8946,#8947,#8948,#8949,#8950,#8951,#8952,#8953,#8954,#8955,
#8956,#8957,#8958,#8959,#8960,#8961,#8962,#8963,#8964,#8965,#8966,#8967,
#8968,#8969,#8970,#8971,#8972,#8973,#8974,#8975,#8976,#8977,#8978,#8979,
#8980,#8981,#8982,#8983,#8984,#8985,#8986,#8987,#8988,#8989,#8990,#8991,
#8992,#8993,#8994,#8995,#8996,#8997,#8998,#8999,#9000,#9001,#9002,#9003,
#9004,#9005,#9006,#9007,#9008,#9009));
#9140=CLOSED_SHELL('',(#9010,#9011,#9012,#9013));
#9141=CLOSED_SHELL('',(#9014,#9015,#9016,#9017));
#9142=CLOSED_SHELL('',(#9018,#9019,#9020,#9021));
#9143=CLOSED_SHELL('',(#9022,#9023,#9024,#9025,#9026,#9027,#9028,#9029,
#9030,#9031,#9032,#9033,#9034,#9035,#9036,#9037,#9038,#9039,#9040,#9041,
#9042,#9043,#9044,#9045,#9046,#9047,#9048,#9049,#9050,#9051,#9052,#9053,
#9054,#9055,#9056,#9057,#9058,#9059,#9060,#9061,#9062,#9063,#9064,#9065,
#9066,#9067,#9068,#9069,#9070,#9071,#9072,#9073,#9074,#9075,#9076,#9077,
#9078,#9079,#9080,#9081,#9082,#9083));
#9144=CLOSED_SHELL('',(#9084,#9085,#9086,#9087,#9088,#9089,#9090,#9091,
#9092,#9093,#9094,#9095,#9096,#9097,#9098,#9099,#9100,#9101,#9102,#9103,
#9104,#9105,#9106,#9107,#9108,#9109,#9110,#9111,#9112,#9113,#9114,#9115,
#9116,#9117,#9118,#9119,#9120,#9121,#9122,#9123,#9124,#9125,#9126,#9127,
#9128,#9129,#9130));
#9145=CLOSED_SHELL('',(#9131,#9132,#9133,#9134,#9135,#9136,#9137,#9138));
#9146=DERIVED_UNIT_ELEMENT(#9154,1.);
#9147=DERIVED_UNIT_ELEMENT(#17555,-3.);
#9148=DERIVED_UNIT_ELEMENT(#9154,1.);
#9149=DERIVED_UNIT_ELEMENT(#17555,-3.);
#9150=DERIVED_UNIT_ELEMENT(#9154,1.);
#9151=DERIVED_UNIT_ELEMENT(#17555,-3.);
#9152=DERIVED_UNIT_ELEMENT(#9154,1.);
#9153=DERIVED_UNIT_ELEMENT(#17555,-3.);
#9154=(
MASS_UNIT()
NAMED_UNIT(*)
SI_UNIT(.KILO.,.GRAM.)
);
#9155=DERIVED_UNIT((#9146,#9147));
#9156=DERIVED_UNIT((#9148,#9149));
#9157=DERIVED_UNIT((#9150,#9151));
#9158=DERIVED_UNIT((#9152,#9153));
#9159=MEASURE_REPRESENTATION_ITEM('density measure',
POSITIVE_RATIO_MEASURE(7850.),#9155);
#9160=MEASURE_REPRESENTATION_ITEM('density measure',
POSITIVE_RATIO_MEASURE(7850.),#9156);
#9161=MEASURE_REPRESENTATION_ITEM('density measure',
POSITIVE_RATIO_MEASURE(7850.),#9157);
#9162=MEASURE_REPRESENTATION_ITEM('density measure',
POSITIVE_RATIO_MEASURE(7850.),#9158);
#9163=PROPERTY_DEFINITION_REPRESENTATION(#9183,#9171);
#9164=PROPERTY_DEFINITION_REPRESENTATION(#9184,#9172);
#9165=PROPERTY_DEFINITION_REPRESENTATION(#9185,#9173);
#9166=PROPERTY_DEFINITION_REPRESENTATION(#9186,#9174);
#9167=PROPERTY_DEFINITION_REPRESENTATION(#9187,#9175);
#9168=PROPERTY_DEFINITION_REPRESENTATION(#9188,#9176);
#9169=PROPERTY_DEFINITION_REPRESENTATION(#9189,#9177);
#9170=PROPERTY_DEFINITION_REPRESENTATION(#9190,#9178);
#9171=REPRESENTATION('material name',(#9179),#17548);
#9172=REPRESENTATION('density',(#9159),#17548);
#9173=REPRESENTATION('material name',(#9180),#17550);
#9174=REPRESENTATION('density',(#9160),#17550);
#9175=REPRESENTATION('material name',(#9181),#17551);
#9176=REPRESENTATION('density',(#9161),#17551);
#9177=REPRESENTATION('material name',(#9182),#17552);
#9178=REPRESENTATION('density',(#9162),#17552);
#9179=DESCRIPTIVE_REPRESENTATION_ITEM('Stahl','Stahl');
#9180=DESCRIPTIVE_REPRESENTATION_ITEM('Stahl','Stahl');
#9181=DESCRIPTIVE_REPRESENTATION_ITEM('Stahl','Stahl');
#9182=DESCRIPTIVE_REPRESENTATION_ITEM('Stahl','Stahl');
#9183=PROPERTY_DEFINITION('material property','material name',#17588);
#9184=PROPERTY_DEFINITION('material property','density of part',#17588);
#9185=PROPERTY_DEFINITION('material property','material name',#17590);
#9186=PROPERTY_DEFINITION('material property','density of part',#17590);
#9187=PROPERTY_DEFINITION('material property','material name',#17591);
#9188=PROPERTY_DEFINITION('material property','density of part',#17591);
#9189=PROPERTY_DEFINITION('material property','material name',#17592);
#9190=PROPERTY_DEFINITION('material property','density of part',#17592);
#9191=AXIS2_PLACEMENT_3D('',#11242,#9635,#9636);
#9192=AXIS2_PLACEMENT_3D('',#11243,#9637,#9638);
#9193=AXIS2_PLACEMENT_3D('',#11244,#9639,#9640);
#9194=AXIS2_PLACEMENT_3D('',#11245,#9641,#9642);
#9195=AXIS2_PLACEMENT_3D('',#11254,#9647,#9648);
#9196=AXIS2_PLACEMENT_3D('',#11352,#9656,#9657);
#9197=AXIS2_PLACEMENT_3D('',#11358,#9661,#9662);
#9198=AXIS2_PLACEMENT_3D('',#11364,#9666,#9667);
#9199=AXIS2_PLACEMENT_3D('',#11462,#9675,#9676);
#9200=AXIS2_PLACEMENT_3D('',#11468,#9680,#9681);
#9201=AXIS2_PLACEMENT_3D('',#11474,#9685,#9686);
#9202=AXIS2_PLACEMENT_3D('',#11477,#9689,#9690);
#9203=AXIS2_PLACEMENT_3D('',#11478,#9691,#9692);
#9204=AXIS2_PLACEMENT_3D('',#11487,#9697,#9698);
#9205=AXIS2_PLACEMENT_3D('',#11562,#9705,#9706);
#9206=AXIS2_PLACEMENT_3D('',#11637,#9713,#9714);
#9207=AXIS2_PLACEMENT_3D('',#11643,#9718,#9719);
#9208=AXIS2_PLACEMENT_3D('',#11649,#9723,#9724);
#9209=AXIS2_PLACEMENT_3D('',#11652,#9727,#9728);
#9210=AXIS2_PLACEMENT_3D('',#11653,#9729,#9730);
#9211=AXIS2_PLACEMENT_3D('',#11662,#9735,#9736);
#9212=AXIS2_PLACEMENT_3D('',#11668,#9740,#9741);
#9213=AXIS2_PLACEMENT_3D('',#11674,#9745,#9746);
#9214=AXIS2_PLACEMENT_3D('',#11677,#9749,#9750);
#9215=AXIS2_PLACEMENT_3D('',#11750,#9755,#9756);
#9216=AXIS2_PLACEMENT_3D('',#11871,#9765,#9766);
#9217=AXIS2_PLACEMENT_3D('',#11877,#9770,#9771);
#9218=AXIS2_PLACEMENT_3D('',#11883,#9775,#9776);
#9219=AXIS2_PLACEMENT_3D('',#11889,#9780,#9781);
#9220=AXIS2_PLACEMENT_3D('',#11895,#9785,#9786);
#9221=AXIS2_PLACEMENT_3D('',#11901,#9790,#9791);
#9222=AXIS2_PLACEMENT_3D('',#11907,#9795,#9796);
#9223=AXIS2_PLACEMENT_3D('',#11913,#9800,#9801);
#9224=AXIS2_PLACEMENT_3D('',#11919,#9805,#9806);
#9225=AXIS2_PLACEMENT_3D('',#11925,#9810,#9811);
#9226=AXIS2_PLACEMENT_3D('',#11951,#9815,#9816);
#9227=AXIS2_PLACEMENT_3D('',#11952,#9817,#9818);
#9228=AXIS2_PLACEMENT_3D('',#11961,#9823,#9824);
#9229=AXIS2_PLACEMENT_3D('',#11967,#9828,#9829);
#9230=AXIS2_PLACEMENT_3D('',#11973,#9833,#9834);
#9231=AXIS2_PLACEMENT_3D('',#11979,#9838,#9839);
#9232=AXIS2_PLACEMENT_3D('',#11985,#9843,#9844);
#9233=AXIS2_PLACEMENT_3D('',#11991,#9848,#9849);
#9234=AXIS2_PLACEMENT_3D('',#11997,#9853,#9854);
#9235=AXIS2_PLACEMENT_3D('',#12003,#9858,#9859);
#9236=AXIS2_PLACEMENT_3D('',#12009,#9863,#9864);
#9237=AXIS2_PLACEMENT_3D('',#12015,#9868,#9869);
#9238=AXIS2_PLACEMENT_3D('',#12021,#9873,#9874);
#9239=AXIS2_PLACEMENT_3D('',#12027,#9878,#9879);
#9240=AXIS2_PLACEMENT_3D('',#12030,#9882,#9883);
#9241=AXIS2_PLACEMENT_3D('',#12195,#9892,#9893);
#9242=AXIS2_PLACEMENT_3D('',#12500,#9910,#9911);
#9243=AXIS2_PLACEMENT_3D('',#12526,#9915,#9916);
#9244=AXIS2_PLACEMENT_3D('',#12895,#9933,#9934);
#9245=AXIS2_PLACEMENT_3D('',#13083,#9944,#9945);
#9246=AXIS2_PLACEMENT_3D('',#13388,#9962,#9963);
#9247=AXIS2_PLACEMENT_3D('',#13440,#9969,#9970);
#9248=AXIS2_PLACEMENT_3D('',#13630,#9982,#9983);
#9249=AXIS2_PLACEMENT_3D('',#13656,#9987,#9988);
#9250=AXIS2_PLACEMENT_3D('',#13841,#9997,#9998);
#9251=AXIS2_PLACEMENT_3D('',#14034,#10011,#10012);
#9252=AXIS2_PLACEMENT_3D('',#14040,#10016,#10017);
#9253=AXIS2_PLACEMENT_3D('',#14046,#10021,#10022);
#9254=AXIS2_PLACEMENT_3D('',#14052,#10026,#10027);
#9255=AXIS2_PLACEMENT_3D('',#14055,#10030,#10031);
#9256=AXIS2_PLACEMENT_3D('',#14056,#10032,#10033);
#9257=AXIS2_PLACEMENT_3D('',#14065,#10038,#10039);
#9258=AXIS2_PLACEMENT_3D('',#14140,#10046,#10047);
#9259=AXIS2_PLACEMENT_3D('',#14215,#10054,#10055);
#9260=AXIS2_PLACEMENT_3D('',#14221,#10059,#10060);
#9261=AXIS2_PLACEMENT_3D('',#14227,#10064,#10065);
#9262=AXIS2_PLACEMENT_3D('',#14230,#10068,#10069);
#9263=AXIS2_PLACEMENT_3D('',#14418,#10079,#10080);
#9264=AXIS2_PLACEMENT_3D('',#14723,#10097,#10098);
#9265=AXIS2_PLACEMENT_3D('',#14775,#10104,#10105);
#9266=AXIS2_PLACEMENT_3D('',#14965,#10117,#10118);
#9267=AXIS2_PLACEMENT_3D('',#14991,#10122,#10123);
#9268=AXIS2_PLACEMENT_3D('',#15176,#10132,#10133);
#9269=AXIS2_PLACEMENT_3D('',#15369,#10146,#10147);
#9270=AXIS2_PLACEMENT_3D('',#15375,#10151,#10152);
#9271=AXIS2_PLACEMENT_3D('',#15381,#10156,#10157);
#9272=AXIS2_PLACEMENT_3D('',#15387,#10161,#10162);
#9273=AXIS2_PLACEMENT_3D('',#15390,#10165,#10166);
#9274=AXIS2_PLACEMENT_3D('',#15391,#10167,#10168);
#9275=AXIS2_PLACEMENT_3D('',#15400,#10173,#10174);
#9276=AXIS2_PLACEMENT_3D('',#15406,#10178,#10179);
#9277=AXIS2_PLACEMENT_3D('',#15412,#10183,#10184);
#9278=AXIS2_PLACEMENT_3D('',#15415,#10187,#10188);
#9279=AXIS2_PLACEMENT_3D('',#15416,#10189,#10190);
#9280=AXIS2_PLACEMENT_3D('',#15425,#10195,#10196);
#9281=AXIS2_PLACEMENT_3D('',#15500,#10203,#10204);
#9282=AXIS2_PLACEMENT_3D('',#15575,#10211,#10212);
#9283=AXIS2_PLACEMENT_3D('',#15581,#10216,#10217);
#9284=AXIS2_PLACEMENT_3D('',#15587,#10221,#10222);
#9285=AXIS2_PLACEMENT_3D('',#15590,#10225,#10226);
#9286=AXIS2_PLACEMENT_3D('',#15686,#10232,#10233);
#9287=AXIS2_PLACEMENT_3D('',#15922,#10247,#10248);
#9288=AXIS2_PLACEMENT_3D('',#16020,#10256,#10257);
#9289=AXIS2_PLACEMENT_3D('',#16026,#10261,#10262);
#9290=AXIS2_PLACEMENT_3D('',#16029,#10265,#10266);
#9291=AXIS2_PLACEMENT_3D('',#16332,#10281,#10282);
#9292=AXIS2_PLACEMENT_3D('',#16637,#10299,#10300);
#9293=AXIS2_PLACEMENT_3D('',#16663,#10304,#10305);
#9294=AXIS2_PLACEMENT_3D('',#16664,#10306,#10307);
#9295=AXIS2_PLACEMENT_3D('',#16667,#10308,#10309);
#9296=AXIS2_PLACEMENT_3D('',#16671,#10311,#10312);
#9297=AXIS2_PLACEMENT_3D('',#16675,#10314,#10315);
#9298=AXIS2_PLACEMENT_3D('',#16679,#10317,#10318);
#9299=AXIS2_PLACEMENT_3D('',#16682,#10320,#10321);
#9300=AXIS2_PLACEMENT_3D('',#16684,#10322,#10323);
#9301=AXIS2_PLACEMENT_3D('',#16686,#10324,#10325);
#9302=AXIS2_PLACEMENT_3D('',#16688,#10326,#10327);
#9303=AXIS2_PLACEMENT_3D('',#16689,#10328,#10329);
#9304=AXIS2_PLACEMENT_3D('',#16690,#10330,#10331);
#9305=AXIS2_PLACEMENT_3D('',#16691,#10332,#10333);
#9306=AXIS2_PLACEMENT_3D('',#16692,#10334,#10335);
#9307=AXIS2_PLACEMENT_3D('',#16693,#10336,#10337);
#9308=AXIS2_PLACEMENT_3D('',#16694,#10338,#10339);
#9309=AXIS2_PLACEMENT_3D('',#16700,#10343,#10344);
#9310=AXIS2_PLACEMENT_3D('',#16701,#10345,#10346);
#9311=AXIS2_PLACEMENT_3D('',#16707,#10350,#10351);
#9312=AXIS2_PLACEMENT_3D('',#16713,#10355,#10356);
#9313=AXIS2_PLACEMENT_3D('',#16715,#10357,#10358);
#9314=AXIS2_PLACEMENT_3D('',#16718,#10360,#10361);
#9315=AXIS2_PLACEMENT_3D('',#16719,#10362,#10363);
#9316=AXIS2_PLACEMENT_3D('',#16721,#10364,#10365);
#9317=AXIS2_PLACEMENT_3D('',#16722,#10366,#10367);
#9318=AXIS2_PLACEMENT_3D('',#16723,#10368,#10369);
#9319=AXIS2_PLACEMENT_3D('',#16724,#10370,#10371);
#9320=AXIS2_PLACEMENT_3D('',#16726,#10372,#10373);
#9321=AXIS2_PLACEMENT_3D('',#16745,#10383,#10384);
#9322=AXIS2_PLACEMENT_3D('',#16746,#10385,#10386);
#9323=AXIS2_PLACEMENT_3D('',#16748,#10387,#10388);
#9324=AXIS2_PLACEMENT_3D('',#16750,#10389,#10390);
#9325=AXIS2_PLACEMENT_3D('',#16752,#10391,#10392);
#9326=AXIS2_PLACEMENT_3D('',#16754,#10393,#10394);
#9327=AXIS2_PLACEMENT_3D('',#16755,#10395,#10396);
#9328=AXIS2_PLACEMENT_3D('',#16757,#10398,#10399);
#9329=AXIS2_PLACEMENT_3D('',#16758,#10400,#10401);
#9330=AXIS2_PLACEMENT_3D('',#16760,#10403,#10404);
#9331=AXIS2_PLACEMENT_3D('',#16766,#10408,#10409);
#9332=AXIS2_PLACEMENT_3D('',#16772,#10413,#10414);
#9333=AXIS2_PLACEMENT_3D('',#16775,#10417,#10418);
#9334=AXIS2_PLACEMENT_3D('',#16776,#10419,#10420);
#9335=AXIS2_PLACEMENT_3D('',#16785,#10425,#10426);
#9336=AXIS2_PLACEMENT_3D('',#16788,#10429,#10430);
#9337=AXIS2_PLACEMENT_3D('',#16790,#10432,#10433);
#9338=AXIS2_PLACEMENT_3D('',#16792,#10435,#10436);
#9339=AXIS2_PLACEMENT_3D('',#16794,#10437,#10438);
#9340=AXIS2_PLACEMENT_3D('',#16796,#10440,#10441);
#9341=AXIS2_PLACEMENT_3D('',#16798,#10442,#10443);
#9342=AXIS2_PLACEMENT_3D('',#16800,#10445,#10446);
#9343=AXIS2_PLACEMENT_3D('',#16802,#10447,#10448);
#9344=AXIS2_PLACEMENT_3D('',#16804,#10450,#10451);
#9345=AXIS2_PLACEMENT_3D('',#16806,#10453,#10454);
#9346=AXIS2_PLACEMENT_3D('',#16807,#10455,#10456);
#9347=AXIS2_PLACEMENT_3D('',#16809,#10457,#10458);
#9348=AXIS2_PLACEMENT_3D('',#16811,#10460,#10461);
#9349=AXIS2_PLACEMENT_3D('',#16812,#10462,#10463);
#9350=AXIS2_PLACEMENT_3D('',#16814,#10464,#10465);
#9351=AXIS2_PLACEMENT_3D('',#16816,#10467,#10468);
#9352=AXIS2_PLACEMENT_3D('',#16817,#10469,#10470);
#9353=AXIS2_PLACEMENT_3D('',#16819,#10471,#10472);
#9354=AXIS2_PLACEMENT_3D('',#16821,#10474,#10475);
#9355=AXIS2_PLACEMENT_3D('',#16822,#10476,#10477);
#9356=AXIS2_PLACEMENT_3D('',#16824,#10479,#10480);
#9357=AXIS2_PLACEMENT_3D('',#16826,#10481,#10482);
#9358=AXIS2_PLACEMENT_3D('',#16829,#10484,#10485);
#9359=AXIS2_PLACEMENT_3D('',#16830,#10486,#10487);
#9360=AXIS2_PLACEMENT_3D('',#16832,#10488,#10489);
#9361=AXIS2_PLACEMENT_3D('',#16835,#10491,#10492);
#9362=AXIS2_PLACEMENT_3D('',#16836,#10493,#10494);
#9363=AXIS2_PLACEMENT_3D('',#16837,#10495,#10496);
#9364=AXIS2_PLACEMENT_3D('',#16838,#10497,#10498);
#9365=AXIS2_PLACEMENT_3D('',#16840,#10499,#10500);
#9366=AXIS2_PLACEMENT_3D('',#16843,#10502,#10503);
#9367=AXIS2_PLACEMENT_3D('',#16844,#10504,#10505);
#9368=AXIS2_PLACEMENT_3D('',#16846,#10506,#10507);
#9369=AXIS2_PLACEMENT_3D('',#16849,#10509,#10510);
#9370=AXIS2_PLACEMENT_3D('',#16850,#10511,#10512);
#9371=AXIS2_PLACEMENT_3D('',#16851,#10513,#10514);
#9372=AXIS2_PLACEMENT_3D('',#16852,#10515,#10516);
#9373=AXIS2_PLACEMENT_3D('',#16854,#10517,#10518);
#9374=AXIS2_PLACEMENT_3D('',#16856,#10519,#10520);
#9375=AXIS2_PLACEMENT_3D('',#16857,#10521,#10522);
#9376=AXIS2_PLACEMENT_3D('',#16859,#10523,#10524);
#9377=AXIS2_PLACEMENT_3D('',#16861,#10526,#10527);
#9378=AXIS2_PLACEMENT_3D('',#16863,#10528,#10529);
#9379=AXIS2_PLACEMENT_3D('',#16865,#10531,#10532);
#9380=AXIS2_PLACEMENT_3D('',#16866,#10533,#10534);
#9381=AXIS2_PLACEMENT_3D('',#16867,#10535,#10536);
#9382=AXIS2_PLACEMENT_3D('',#16868,#10537,#10538);
#9383=AXIS2_PLACEMENT_3D('',#16869,#10539,#10540);
#9384=AXIS2_PLACEMENT_3D('',#16878,#10545,#10546);
#9385=AXIS2_PLACEMENT_3D('',#16884,#10550,#10551);
#9386=AXIS2_PLACEMENT_3D('',#16890,#10555,#10556);
#9387=AXIS2_PLACEMENT_3D('',#16893,#10558,#10559);
#9388=AXIS2_PLACEMENT_3D('',#16895,#10560,#10561);
#9389=AXIS2_PLACEMENT_3D('',#16897,#10562,#10563);
#9390=AXIS2_PLACEMENT_3D('',#16899,#10564,#10565);
#9391=AXIS2_PLACEMENT_3D('',#16901,#10566,#10567);
#9392=AXIS2_PLACEMENT_3D('',#16903,#10568,#10569);
#9393=AXIS2_PLACEMENT_3D('',#16905,#10570,#10571);
#9394=AXIS2_PLACEMENT_3D('',#16907,#10572,#10573);
#9395=AXIS2_PLACEMENT_3D('',#16909,#10574,#10575);
#9396=AXIS2_PLACEMENT_3D('',#16911,#10576,#10577);
#9397=AXIS2_PLACEMENT_3D('',#16913,#10578,#10579);
#9398=AXIS2_PLACEMENT_3D('',#16915,#10580,#10581);
#9399=AXIS2_PLACEMENT_3D('',#16917,#10582,#10583);
#9400=AXIS2_PLACEMENT_3D('',#16919,#10584,#10585);
#9401=AXIS2_PLACEMENT_3D('',#16921,#10586,#10587);
#9402=AXIS2_PLACEMENT_3D('',#16923,#10588,#10589);
#9403=AXIS2_PLACEMENT_3D('',#16925,#10590,#10591);
#9404=AXIS2_PLACEMENT_3D('',#16927,#10592,#10593);
#9405=AXIS2_PLACEMENT_3D('',#16929,#10594,#10595);
#9406=AXIS2_PLACEMENT_3D('',#16931,#10596,#10597);
#9407=AXIS2_PLACEMENT_3D('',#16933,#10598,#10599);
#9408=AXIS2_PLACEMENT_3D('',#16935,#10600,#10601);
#9409=AXIS2_PLACEMENT_3D('',#16937,#10602,#10603);
#9410=AXIS2_PLACEMENT_3D('',#16939,#10604,#10605);
#9411=AXIS2_PLACEMENT_3D('',#16941,#10606,#10607);
#9412=AXIS2_PLACEMENT_3D('',#16943,#10608,#10609);
#9413=AXIS2_PLACEMENT_3D('',#16945,#10610,#10611);
#9414=AXIS2_PLACEMENT_3D('',#16947,#10612,#10613);
#9415=AXIS2_PLACEMENT_3D('',#16949,#10614,#10615);
#9416=AXIS2_PLACEMENT_3D('',#16951,#10616,#10617);
#9417=AXIS2_PLACEMENT_3D('',#16953,#10618,#10619);
#9418=AXIS2_PLACEMENT_3D('',#16955,#10620,#10621);
#9419=AXIS2_PLACEMENT_3D('',#16957,#10622,#10623);
#9420=AXIS2_PLACEMENT_3D('',#16960,#10624,#10625);
#9421=AXIS2_PLACEMENT_3D('',#16964,#10627,#10628);
#9422=AXIS2_PLACEMENT_3D('',#16967,#10630,#10631);
#9423=AXIS2_PLACEMENT_3D('',#16969,#10632,#10633);
#9424=AXIS2_PLACEMENT_3D('',#16971,#10634,#10635);
#9425=AXIS2_PLACEMENT_3D('',#16973,#10636,#10637);
#9426=AXIS2_PLACEMENT_3D('',#16975,#10638,#10639);
#9427=AXIS2_PLACEMENT_3D('',#16977,#10640,#10641);
#9428=AXIS2_PLACEMENT_3D('',#16979,#10642,#10643);
#9429=AXIS2_PLACEMENT_3D('',#16981,#10644,#10645);
#9430=AXIS2_PLACEMENT_3D('',#16983,#10646,#10647);
#9431=AXIS2_PLACEMENT_3D('',#16985,#10648,#10649);
#9432=AXIS2_PLACEMENT_3D('',#16987,#10650,#10651);
#9433=AXIS2_PLACEMENT_3D('',#16990,#10652,#10653);
#9434=AXIS2_PLACEMENT_3D('',#16994,#10655,#10656);
#9435=AXIS2_PLACEMENT_3D('',#16997,#10658,#10659);
#9436=AXIS2_PLACEMENT_3D('',#16999,#10660,#10661);
#9437=AXIS2_PLACEMENT_3D('',#17001,#10662,#10663);
#9438=AXIS2_PLACEMENT_3D('',#17003,#10664,#10665);
#9439=AXIS2_PLACEMENT_3D('',#17004,#10666,#10667);
#9440=AXIS2_PLACEMENT_3D('',#17007,#10669,#10670);
#9441=AXIS2_PLACEMENT_3D('',#17009,#10671,#10672);
#9442=AXIS2_PLACEMENT_3D('',#17011,#10673,#10674);
#9443=AXIS2_PLACEMENT_3D('',#17013,#10675,#10676);
#9444=AXIS2_PLACEMENT_3D('',#17015,#10677,#10678);
#9445=AXIS2_PLACEMENT_3D('',#17017,#10679,#10680);
#9446=AXIS2_PLACEMENT_3D('',#17019,#10681,#10682);
#9447=AXIS2_PLACEMENT_3D('',#17021,#10683,#10684);
#9448=AXIS2_PLACEMENT_3D('',#17023,#10685,#10686);
#9449=AXIS2_PLACEMENT_3D('',#17025,#10687,#10688);
#9450=AXIS2_PLACEMENT_3D('',#17027,#10689,#10690);
#9451=AXIS2_PLACEMENT_3D('',#17029,#10691,#10692);
#9452=AXIS2_PLACEMENT_3D('',#17031,#10693,#10694);
#9453=AXIS2_PLACEMENT_3D('',#17033,#10695,#10696);
#9454=AXIS2_PLACEMENT_3D('',#17035,#10697,#10698);
#9455=AXIS2_PLACEMENT_3D('',#17037,#10699,#10700);
#9456=AXIS2_PLACEMENT_3D('',#17039,#10701,#10702);
#9457=AXIS2_PLACEMENT_3D('',#17041,#10703,#10704);
#9458=AXIS2_PLACEMENT_3D('',#17043,#10705,#10706);
#9459=AXIS2_PLACEMENT_3D('',#17045,#10707,#10708);
#9460=AXIS2_PLACEMENT_3D('',#17047,#10709,#10710);
#9461=AXIS2_PLACEMENT_3D('',#17049,#10711,#10712);
#9462=AXIS2_PLACEMENT_3D('',#17051,#10713,#10714);
#9463=AXIS2_PLACEMENT_3D('',#17053,#10715,#10716);
#9464=AXIS2_PLACEMENT_3D('',#17055,#10717,#10718);
#9465=AXIS2_PLACEMENT_3D('',#17057,#10719,#10720);
#9466=AXIS2_PLACEMENT_3D('',#17059,#10721,#10722);
#9467=AXIS2_PLACEMENT_3D('',#17061,#10723,#10724);
#9468=AXIS2_PLACEMENT_3D('',#17063,#10725,#10726);
#9469=AXIS2_PLACEMENT_3D('',#17065,#10727,#10728);
#9470=AXIS2_PLACEMENT_3D('',#17067,#10729,#10730);
#9471=AXIS2_PLACEMENT_3D('',#17069,#10731,#10732);
#9472=AXIS2_PLACEMENT_3D('',#17071,#10733,#10734);
#9473=AXIS2_PLACEMENT_3D('',#17074,#10735,#10736);
#9474=AXIS2_PLACEMENT_3D('',#17078,#10738,#10739);
#9475=AXIS2_PLACEMENT_3D('',#17081,#10741,#10742);
#9476=AXIS2_PLACEMENT_3D('',#17083,#10743,#10744);
#9477=AXIS2_PLACEMENT_3D('',#17085,#10745,#10746);
#9478=AXIS2_PLACEMENT_3D('',#17087,#10747,#10748);
#9479=AXIS2_PLACEMENT_3D('',#17089,#10749,#10750);
#9480=AXIS2_PLACEMENT_3D('',#17091,#10751,#10752);
#9481=AXIS2_PLACEMENT_3D('',#17093,#10753,#10754);
#9482=AXIS2_PLACEMENT_3D('',#17095,#10755,#10756);
#9483=AXIS2_PLACEMENT_3D('',#17097,#10757,#10758);
#9484=AXIS2_PLACEMENT_3D('',#17099,#10759,#10760);
#9485=AXIS2_PLACEMENT_3D('',#17101,#10761,#10762);
#9486=AXIS2_PLACEMENT_3D('',#17104,#10763,#10764);
#9487=AXIS2_PLACEMENT_3D('',#17108,#10766,#10767);
#9488=AXIS2_PLACEMENT_3D('',#17111,#10769,#10770);
#9489=AXIS2_PLACEMENT_3D('',#17113,#10771,#10772);
#9490=AXIS2_PLACEMENT_3D('',#17115,#10773,#10774);
#9491=AXIS2_PLACEMENT_3D('',#17117,#10775,#10776);
#9492=AXIS2_PLACEMENT_3D('',#17118,#10777,#10778);
#9493=AXIS2_PLACEMENT_3D('',#17119,#10779,#10780);
#9494=AXIS2_PLACEMENT_3D('',#17121,#10782,#10783);
#9495=AXIS2_PLACEMENT_3D('',#17123,#10785,#10786);
#9496=AXIS2_PLACEMENT_3D('',#17125,#10788,#10789);
#9497=AXIS2_PLACEMENT_3D('',#17127,#10791,#10792);
#9498=AXIS2_PLACEMENT_3D('',#17129,#10794,#10795);
#9499=AXIS2_PLACEMENT_3D('',#17131,#10797,#10798);
#9500=AXIS2_PLACEMENT_3D('',#17133,#10800,#10801);
#9501=AXIS2_PLACEMENT_3D('',#17135,#10803,#10804);
#9502=AXIS2_PLACEMENT_3D('',#17137,#10806,#10807);
#9503=AXIS2_PLACEMENT_3D('',#17139,#10809,#10810);
#9504=AXIS2_PLACEMENT_3D('',#17141,#10812,#10813);
#9505=AXIS2_PLACEMENT_3D('',#17143,#10815,#10816);
#9506=AXIS2_PLACEMENT_3D('',#17145,#10818,#10819);
#9507=AXIS2_PLACEMENT_3D('',#17147,#10821,#10822);
#9508=AXIS2_PLACEMENT_3D('',#17149,#10824,#10825);
#9509=AXIS2_PLACEMENT_3D('',#17151,#10827,#10828);
#9510=AXIS2_PLACEMENT_3D('',#17153,#10830,#10831);
#9511=AXIS2_PLACEMENT_3D('',#17155,#10833,#10834);
#9512=AXIS2_PLACEMENT_3D('',#17157,#10836,#10837);
#9513=AXIS2_PLACEMENT_3D('',#17159,#10839,#10840);
#9514=AXIS2_PLACEMENT_3D('',#17161,#10842,#10843);
#9515=AXIS2_PLACEMENT_3D('',#17163,#10845,#10846);
#9516=AXIS2_PLACEMENT_3D('',#17165,#10848,#10849);
#9517=AXIS2_PLACEMENT_3D('',#17167,#10851,#10852);
#9518=AXIS2_PLACEMENT_3D('',#17169,#10854,#10855);
#9519=AXIS2_PLACEMENT_3D('',#17171,#10857,#10858);
#9520=AXIS2_PLACEMENT_3D('',#17173,#10860,#10861);
#9521=AXIS2_PLACEMENT_3D('',#17175,#10863,#10864);
#9522=AXIS2_PLACEMENT_3D('',#17177,#10866,#10867);
#9523=AXIS2_PLACEMENT_3D('',#17179,#10869,#10870);
#9524=AXIS2_PLACEMENT_3D('',#17181,#10872,#10873);
#9525=AXIS2_PLACEMENT_3D('',#17183,#10875,#10876);
#9526=AXIS2_PLACEMENT_3D('',#17185,#10878,#10879);
#9527=AXIS2_PLACEMENT_3D('',#17188,#10882,#10883);
#9528=AXIS2_PLACEMENT_3D('',#17190,#10885,#10886);
#9529=AXIS2_PLACEMENT_3D('',#17192,#10888,#10889);
#9530=AXIS2_PLACEMENT_3D('',#17193,#10890,#10891);
#9531=AXIS2_PLACEMENT_3D('',#17195,#10893,#10894);
#9532=AXIS2_PLACEMENT_3D('',#17197,#10896,#10897);
#9533=AXIS2_PLACEMENT_3D('',#17199,#10899,#10900);
#9534=AXIS2_PLACEMENT_3D('',#17201,#10902,#10903);
#9535=AXIS2_PLACEMENT_3D('',#17203,#10905,#10906);
#9536=AXIS2_PLACEMENT_3D('',#17205,#10908,#10909);
#9537=AXIS2_PLACEMENT_3D('',#17207,#10911,#10912);
#9538=AXIS2_PLACEMENT_3D('',#17209,#10914,#10915);
#9539=AXIS2_PLACEMENT_3D('',#17211,#10917,#10918);
#9540=AXIS2_PLACEMENT_3D('',#17213,#10920,#10921);
#9541=AXIS2_PLACEMENT_3D('',#17215,#10923,#10924);
#9542=AXIS2_PLACEMENT_3D('',#17218,#10927,#10928);
#9543=AXIS2_PLACEMENT_3D('',#17220,#10930,#10931);
#9544=AXIS2_PLACEMENT_3D('',#17222,#10933,#10934);
#9545=AXIS2_PLACEMENT_3D('',#17223,#10935,#10936);
#9546=AXIS2_PLACEMENT_3D('',#17225,#10938,#10939);
#9547=AXIS2_PLACEMENT_3D('',#17227,#10941,#10942);
#9548=AXIS2_PLACEMENT_3D('',#17229,#10944,#10945);
#9549=AXIS2_PLACEMENT_3D('',#17231,#10947,#10948);
#9550=AXIS2_PLACEMENT_3D('',#17232,#10949,#10950);
#9551=AXIS2_PLACEMENT_3D('',#17233,#10951,#10952);
#9552=AXIS2_PLACEMENT_3D('',#17235,#10953,#10954);
#9553=AXIS2_PLACEMENT_3D('',#17238,#10956,#10957);
#9554=AXIS2_PLACEMENT_3D('',#17239,#10958,#10959);
#9555=AXIS2_PLACEMENT_3D('',#17242,#10960,#10961);
#9556=AXIS2_PLACEMENT_3D('',#17246,#10963,#10964);
#9557=AXIS2_PLACEMENT_3D('',#17248,#10966,#10967);
#9558=AXIS2_PLACEMENT_3D('',#17254,#10971,#10972);
#9559=AXIS2_PLACEMENT_3D('',#17258,#10974,#10975);
#9560=AXIS2_PLACEMENT_3D('',#17262,#10977,#10978);
#9561=AXIS2_PLACEMENT_3D('',#17273,#10984,#10985);
#9562=AXIS2_PLACEMENT_3D('',#17331,#11014,#11015);
#9563=AXIS2_PLACEMENT_3D('',#17333,#11016,#11017);
#9564=AXIS2_PLACEMENT_3D('',#17335,#11018,#11019);
#9565=AXIS2_PLACEMENT_3D('',#17337,#11020,#11021);
#9566=AXIS2_PLACEMENT_3D('',#17338,#11022,#11023);
#9567=AXIS2_PLACEMENT_3D('',#17341,#11024,#11025);
#9568=AXIS2_PLACEMENT_3D('',#17344,#11028,#11029);
#9569=AXIS2_PLACEMENT_3D('',#17348,#11032,#11033);
#9570=AXIS2_PLACEMENT_3D('',#17350,#11034,#11035);
#9571=AXIS2_PLACEMENT_3D('',#17352,#11037,#11038);
#9572=AXIS2_PLACEMENT_3D('',#17354,#11039,#11040);
#9573=AXIS2_PLACEMENT_3D('',#17356,#11042,#11043);
#9574=AXIS2_PLACEMENT_3D('',#17360,#11046,#11047);
#9575=AXIS2_PLACEMENT_3D('',#17366,#11051,#11052);
#9576=AXIS2_PLACEMENT_3D('',#17370,#11055,#11056);
#9577=AXIS2_PLACEMENT_3D('',#17374,#11059,#11060);
#9578=AXIS2_PLACEMENT_3D('',#17376,#11062,#11063);
#9579=AXIS2_PLACEMENT_3D('',#17382,#11067,#11068);
#9580=AXIS2_PLACEMENT_3D('',#17386,#11071,#11072);
#9581=AXIS2_PLACEMENT_3D('',#17390,#11075,#11076);
#9582=AXIS2_PLACEMENT_3D('',#17392,#11078,#11079);
#9583=AXIS2_PLACEMENT_3D('',#17398,#11083,#11084);
#9584=AXIS2_PLACEMENT_3D('',#17402,#11087,#11088);
#9585=AXIS2_PLACEMENT_3D('',#17406,#11091,#11092);
#9586=AXIS2_PLACEMENT_3D('',#17408,#11094,#11095);
#9587=AXIS2_PLACEMENT_3D('',#17414,#11099,#11100);
#9588=AXIS2_PLACEMENT_3D('',#17418,#11103,#11104);
#9589=AXIS2_PLACEMENT_3D('',#17422,#11107,#11108);
#9590=AXIS2_PLACEMENT_3D('',#17424,#11110,#11111);
#9591=AXIS2_PLACEMENT_3D('',#17430,#11115,#11116);
#9592=AXIS2_PLACEMENT_3D('',#17434,#11119,#11120);
#9593=AXIS2_PLACEMENT_3D('',#17438,#11123,#11124);
#9594=AXIS2_PLACEMENT_3D('',#17440,#11126,#11127);
#9595=AXIS2_PLACEMENT_3D('',#17446,#11131,#11132);
#9596=AXIS2_PLACEMENT_3D('',#17450,#11135,#11136);
#9597=AXIS2_PLACEMENT_3D('',#17454,#11139,#11140);
#9598=AXIS2_PLACEMENT_3D('',#17456,#11142,#11143);
#9599=AXIS2_PLACEMENT_3D('',#17462,#11147,#11148);
#9600=AXIS2_PLACEMENT_3D('',#17466,#11151,#11152);
#9601=AXIS2_PLACEMENT_3D('',#17470,#11155,#11156);
#9602=AXIS2_PLACEMENT_3D('',#17472,#11158,#11159);
#9603=AXIS2_PLACEMENT_3D('',#17478,#11163,#11164);
#9604=AXIS2_PLACEMENT_3D('',#17482,#11167,#11168);
#9605=AXIS2_PLACEMENT_3D('',#17484,#11170,#11171);
#9606=AXIS2_PLACEMENT_3D('',#17486,#11173,#11174);
#9607=AXIS2_PLACEMENT_3D('',#17488,#11175,#11176);
#9608=AXIS2_PLACEMENT_3D('',#17490,#11178,#11179);
#9609=AXIS2_PLACEMENT_3D('',#17492,#11180,#11181);
#9610=AXIS2_PLACEMENT_3D('',#17494,#11183,#11184);
#9611=AXIS2_PLACEMENT_3D('',#17496,#11185,#11186);
#9612=AXIS2_PLACEMENT_3D('',#17498,#11188,#11189);
#9613=AXIS2_PLACEMENT_3D('',#17500,#11190,#11191);
#9614=AXIS2_PLACEMENT_3D('',#17502,#11193,#11194);
#9615=AXIS2_PLACEMENT_3D('',#17504,#11196,#11197);
#9616=AXIS2_PLACEMENT_3D('',#17505,#11198,#11199);
#9617=AXIS2_PLACEMENT_3D('',#17506,#11200,#11201);
#9618=AXIS2_PLACEMENT_3D('',#17509,#11202,#11203);
#9619=AXIS2_PLACEMENT_3D('',#17513,#11205,#11206);
#9620=AXIS2_PLACEMENT_3D('',#17515,#11208,#11209);
#9621=AXIS2_PLACEMENT_3D('',#17518,#11212,#11213);
#9622=AXIS2_PLACEMENT_3D('',#17519,#11214,#11215);
#9623=AXIS2_PLACEMENT_3D('',#17521,#11216,#11217);
#9624=AXIS2_PLACEMENT_3D('',#17524,#11219,#11220);
#9625=AXIS2_PLACEMENT_3D('',#17525,#11221,#11222);
#9626=AXIS2_PLACEMENT_3D('',#17526,#11223,#11224);
#9627=AXIS2_PLACEMENT_3D('',#17528,#11225,#11226);
#9628=AXIS2_PLACEMENT_3D('',#17531,#11228,#11229);
#9629=AXIS2_PLACEMENT_3D('',#17532,#11230,#11231);
#9630=AXIS2_PLACEMENT_3D('',#17533,#11232,#11233);
#9631=AXIS2_PLACEMENT_3D('',#17534,#11234,#11235);
#9632=AXIS2_PLACEMENT_3D('',#17535,#11236,#11237);
#9633=AXIS2_PLACEMENT_3D('',#17536,#11238,#11239);
#9634=AXIS2_PLACEMENT_3D('',#17537,#11240,#11241);
#9635=DIRECTION('axis',(0.,0.,1.));
#9636=DIRECTION('refdir',(1.,0.,0.));
#9637=DIRECTION('axis',(0.,0.,1.));
#9638=DIRECTION('refdir',(1.,0.,0.));
#9639=DIRECTION('axis',(0.,0.,1.));
#9640=DIRECTION('refdir',(1.,0.,0.));
#9641=DIRECTION('center_axis',(0.,0.,-1.));
#9642=DIRECTION('ref_axis',(-1.,0.,0.));
#9643=DIRECTION('',(-1.,0.,0.));
#9644=DIRECTION('',(0.,1.,0.));
#9645=DIRECTION('',(-1.,0.,0.));
#9646=DIRECTION('',(0.,1.,0.));
#9647=DIRECTION('center_axis',(1.,0.,0.));
#9648=DIRECTION('ref_axis',(0.,0.,-1.));
#9649=DIRECTION('',(0.,0.,-1.));
#9650=DIRECTION('',(0.,1.,0.));
#9651=DIRECTION('',(0.,0.,-1.));
#9652=DIRECTION('',(0.,1.,0.));
#9653=DIRECTION('',(0.,1.,0.));
#9654=DIRECTION('',(0.,1.,0.));
#9655=DIRECTION('',(0.,1.,0.));
#9656=DIRECTION('center_axis',(-1.,0.,0.));
#9657=DIRECTION('ref_axis',(0.,0.,1.));
#9658=DIRECTION('',(0.,0.,1.));
#9659=DIRECTION('',(0.,1.,0.));
#9660=DIRECTION('',(0.,0.,1.));
#9661=DIRECTION('center_axis',(0.,0.,-1.));
#9662=DIRECTION('ref_axis',(-1.,0.,0.));
#9663=DIRECTION('',(-1.,0.,0.));
#9664=DIRECTION('',(0.,1.,0.));
#9665=DIRECTION('',(-1.,0.,0.));
#9666=DIRECTION('center_axis',(1.,0.,0.));
#9667=DIRECTION('ref_axis',(0.,0.,-1.));
#9668=DIRECTION('',(0.,0.,-1.));
#9669=DIRECTION('',(0.,1.,0.));
#9670=DIRECTION('',(0.,0.,-1.));
#9671=DIRECTION('',(0.,1.,0.));
#9672=DIRECTION('',(0.,1.,0.));
#9673=DIRECTION('',(0.,1.,0.));
#9674=DIRECTION('',(0.,1.,0.));
#9675=DIRECTION('center_axis',(1.,0.,0.));
#9676=DIRECTION('ref_axis',(0.,0.,-1.));
#9677=DIRECTION('',(0.,0.,-1.));
#9678=DIRECTION('',(0.,1.,0.));
#9679=DIRECTION('',(0.,0.,-1.));
#9680=DIRECTION('center_axis',(0.,0.,1.));
#9681=DIRECTION('ref_axis',(1.,0.,0.));
#9682=DIRECTION('',(1.,0.,0.));
#9683=DIRECTION('',(0.,1.,0.));
#9684=DIRECTION('',(1.,0.,0.));
#9685=DIRECTION('center_axis',(-1.,0.,0.));
#9686=DIRECTION('ref_axis',(0.,0.,1.));
#9687=DIRECTION('',(0.,0.,1.));
#9688=DIRECTION('',(0.,0.,1.));
#9689=DIRECTION('center_axis',(0.,-1.,0.));
#9690=DIRECTION('ref_axis',(1.,0.,0.));
#9691=DIRECTION('center_axis',(0.,0.,-1.));
#9692=DIRECTION('ref_axis',(-1.,0.,0.));
#9693=DIRECTION('',(-1.,0.,0.));
#9694=DIRECTION('',(0.,1.,0.));
#9695=DIRECTION('',(-1.,0.,0.));
#9696=DIRECTION('',(0.,1.,0.));
#9697=DIRECTION('center_axis',(1.,0.,0.));
#9698=DIRECTION('ref_axis',(0.,0.,-1.));
#9699=DIRECTION('',(0.,0.,-1.));
#9700=DIRECTION('',(0.,1.,0.));
#9701=DIRECTION('',(0.,0.,-1.));
#9702=DIRECTION('',(0.,1.,0.));
#9703=DIRECTION('',(0.,1.,0.));
#9704=DIRECTION('',(0.,1.,0.));
#9705=DIRECTION('center_axis',(0.917170405091178,0.,-0.398495229613711));
#9706=DIRECTION('ref_axis',(-0.398495229613711,0.,-0.917170405091178));
#9707=DIRECTION('',(-0.398495229613711,0.,-0.917170405091178));
#9708=DIRECTION('',(0.,1.,0.));
#9709=DIRECTION('',(-0.398495229613711,0.,-0.917170405091178));
#9710=DIRECTION('',(0.,1.,0.));
#9711=DIRECTION('',(0.,1.,0.));
#9712=DIRECTION('',(0.,1.,0.));
#9713=DIRECTION('center_axis',(1.,0.,0.));
#9714=DIRECTION('ref_axis',(0.,0.,-1.));
#9715=DIRECTION('',(0.,0.,-1.));
#9716=DIRECTION('',(0.,1.,0.));
#9717=DIRECTION('',(0.,0.,-1.));
#9718=DIRECTION('center_axis',(0.,0.,1.));
#9719=DIRECTION('ref_axis',(1.,0.,0.));
#9720=DIRECTION('',(1.,0.,0.));
#9721=DIRECTION('',(0.,1.,0.));
#9722=DIRECTION('',(1.,0.,0.));
#9723=DIRECTION('center_axis',(-1.,0.,0.));
#9724=DIRECTION('ref_axis',(0.,0.,1.));
#9725=DIRECTION('',(0.,0.,1.));
#9726=DIRECTION('',(0.,0.,1.));
#9727=DIRECTION('center_axis',(0.,-1.,0.));
#9728=DIRECTION('ref_axis',(1.,0.,0.));
#9729=DIRECTION('center_axis',(0.,0.,-1.));
#9730=DIRECTION('ref_axis',(-1.,0.,0.));
#9731=DIRECTION('',(-1.,0.,0.));
#9732=DIRECTION('',(0.,1.,0.));
#9733=DIRECTION('',(-1.,0.,0.));
#9734=DIRECTION('',(0.,1.,0.));
#9735=DIRECTION('center_axis',(1.,0.,0.));
#9736=DIRECTION('ref_axis',(0.,0.,-1.));
#9737=DIRECTION('',(0.,0.,-1.));
#9738=DIRECTION('',(0.,1.,0.));
#9739=DIRECTION('',(0.,0.,-1.));
#9740=DIRECTION('center_axis',(0.,0.,1.));
#9741=DIRECTION('ref_axis',(1.,0.,0.));
#9742=DIRECTION('',(1.,0.,0.));
#9743=DIRECTION('',(0.,1.,0.));
#9744=DIRECTION('',(1.,0.,0.));
#9745=DIRECTION('center_axis',(-1.,0.,0.));
#9746=DIRECTION('ref_axis',(0.,0.,1.));
#9747=DIRECTION('',(0.,0.,1.));
#9748=DIRECTION('',(0.,0.,1.));
#9749=DIRECTION('center_axis',(0.,1.,0.));
#9750=DIRECTION('ref_axis',(0.,0.,1.));
#9751=DIRECTION('',(0.,1.,0.));
#9752=DIRECTION('',(0.,1.,0.));
#9753=DIRECTION('',(0.,1.,0.));
#9754=DIRECTION('',(0.,1.,0.));
#9755=DIRECTION('center_axis',(0.98367759023468,0.,-0.179939985745507));
#9756=DIRECTION('ref_axis',(-0.179939985745506,0.,-0.98367759023468));
#9757=DIRECTION('',(-0.179939985745506,0.,-0.98367759023468));
#9758=DIRECTION('',(0.,1.,0.));
#9759=DIRECTION('',(-0.179939985745506,0.,-0.98367759023468));
#9760=DIRECTION('',(0.,1.,0.));
#9761=DIRECTION('',(0.,1.,0.));
#9762=DIRECTION('',(0.,1.,0.));
#9763=DIRECTION('',(0.,1.,0.));
#9764=DIRECTION('',(0.,1.,0.));
#9765=DIRECTION('center_axis',(-1.,0.,0.));
#9766=DIRECTION('ref_axis',(0.,0.,1.));
#9767=DIRECTION('',(0.,0.,1.));
#9768=DIRECTION('',(0.,1.,0.));
#9769=DIRECTION('',(0.,0.,1.));
#9770=DIRECTION('center_axis',(0.,0.,1.));
#9771=DIRECTION('ref_axis',(1.,0.,0.));
#9772=DIRECTION('',(1.,0.,0.));
#9773=DIRECTION('',(0.,1.,0.));
#9774=DIRECTION('',(1.,0.,0.));
#9775=DIRECTION('center_axis',(-1.,0.,0.));
#9776=DIRECTION('ref_axis',(0.,0.,1.));
#9777=DIRECTION('',(0.,0.,1.));
#9778=DIRECTION('',(0.,1.,0.));
#9779=DIRECTION('',(0.,0.,1.));
#9780=DIRECTION('center_axis',(0.,0.,-1.));
#9781=DIRECTION('ref_axis',(-1.,0.,0.));
#9782=DIRECTION('',(-1.,0.,0.));
#9783=DIRECTION('',(0.,1.,0.));
#9784=DIRECTION('',(-1.,0.,0.));
#9785=DIRECTION('center_axis',(-1.,0.,0.));
#9786=DIRECTION('ref_axis',(0.,0.,1.));
#9787=DIRECTION('',(0.,0.,1.));
#9788=DIRECTION('',(0.,1.,0.));
#9789=DIRECTION('',(0.,0.,1.));
#9790=DIRECTION('center_axis',(0.,0.,-1.));
#9791=DIRECTION('ref_axis',(-1.,0.,0.));
#9792=DIRECTION('',(-1.,0.,0.));
#9793=DIRECTION('',(0.,1.,0.));
#9794=DIRECTION('',(-1.,0.,0.));
#9795=DIRECTION('center_axis',(1.,0.,0.));
#9796=DIRECTION('ref_axis',(0.,0.,-1.));
#9797=DIRECTION('',(0.,0.,-1.));
#9798=DIRECTION('',(0.,1.,0.));
#9799=DIRECTION('',(0.,0.,-1.));
#9800=DIRECTION('center_axis',(0.,0.,-1.));
#9801=DIRECTION('ref_axis',(-1.,0.,0.));
#9802=DIRECTION('',(-1.,0.,0.));
#9803=DIRECTION('',(0.,1.,0.));
#9804=DIRECTION('',(-1.,0.,0.));
#9805=DIRECTION('center_axis',(1.,0.,0.));
#9806=DIRECTION('ref_axis',(0.,0.,-1.));
#9807=DIRECTION('',(0.,0.,-1.));
#9808=DIRECTION('',(0.,1.,0.));
#9809=DIRECTION('',(0.,0.,-1.));
#9810=DIRECTION('center_axis',(0.,0.,1.));
#9811=DIRECTION('ref_axis',(1.,0.,0.));
#9812=DIRECTION('',(1.,0.,0.));
#9813=DIRECTION('',(0.,1.,0.));
#9814=DIRECTION('',(1.,0.,0.));
#9815=DIRECTION('center_axis',(0.,-1.,0.));
#9816=DIRECTION('ref_axis',(1.,0.,0.));
#9817=DIRECTION('center_axis',(0.,0.,-1.));
#9818=DIRECTION('ref_axis',(-1.,0.,0.));
#9819=DIRECTION('',(-1.,0.,0.));
#9820=DIRECTION('',(0.,1.,0.));
#9821=DIRECTION('',(-1.,0.,0.));
#9822=DIRECTION('',(0.,1.,0.));
#9823=DIRECTION('center_axis',(1.,0.,0.));
#9824=DIRECTION('ref_axis',(0.,0.,-1.));
#9825=DIRECTION('',(0.,0.,-1.));
#9826=DIRECTION('',(0.,1.,0.));
#9827=DIRECTION('',(0.,0.,-1.));
#9828=DIRECTION('center_axis',(-0.968802679285774,0.,-0.247833348459616));
#9829=DIRECTION('ref_axis',(-0.247833348459616,0.,0.968802679285774));
#9830=DIRECTION('',(-0.247833348459616,0.,0.968802679285774));
#9831=DIRECTION('',(0.,1.,0.));
#9832=DIRECTION('',(-0.247833348459616,0.,0.968802679285774));
#9833=DIRECTION('center_axis',(0.,0.,-1.));
#9834=DIRECTION('ref_axis',(-1.,0.,0.));
#9835=DIRECTION('',(-1.,0.,0.));
#9836=DIRECTION('',(0.,1.,0.));
#9837=DIRECTION('',(-1.,0.,0.));
#9838=DIRECTION('center_axis',(0.968594315966533,0.,-0.248646437893896));
#9839=DIRECTION('ref_axis',(-0.248646437893896,0.,-0.968594315966534));
#9840=DIRECTION('',(-0.248646437893896,0.,-0.968594315966534));
#9841=DIRECTION('',(0.,1.,0.));
#9842=DIRECTION('',(-0.248646437893896,0.,-0.968594315966534));
#9843=DIRECTION('center_axis',(-1.,0.,0.));
#9844=DIRECTION('ref_axis',(0.,0.,1.));
#9845=DIRECTION('',(0.,0.,1.));
#9846=DIRECTION('',(0.,1.,0.));
#9847=DIRECTION('',(0.,0.,1.));
#9848=DIRECTION('center_axis',(0.,0.,-1.));
#9849=DIRECTION('ref_axis',(-1.,0.,0.));
#9850=DIRECTION('',(-1.,0.,0.));
#9851=DIRECTION('',(0.,1.,0.));
#9852=DIRECTION('',(-1.,0.,0.));
#9853=DIRECTION('center_axis',(1.,0.,0.));
#9854=DIRECTION('ref_axis',(0.,0.,-1.));
#9855=DIRECTION('',(0.,0.,-1.));
#9856=DIRECTION('',(0.,1.,0.));
#9857=DIRECTION('',(0.,0.,-1.));
#9858=DIRECTION('center_axis',(0.,0.,1.));
#9859=DIRECTION('ref_axis',(1.,0.,0.));
#9860=DIRECTION('',(1.,0.,0.));
#9861=DIRECTION('',(0.,1.,0.));
#9862=DIRECTION('',(1.,0.,0.));
#9863=DIRECTION('center_axis',(-0.968590104985145,0.,0.248662841061678));
#9864=DIRECTION('ref_axis',(0.248662841061678,0.,0.968590104985145));
#9865=DIRECTION('',(0.248662841061678,0.,0.968590104985145));
#9866=DIRECTION('',(0.,1.,0.));
#9867=DIRECTION('',(0.248662841061678,0.,0.968590104985145));
#9868=DIRECTION('center_axis',(0.968328108479697,0.,0.249681145319652));
#9869=DIRECTION('ref_axis',(0.249681145319652,0.,-0.968328108479697));
#9870=DIRECTION('',(0.249681145319652,0.,-0.968328108479697));
#9871=DIRECTION('',(0.,1.,0.));
#9872=DIRECTION('',(0.249681145319652,0.,-0.968328108479697));
#9873=DIRECTION('center_axis',(0.,0.,1.));
#9874=DIRECTION('ref_axis',(1.,0.,0.));
#9875=DIRECTION('',(1.,0.,0.));
#9876=DIRECTION('',(0.,1.,0.));
#9877=DIRECTION('',(1.,0.,0.));
#9878=DIRECTION('center_axis',(-1.,0.,0.));
#9879=DIRECTION('ref_axis',(0.,0.,1.));
#9880=DIRECTION('',(0.,0.,1.));
#9881=DIRECTION('',(0.,0.,1.));
#9882=DIRECTION('center_axis',(0.,1.,0.));
#9883=DIRECTION('ref_axis',(0.,0.,1.));
#9884=DIRECTION('',(0.,1.,0.));
#9885=DIRECTION('',(0.,1.,0.));
#9886=DIRECTION('',(0.,1.,0.));
#9887=DIRECTION('',(0.,1.,0.));
#9888=DIRECTION('',(0.,1.,0.));
#9889=DIRECTION('',(0.,1.,0.));
#9890=DIRECTION('',(0.,1.,0.));
#9891=DIRECTION('',(0.,1.,0.));
#9892=DIRECTION('center_axis',(0.131995339323359,0.,-0.991250336896241));
#9893=DIRECTION('ref_axis',(-0.991250336896241,0.,-0.131995339323359));
#9894=DIRECTION('',(-0.991250336896241,0.,-0.131995339323359));
#9895=DIRECTION('',(0.,1.,0.));
#9896=DIRECTION('',(-0.991250336896241,0.,-0.131995339323359));
#9897=DIRECTION('',(0.,1.,0.));
#9898=DIRECTION('',(0.,1.,0.));
#9899=DIRECTION('',(0.,1.,0.));
#9900=DIRECTION('',(0.,1.,0.));
#9901=DIRECTION('',(0.,1.,0.));
#9902=DIRECTION('',(0.,1.,0.));
#9903=DIRECTION('',(0.,1.,0.));
#9904=DIRECTION('',(0.,1.,0.));
#9905=DIRECTION('',(0.,1.,0.));
#9906=DIRECTION('',(0.,1.,0.));
#9907=DIRECTION('',(0.,1.,0.));
#9908=DIRECTION('',(0.,1.,0.));
#9909=DIRECTION('',(0.,1.,0.));
#9910=DIRECTION('center_axis',(0.112967592435121,0.,0.993598673036258));
#9911=DIRECTION('ref_axis',(0.993598673036258,0.,-0.112967592435121));
#9912=DIRECTION('',(0.993598673036258,0.,-0.112967592435121));
#9913=DIRECTION('',(0.,1.,0.));
#9914=DIRECTION('',(0.993598673036258,0.,-0.112967592435121));
#9915=DIRECTION('center_axis',(0.,-1.,0.));
#9916=DIRECTION('ref_axis',(1.,0.,0.));
#9917=DIRECTION('',(0.,1.,0.));
#9918=DIRECTION('',(0.,1.,0.));
#9919=DIRECTION('',(0.,1.,0.));
#9920=DIRECTION('',(0.,1.,0.));
#9921=DIRECTION('',(0.,1.,0.));
#9922=DIRECTION('',(0.,1.,0.));
#9923=DIRECTION('',(0.,1.,0.));
#9924=DIRECTION('',(0.,1.,0.));
#9925=DIRECTION('',(0.,1.,0.));
#9926=DIRECTION('',(0.,1.,0.));
#9927=DIRECTION('',(0.,1.,0.));
#9928=DIRECTION('',(0.,1.,0.));
#9929=DIRECTION('',(0.,1.,0.));
#9930=DIRECTION('',(0.,1.,0.));
#9931=DIRECTION('',(0.,1.,0.));
#9932=DIRECTION('',(0.,1.,0.));
#9933=DIRECTION('center_axis',(0.,-1.,0.));
#9934=DIRECTION('ref_axis',(1.,0.,0.));
#9935=DIRECTION('',(0.,1.,0.));
#9936=DIRECTION('',(0.,1.,0.));
#9937=DIRECTION('',(0.,1.,0.));
#9938=DIRECTION('',(0.,1.,0.));
#9939=DIRECTION('',(0.,1.,0.));
#9940=DIRECTION('',(0.,1.,0.));
#9941=DIRECTION('',(0.,1.,0.));
#9942=DIRECTION('',(0.,1.,0.));
#9943=DIRECTION('',(0.,1.,0.));
#9944=DIRECTION('center_axis',(-1.,0.,0.));
#9945=DIRECTION('ref_axis',(0.,0.,1.));
#9946=DIRECTION('',(0.,0.,1.));
#9947=DIRECTION('',(0.,0.,1.));
#9948=DIRECTION('',(0.,1.,0.));
#9949=DIRECTION('',(0.,1.,0.));
#9950=DIRECTION('',(0.,1.,0.));
#9951=DIRECTION('',(0.,1.,0.));
#9952=DIRECTION('',(0.,1.,0.));
#9953=DIRECTION('',(0.,1.,0.));
#9954=DIRECTION('',(0.,1.,0.));
#9955=DIRECTION('',(0.,1.,0.));
#9956=DIRECTION('',(0.,1.,0.));
#9957=DIRECTION('',(0.,1.,0.));
#9958=DIRECTION('',(0.,1.,0.));
#9959=DIRECTION('',(0.,1.,0.));
#9960=DIRECTION('',(0.,1.,0.));
#9961=DIRECTION('',(0.,1.,0.));
#9962=DIRECTION('center_axis',(0.,0.,-1.));
#9963=DIRECTION('ref_axis',(-1.,0.,0.));
#9964=DIRECTION('',(-1.,0.,0.));
#9965=DIRECTION('',(0.,1.,0.));
#9966=DIRECTION('',(-1.,0.,0.));
#9967=DIRECTION('',(0.,1.,0.));
#9968=DIRECTION('',(0.,1.,0.));
#9969=DIRECTION('center_axis',(1.,0.,0.));
#9970=DIRECTION('ref_axis',(0.,0.,-1.));
#9971=DIRECTION('',(0.,0.,-1.));
#9972=DIRECTION('',(0.,1.,0.));
#9973=DIRECTION('',(0.,0.,-1.));
#9974=DIRECTION('',(0.,1.,0.));
#9975=DIRECTION('',(0.,1.,0.));
#9976=DIRECTION('',(0.,1.,0.));
#9977=DIRECTION('',(0.,1.,0.));
#9978=DIRECTION('',(0.,1.,0.));
#9979=DIRECTION('',(0.,1.,0.));
#9980=DIRECTION('',(0.,1.,0.));
#9981=DIRECTION('',(0.,1.,0.));
#9982=DIRECTION('center_axis',(-0.104817969413205,0.,-0.994491424441705));
#9983=DIRECTION('ref_axis',(-0.994491424441705,0.,0.104817969413205));
#9984=DIRECTION('',(-0.994491424441705,0.,0.104817969413205));
#9985=DIRECTION('',(0.,1.,0.));
#9986=DIRECTION('',(-0.994491424441705,0.,0.104817969413205));
#9987=DIRECTION('center_axis',(0.,-1.,0.));
#9988=DIRECTION('ref_axis',(1.,0.,0.));
#9989=DIRECTION('',(0.,1.,0.));
#9990=DIRECTION('',(0.,1.,0.));
#9991=DIRECTION('',(0.,1.,0.));
#9992=DIRECTION('',(0.,1.,0.));
#9993=DIRECTION('',(0.,1.,0.));
#9994=DIRECTION('',(0.,1.,0.));
#9995=DIRECTION('',(0.,1.,0.));
#9996=DIRECTION('',(0.,1.,0.));
#9997=DIRECTION('center_axis',(1.,0.,0.));
#9998=DIRECTION('ref_axis',(0.,0.,-1.));
#9999=DIRECTION('',(0.,0.,-1.));
#10000=DIRECTION('',(0.,1.,0.));
#10001=DIRECTION('',(0.,0.,-1.));
#10002=DIRECTION('',(0.,1.,0.));
#10003=DIRECTION('',(0.,1.,0.));
#10004=DIRECTION('',(0.,1.,0.));
#10005=DIRECTION('',(0.,1.,0.));
#10006=DIRECTION('',(0.,1.,0.));
#10007=DIRECTION('',(0.,1.,0.));
#10008=DIRECTION('',(0.,1.,0.));
#10009=DIRECTION('',(0.,1.,0.));
#10010=DIRECTION('',(0.,1.,0.));
#10011=DIRECTION('center_axis',(1.,0.,0.));
#10012=DIRECTION('ref_axis',(0.,0.,-1.));
#10013=DIRECTION('',(0.,0.,-1.));
#10014=DIRECTION('',(0.,1.,0.));
#10015=DIRECTION('',(0.,0.,-1.));
#10016=DIRECTION('center_axis',(0.,0.,1.));
#10017=DIRECTION('ref_axis',(1.,0.,0.));
#10018=DIRECTION('',(1.,0.,0.));
#10019=DIRECTION('',(0.,1.,0.));
#10020=DIRECTION('',(1.,0.,0.));
#10021=DIRECTION('center_axis',(-1.,0.,0.));
#10022=DIRECTION('ref_axis',(0.,0.,1.));
#10023=DIRECTION('',(0.,0.,1.));
#10024=DIRECTION('',(0.,1.,0.));
#10025=DIRECTION('',(0.,0.,1.));
#10026=DIRECTION('center_axis',(0.,0.,-1.));
#10027=DIRECTION('ref_axis',(-1.,0.,0.));
#10028=DIRECTION('',(-1.,0.,0.));
#10029=DIRECTION('',(-1.,0.,0.));
#10030=DIRECTION('center_axis',(0.,-1.,0.));
#10031=DIRECTION('ref_axis',(1.,0.,0.));
#10032=DIRECTION('center_axis',(0.,0.,-1.));
#10033=DIRECTION('ref_axis',(-1.,0.,0.));
#10034=DIRECTION('',(-1.,0.,0.));
#10035=DIRECTION('',(0.,1.,0.));
#10036=DIRECTION('',(-1.,0.,0.));
#10037=DIRECTION('',(0.,1.,0.));
#10038=DIRECTION('center_axis',(1.,0.,0.));
#10039=DIRECTION('ref_axis',(0.,0.,-1.));
#10040=DIRECTION('',(0.,0.,-1.));
#10041=DIRECTION('',(0.,1.,0.));
#10042=DIRECTION('',(0.,0.,-1.));
#10043=DIRECTION('',(0.,1.,0.));
#10044=DIRECTION('',(0.,1.,0.));
#10045=DIRECTION('',(0.,1.,0.));
#10046=DIRECTION('center_axis',(0.91717025880899,0.,-0.398495566294344));
#10047=DIRECTION('ref_axis',(-0.398495566294344,0.,-0.91717025880899));
#10048=DIRECTION('',(-0.398495566294344,0.,-0.91717025880899));
#10049=DIRECTION('',(0.,1.,0.));
#10050=DIRECTION('',(-0.398495566294344,0.,-0.91717025880899));
#10051=DIRECTION('',(0.,1.,0.));
#10052=DIRECTION('',(0.,1.,0.));
#10053=DIRECTION('',(0.,1.,0.));
#10054=DIRECTION('center_axis',(1.,0.,0.));
#10055=DIRECTION('ref_axis',(0.,0.,-1.));
#10056=DIRECTION('',(0.,0.,-1.));
#10057=DIRECTION('',(0.,1.,0.));
#10058=DIRECTION('',(0.,0.,-1.));
#10059=DIRECTION('center_axis',(0.,0.,1.));
#10060=DIRECTION('ref_axis',(1.,0.,0.));
#10061=DIRECTION('',(1.,0.,0.));
#10062=DIRECTION('',(0.,1.,0.));
#10063=DIRECTION('',(1.,0.,0.));
#10064=DIRECTION('center_axis',(-1.,0.,0.));
#10065=DIRECTION('ref_axis',(0.,0.,1.));
#10066=DIRECTION('',(0.,0.,1.));
#10067=DIRECTION('',(0.,0.,1.));
#10068=DIRECTION('center_axis',(0.,-1.,0.));
#10069=DIRECTION('ref_axis',(1.,0.,0.));
#10070=DIRECTION('',(0.,1.,0.));
#10071=DIRECTION('',(0.,1.,0.));
#10072=DIRECTION('',(0.,1.,0.));
#10073=DIRECTION('',(0.,1.,0.));
#10074=DIRECTION('',(0.,1.,0.));
#10075=DIRECTION('',(0.,1.,0.));
#10076=DIRECTION('',(0.,1.,0.));
#10077=DIRECTION('',(0.,1.,0.));
#10078=DIRECTION('',(0.,1.,0.));
#10079=DIRECTION('center_axis',(-1.,0.,0.));
#10080=DIRECTION('ref_axis',(0.,0.,1.));
#10081=DIRECTION('',(0.,0.,1.));
#10082=DIRECTION('',(0.,0.,1.));
#10083=DIRECTION('',(0.,1.,0.));
#10084=DIRECTION('',(0.,1.,0.));
#10085=DIRECTION('',(0.,1.,0.));
#10086=DIRECTION('',(0.,1.,0.));
#10087=DIRECTION('',(0.,1.,0.));
#10088=DIRECTION('',(0.,1.,0.));
#10089=DIRECTION('',(0.,1.,0.));
#10090=DIRECTION('',(0.,1.,0.));
#10091=DIRECTION('',(0.,1.,0.));
#10092=DIRECTION('',(0.,1.,0.));
#10093=DIRECTION('',(0.,1.,0.));
#10094=DIRECTION('',(0.,1.,0.));
#10095=DIRECTION('',(0.,1.,0.));
#10096=DIRECTION('',(0.,1.,0.));
#10097=DIRECTION('center_axis',(0.,0.,-1.));
#10098=DIRECTION('ref_axis',(-1.,0.,0.));
#10099=DIRECTION('',(-1.,0.,0.));
#10100=DIRECTION('',(0.,1.,0.));
#10101=DIRECTION('',(-1.,0.,0.));
#10102=DIRECTION('',(0.,1.,0.));
#10103=DIRECTION('',(0.,1.,0.));
#10104=DIRECTION('center_axis',(1.,0.,0.));
#10105=DIRECTION('ref_axis',(0.,0.,-1.));
#10106=DIRECTION('',(0.,0.,-1.));
#10107=DIRECTION('',(0.,1.,0.));
#10108=DIRECTION('',(0.,0.,-1.));
#10109=DIRECTION('',(0.,1.,0.));
#10110=DIRECTION('',(0.,1.,0.));
#10111=DIRECTION('',(0.,1.,0.));
#10112=DIRECTION('',(0.,1.,0.));
#10113=DIRECTION('',(0.,1.,0.));
#10114=DIRECTION('',(0.,1.,0.));
#10115=DIRECTION('',(0.,1.,0.));
#10116=DIRECTION('',(0.,1.,0.));
#10117=DIRECTION('center_axis',(-0.104817969413205,0.,-0.994491424441705));
#10118=DIRECTION('ref_axis',(-0.994491424441705,0.,0.104817969413205));
#10119=DIRECTION('',(-0.994491424441705,0.,0.104817969413205));
#10120=DIRECTION('',(0.,1.,0.));
#10121=DIRECTION('',(-0.994491424441705,0.,0.104817969413205));
#10122=DIRECTION('center_axis',(0.,-1.,0.));
#10123=DIRECTION('ref_axis',(1.,0.,0.));
#10124=DIRECTION('',(0.,1.,0.));
#10125=DIRECTION('',(0.,1.,0.));
#10126=DIRECTION('',(0.,1.,0.));
#10127=DIRECTION('',(0.,1.,0.));
#10128=DIRECTION('',(0.,1.,0.));
#10129=DIRECTION('',(0.,1.,0.));
#10130=DIRECTION('',(0.,1.,0.));
#10131=DIRECTION('',(0.,1.,0.));
#10132=DIRECTION('center_axis',(-1.,0.,0.));
#10133=DIRECTION('ref_axis',(0.,0.,1.));
#10134=DIRECTION('',(0.,0.,1.));
#10135=DIRECTION('',(0.,1.,0.));
#10136=DIRECTION('',(0.,0.,1.));
#10137=DIRECTION('',(0.,1.,0.));
#10138=DIRECTION('',(0.,1.,0.));
#10139=DIRECTION('',(0.,1.,0.));
#10140=DIRECTION('',(0.,1.,0.));
#10141=DIRECTION('',(0.,1.,0.));
#10142=DIRECTION('',(0.,1.,0.));
#10143=DIRECTION('',(0.,1.,0.));
#10144=DIRECTION('',(0.,1.,0.));
#10145=DIRECTION('',(0.,1.,0.));
#10146=DIRECTION('center_axis',(-1.,0.,0.));
#10147=DIRECTION('ref_axis',(0.,0.,1.));
#10148=DIRECTION('',(0.,0.,1.));
#10149=DIRECTION('',(0.,1.,0.));
#10150=DIRECTION('',(0.,0.,1.));
#10151=DIRECTION('center_axis',(0.,0.,-1.));
#10152=DIRECTION('ref_axis',(-1.,0.,0.));
#10153=DIRECTION('',(-1.,0.,0.));
#10154=DIRECTION('',(0.,1.,0.));
#10155=DIRECTION('',(-1.,0.,0.));
#10156=DIRECTION('center_axis',(1.,0.,0.));
#10157=DIRECTION('ref_axis',(0.,0.,-1.));
#10158=DIRECTION('',(0.,0.,-1.));
#10159=DIRECTION('',(0.,1.,0.));
#10160=DIRECTION('',(0.,0.,-1.));
#10161=DIRECTION('center_axis',(0.,0.,1.));
#10162=DIRECTION('ref_axis',(1.,0.,0.));
#10163=DIRECTION('',(1.,0.,0.));
#10164=DIRECTION('',(1.,0.,0.));
#10165=DIRECTION('center_axis',(0.,-1.,0.));
#10166=DIRECTION('ref_axis',(1.,0.,0.));
#10167=DIRECTION('center_axis',(0.,0.,-1.));
#10168=DIRECTION('ref_axis',(-1.,0.,0.));
#10169=DIRECTION('',(-1.,0.,0.));
#10170=DIRECTION('',(0.,1.,0.));
#10171=DIRECTION('',(-1.,0.,0.));
#10172=DIRECTION('',(0.,1.,0.));
#10173=DIRECTION('center_axis',(1.,0.,0.));
#10174=DIRECTION('ref_axis',(0.,0.,-1.));
#10175=DIRECTION('',(0.,0.,-1.));
#10176=DIRECTION('',(0.,1.,0.));
#10177=DIRECTION('',(0.,0.,-1.));
#10178=DIRECTION('center_axis',(0.,0.,1.));
#10179=DIRECTION('ref_axis',(1.,0.,0.));
#10180=DIRECTION('',(1.,0.,0.));
#10181=DIRECTION('',(0.,1.,0.));
#10182=DIRECTION('',(1.,0.,0.));
#10183=DIRECTION('center_axis',(-1.,0.,0.));
#10184=DIRECTION('ref_axis',(0.,0.,1.));
#10185=DIRECTION('',(0.,0.,1.));
#10186=DIRECTION('',(0.,0.,1.));
#10187=DIRECTION('center_axis',(0.,1.,0.));
#10188=DIRECTION('ref_axis',(0.,0.,1.));
#10189=DIRECTION('center_axis',(0.,0.,-1.));
#10190=DIRECTION('ref_axis',(-1.,0.,0.));
#10191=DIRECTION('',(-1.,0.,0.));
#10192=DIRECTION('',(0.,1.,0.));
#10193=DIRECTION('',(-1.,0.,0.));
#10194=DIRECTION('',(0.,1.,0.));
#10195=DIRECTION('center_axis',(1.,0.,0.));
#10196=DIRECTION('ref_axis',(0.,0.,-1.));
#10197=DIRECTION('',(0.,0.,-1.));
#10198=DIRECTION('',(0.,1.,0.));
#10199=DIRECTION('',(0.,0.,-1.));
#10200=DIRECTION('',(0.,1.,0.));
#10201=DIRECTION('',(0.,1.,0.));
#10202=DIRECTION('',(0.,1.,0.));
#10203=DIRECTION('center_axis',(0.917171078451113,0.,-0.398493679815404));
#10204=DIRECTION('ref_axis',(-0.398493679815404,0.,-0.917171078451113));
#10205=DIRECTION('',(-0.398493679815404,0.,-0.917171078451113));
#10206=DIRECTION('',(0.,1.,0.));
#10207=DIRECTION('',(-0.398493679815404,0.,-0.917171078451113));
#10208=DIRECTION('',(0.,1.,0.));
#10209=DIRECTION('',(0.,1.,0.));
#10210=DIRECTION('',(0.,1.,0.));
#10211=DIRECTION('center_axis',(1.,0.,0.));
#10212=DIRECTION('ref_axis',(0.,0.,-1.));
#10213=DIRECTION('',(0.,0.,-1.));
#10214=DIRECTION('',(0.,1.,0.));
#10215=DIRECTION('',(0.,0.,-1.));
#10216=DIRECTION('center_axis',(0.,0.,1.));
#10217=DIRECTION('ref_axis',(1.,0.,0.));
#10218=DIRECTION('',(1.,0.,0.));
#10219=DIRECTION('',(0.,1.,0.));
#10220=DIRECTION('',(1.,0.,0.));
#10221=DIRECTION('center_axis',(-1.,0.,0.));
#10222=DIRECTION('ref_axis',(0.,0.,1.));
#10223=DIRECTION('',(0.,0.,1.));
#10224=DIRECTION('',(0.,0.,1.));
#10225=DIRECTION('center_axis',(0.,-1.,0.));
#10226=DIRECTION('ref_axis',(1.,0.,0.));
#10227=DIRECTION('',(0.,1.,0.));
#10228=DIRECTION('',(0.,1.,0.));
#10229=DIRECTION('',(0.,1.,0.));
#10230=DIRECTION('',(0.,1.,0.));
#10231=DIRECTION('',(0.,1.,0.));
#10232=DIRECTION('center_axis',(0.,0.,1.));
#10233=DIRECTION('ref_axis',(1.,0.,0.));
#10234=DIRECTION('',(1.,0.,0.));
#10235=DIRECTION('',(1.,0.,0.));
#10236=DIRECTION('',(0.,1.,0.));
#10237=DIRECTION('',(0.,1.,0.));
#10238=DIRECTION('',(0.,1.,0.));
#10239=DIRECTION('',(0.,1.,0.));
#10240=DIRECTION('',(0.,1.,0.));
#10241=DIRECTION('',(0.,1.,0.));
#10242=DIRECTION('',(0.,1.,0.));
#10243=DIRECTION('',(0.,1.,0.));
#10244=DIRECTION('',(0.,1.,0.));
#10245=DIRECTION('',(0.,1.,0.));
#10246=DIRECTION('',(0.,1.,0.));
#10247=DIRECTION('center_axis',(0.0918784837846486,0.,0.995770226617283));
#10248=DIRECTION('ref_axis',(0.995770226617283,0.,-0.0918784837846486));
#10249=DIRECTION('',(0.995770226617283,0.,-0.0918784837846486));
#10250=DIRECTION('',(0.,1.,0.));
#10251=DIRECTION('',(0.995770226617283,0.,-0.0918784837846486));
#10252=DIRECTION('',(0.,1.,0.));
#10253=DIRECTION('',(0.,1.,0.));
#10254=DIRECTION('',(0.,1.,0.));
#10255=DIRECTION('',(0.,1.,0.));
#10256=DIRECTION('center_axis',(0.,0.,-1.));
#10257=DIRECTION('ref_axis',(-1.,0.,0.));
#10258=DIRECTION('',(-1.,0.,0.));
#10259=DIRECTION('',(0.,1.,0.));
#10260=DIRECTION('',(-1.,0.,0.));
#10261=DIRECTION('center_axis',(1.,0.,0.));
#10262=DIRECTION('ref_axis',(0.,0.,-1.));
#10263=DIRECTION('',(0.,0.,-1.));
#10264=DIRECTION('',(0.,0.,-1.));
#10265=DIRECTION('center_axis',(0.,-1.,0.));
#10266=DIRECTION('ref_axis',(1.,0.,0.));
#10267=DIRECTION('',(0.,1.,0.));
#10268=DIRECTION('',(0.,1.,0.));
#10269=DIRECTION('',(0.,1.,0.));
#10270=DIRECTION('',(0.,1.,0.));
#10271=DIRECTION('',(0.,1.,0.));
#10272=DIRECTION('',(0.,1.,0.));
#10273=DIRECTION('',(0.,1.,0.));
#10274=DIRECTION('',(0.,1.,0.));
#10275=DIRECTION('',(0.,1.,0.));
#10276=DIRECTION('',(0.,1.,0.));
#10277=DIRECTION('',(0.,1.,0.));
#10278=DIRECTION('',(0.,1.,0.));
#10279=DIRECTION('',(0.,1.,0.));
#10280=DIRECTION('',(0.,1.,0.));
#10281=DIRECTION('center_axis',(0.0584475210300519,0.,-0.998290482417538));
#10282=DIRECTION('ref_axis',(-0.998290482417538,0.,-0.0584475210300519));
#10283=DIRECTION('',(-0.998290482417538,0.,-0.0584475210300519));
#10284=DIRECTION('',(0.,1.,0.));
#10285=DIRECTION('',(-0.998290482417538,0.,-0.0584475210300519));
#10286=DIRECTION('',(0.,1.,0.));
#10287=DIRECTION('',(0.,1.,0.));
#10288=DIRECTION('',(0.,1.,0.));
#10289=DIRECTION('',(0.,1.,0.));
#10290=DIRECTION('',(0.,1.,0.));
#10291=DIRECTION('',(0.,1.,0.));
#10292=DIRECTION('',(0.,1.,0.));
#10293=DIRECTION('',(0.,1.,0.));
#10294=DIRECTION('',(0.,1.,0.));
#10295=DIRECTION('',(0.,1.,0.));
#10296=DIRECTION('',(0.,1.,0.));
#10297=DIRECTION('',(0.,1.,0.));
#10298=DIRECTION('',(0.,1.,0.));
#10299=DIRECTION('center_axis',(-0.0625223650331773,0.,0.998043563112682));
#10300=DIRECTION('ref_axis',(0.998043563112682,0.,0.0625223650331773));
#10301=DIRECTION('',(0.998043563112682,0.,0.0625223650331773));
#10302=DIRECTION('',(0.,1.,0.));
#10303=DIRECTION('',(0.998043563112682,0.,0.0625223650331773));
#10304=DIRECTION('center_axis',(0.,-1.,0.));
#10305=DIRECTION('ref_axis',(1.,0.,0.));
#10306=DIRECTION('center_axis',(0.,1.,0.));
#10307=DIRECTION('ref_axis',(1.,0.,0.));
#10308=DIRECTION('center_axis',(0.,1.,0.));
#10309=DIRECTION('ref_axis',(-0.707106781186547,0.,0.707106781186547));
#10310=DIRECTION('',(0.,0.,-1.));
#10311=DIRECTION('center_axis',(0.,1.,0.));
#10312=DIRECTION('ref_axis',(-0.707106781186547,0.,-0.707106781186547));
#10313=DIRECTION('',(1.,0.,0.));
#10314=DIRECTION('center_axis',(0.,1.,0.));
#10315=DIRECTION('ref_axis',(0.707106781186547,0.,-0.707106781186547));
#10316=DIRECTION('',(0.,0.,1.));
#10317=DIRECTION('center_axis',(0.,1.,0.));
#10318=DIRECTION('ref_axis',(0.707106781186547,0.,0.707106781186547));
#10319=DIRECTION('',(-1.,0.,3.73623767331367E-17));
#10320=DIRECTION('center_axis',(0.,1.,0.));
#10321=DIRECTION('ref_axis',(1.,0.,0.));
#10322=DIRECTION('center_axis',(0.,1.,0.));
#10323=DIRECTION('ref_axis',(1.,0.,0.));
#10324=DIRECTION('center_axis',(0.,1.,0.));
#10325=DIRECTION('ref_axis',(1.,0.,0.));
#10326=DIRECTION('center_axis',(0.,1.,0.));
#10327=DIRECTION('ref_axis',(1.,0.,0.));
#10328=DIRECTION('center_axis',(0.,1.,0.));
#10329=DIRECTION('ref_axis',(1.,0.,0.));
#10330=DIRECTION('center_axis',(0.,1.,0.));
#10331=DIRECTION('ref_axis',(1.,0.,0.));
#10332=DIRECTION('center_axis',(0.,1.,0.));
#10333=DIRECTION('ref_axis',(1.,0.,0.));
#10334=DIRECTION('center_axis',(0.,1.,0.));
#10335=DIRECTION('ref_axis',(1.,0.,0.));
#10336=DIRECTION('center_axis',(0.,1.,0.));
#10337=DIRECTION('ref_axis',(1.,0.,0.));
#10338=DIRECTION('center_axis',(3.73623767331367E-17,0.,1.));
#10339=DIRECTION('ref_axis',(1.,0.,-3.73623767331367E-17));
#10340=DIRECTION('',(0.,1.,0.));
#10341=DIRECTION('',(0.,-1.,0.));
#10342=DIRECTION('',(1.,0.,-3.73623767331367E-17));
#10343=DIRECTION('center_axis',(0.,1.,0.));
#10344=DIRECTION('ref_axis',(1.,0.,0.));
#10345=DIRECTION('center_axis',(1.,0.,0.));
#10346=DIRECTION('ref_axis',(0.,0.,-1.));
#10347=DIRECTION('',(0.,1.,0.));
#10348=DIRECTION('',(0.,-1.,0.));
#10349=DIRECTION('',(0.,0.,-1.));
#10350=DIRECTION('center_axis',(-1.,0.,0.));
#10351=DIRECTION('ref_axis',(0.,0.,1.));
#10352=DIRECTION('',(0.,-1.,0.));
#10353=DIRECTION('',(0.,0.,1.));
#10354=DIRECTION('',(0.,1.,0.));
#10355=DIRECTION('center_axis',(0.,1.,0.));
#10356=DIRECTION('ref_axis',(1.,0.,0.));
#10357=DIRECTION('center_axis',(0.,1.,0.));
#10358=DIRECTION('ref_axis',(1.,0.,0.));
#10359=DIRECTION('',(0.,1.,0.));
#10360=DIRECTION('center_axis',(0.,-1.,0.));
#10361=DIRECTION('ref_axis',(1.,0.,0.));
#10362=DIRECTION('center_axis',(0.,1.,0.));
#10363=DIRECTION('ref_axis',(1.,0.,0.));
#10364=DIRECTION('center_axis',(0.,1.,0.));
#10365=DIRECTION('ref_axis',(1.,0.,0.));
#10366=DIRECTION('center_axis',(0.,1.,0.));
#10367=DIRECTION('ref_axis',(0.707106781186547,0.,0.707106781186548));
#10368=DIRECTION('center_axis',(0.,-1.,0.));
#10369=DIRECTION('ref_axis',(0.707106781186547,0.,0.707106781186548));
#10370=DIRECTION('center_axis',(0.,1.,0.));
#10371=DIRECTION('ref_axis',(0.,0.,1.));
#10372=DIRECTION('center_axis',(0.,-1.,0.));
#10373=DIRECTION('ref_axis',(0.707106781186547,0.,-0.707106781186547));
#10374=DIRECTION('',(-1.,0.,0.));
#10375=DIRECTION('',(0.,0.,1.));
#10376=DIRECTION('',(1.,0.,0.));
#10377=DIRECTION('',(0.,0.,1.));
#10378=DIRECTION('',(-1.,0.,0.));
#10379=DIRECTION('',(0.,0.,-1.));
#10380=DIRECTION('',(1.,0.,0.));
#10381=DIRECTION('',(0.,0.,-1.));
#10382=DIRECTION('',(-1.,0.,0.));
#10383=DIRECTION('center_axis',(0.,-1.,0.));
#10384=DIRECTION('ref_axis',(-0.707106781186547,0.,-0.707106781186547));
#10385=DIRECTION('center_axis',(0.,-1.,0.));
#10386=DIRECTION('ref_axis',(-0.707106781186547,0.,0.707106781186547));
#10387=DIRECTION('center_axis',(0.,-1.,0.));
#10388=DIRECTION('ref_axis',(1.,0.,0.));
#10389=DIRECTION('center_axis',(0.,-1.,0.));
#10390=DIRECTION('ref_axis',(1.,0.,0.));
#10391=DIRECTION('center_axis',(0.,-1.,0.));
#10392=DIRECTION('ref_axis',(1.,0.,0.));
#10393=DIRECTION('center_axis',(0.,-1.,0.));
#10394=DIRECTION('ref_axis',(1.,0.,0.));
#10395=DIRECTION('center_axis',(0.,1.,0.));
#10396=DIRECTION('ref_axis',(0.707106781186547,0.,-0.707106781186547));
#10397=DIRECTION('',(0.,1.,0.));
#10398=DIRECTION('center_axis',(0.,1.,0.));
#10399=DIRECTION('ref_axis',(-0.707106781186547,0.,0.707106781186547));
#10400=DIRECTION('center_axis',(0.,1.,0.));
#10401=DIRECTION('ref_axis',(-0.707106781186547,0.,-0.707106781186547));
#10402=DIRECTION('',(0.,-1.,0.));
#10403=DIRECTION('center_axis',(-1.,0.,0.));
#10404=DIRECTION('ref_axis',(0.,0.,-1.));
#10405=DIRECTION('',(0.,1.,0.));
#10406=DIRECTION('',(0.,0.,-1.));
#10407=DIRECTION('',(0.,-1.,0.));
#10408=DIRECTION('center_axis',(1.,0.,0.));
#10409=DIRECTION('ref_axis',(0.,0.,1.));
#10410=DIRECTION('',(0.,1.,0.));
#10411=DIRECTION('',(0.,0.,1.));
#10412=DIRECTION('',(0.,-1.,0.));
#10413=DIRECTION('center_axis',(0.,-1.,0.));
#10414=DIRECTION('ref_axis',(0.,0.,-1.));
#10415=DIRECTION('',(1.,0.,0.));
#10416=DIRECTION('',(-1.,0.,0.));
#10417=DIRECTION('center_axis',(0.,0.,-1.));
#10418=DIRECTION('ref_axis',(-1.,0.,0.));
#10419=DIRECTION('center_axis',(0.,1.,0.));
#10420=DIRECTION('ref_axis',(0.,0.,1.));
#10421=DIRECTION('',(-1.,0.,0.));
#10422=DIRECTION('',(0.,0.,1.));
#10423=DIRECTION('',(1.,0.,0.));
#10424=DIRECTION('',(0.,0.,-1.));
#10425=DIRECTION('center_axis',(0.,0.,1.));
#10426=DIRECTION('ref_axis',(1.,0.,0.));
#10427=DIRECTION('',(0.,1.,0.));
#10428=DIRECTION('',(0.,1.,0.));
#10429=DIRECTION('center_axis',(-1.,0.,0.));
#10430=DIRECTION('ref_axis',(0.,0.,1.));
#10431=DIRECTION('',(0.,1.,0.));
#10432=DIRECTION('center_axis',(0.,1.,0.));
#10433=DIRECTION('ref_axis',(1.,0.,0.));
#10434=DIRECTION('',(0.,-1.,0.));
#10435=DIRECTION('center_axis',(0.,1.,0.));
#10436=DIRECTION('ref_axis',(1.,0.,0.));
#10437=DIRECTION('center_axis',(0.,1.,0.));
#10438=DIRECTION('ref_axis',(1.,0.,0.));
#10439=DIRECTION('',(0.,-1.,0.));
#10440=DIRECTION('center_axis',(0.,1.,0.));
#10441=DIRECTION('ref_axis',(1.,0.,0.));
#10442=DIRECTION('center_axis',(0.,1.,0.));
#10443=DIRECTION('ref_axis',(1.,0.,0.));
#10444=DIRECTION('',(0.,-1.,0.));
#10445=DIRECTION('center_axis',(0.,1.,0.));
#10446=DIRECTION('ref_axis',(1.,0.,0.));
#10447=DIRECTION('center_axis',(0.,1.,0.));
#10448=DIRECTION('ref_axis',(1.,0.,0.));
#10449=DIRECTION('',(0.,-1.,0.));
#10450=DIRECTION('center_axis',(1.,0.,0.));
#10451=DIRECTION('ref_axis',(0.,0.,-1.));
#10452=DIRECTION('',(0.,1.,0.));
#10453=DIRECTION('center_axis',(0.,0.,-1.));
#10454=DIRECTION('ref_axis',(-1.,0.,0.));
#10455=DIRECTION('center_axis',(0.,-1.,0.));
#10456=DIRECTION('ref_axis',(1.,0.,0.));
#10457=DIRECTION('center_axis',(0.,1.,0.));
#10458=DIRECTION('ref_axis',(1.,0.,0.));
#10459=DIRECTION('',(0.0174524064372835,0.999847695156391,-2.13730336808379E-18));
#10460=DIRECTION('center_axis',(0.,1.,0.));
#10461=DIRECTION('ref_axis',(1.,0.,0.));
#10462=DIRECTION('center_axis',(0.,-1.,0.));
#10463=DIRECTION('ref_axis',(1.,0.,0.));
#10464=DIRECTION('center_axis',(0.,1.,0.));
#10465=DIRECTION('ref_axis',(1.,0.,0.));
#10466=DIRECTION('',(0.0174524064372835,0.999847695156391,-2.13730336808379E-18));
#10467=DIRECTION('center_axis',(0.,1.,0.));
#10468=DIRECTION('ref_axis',(1.,0.,0.));
#10469=DIRECTION('center_axis',(0.,-1.,0.));
#10470=DIRECTION('ref_axis',(1.,0.,0.));
#10471=DIRECTION('center_axis',(0.,1.,0.));
#10472=DIRECTION('ref_axis',(1.,0.,0.));
#10473=DIRECTION('',(0.0174524064372835,0.999847695156391,-2.13730336808379E-18));
#10474=DIRECTION('center_axis',(0.,1.,0.));
#10475=DIRECTION('ref_axis',(1.,0.,0.));
#10476=DIRECTION('center_axis',(0.,-1.,0.));
#10477=DIRECTION('ref_axis',(1.,0.,0.));
#10478=DIRECTION('',(0.0174524064372835,0.999847695156391,-2.13730336808379E-18));
#10479=DIRECTION('center_axis',(0.,1.,0.));
#10480=DIRECTION('ref_axis',(1.,0.,0.));
#10481=DIRECTION('center_axis',(0.,-1.,0.));
#10482=DIRECTION('ref_axis',(1.,0.,0.));
#10483=DIRECTION('',(0.,-1.,0.));
#10484=DIRECTION('center_axis',(0.,-1.,0.));
#10485=DIRECTION('ref_axis',(1.,0.,0.));
#10486=DIRECTION('center_axis',(0.,1.,0.));
#10487=DIRECTION('ref_axis',(1.,0.,0.));
#10488=DIRECTION('center_axis',(0.,1.,0.));
#10489=DIRECTION('ref_axis',(1.,0.,0.));
#10490=DIRECTION('',(0.,-1.,0.));
#10491=DIRECTION('center_axis',(0.,1.,0.));
#10492=DIRECTION('ref_axis',(1.,0.,0.));
#10493=DIRECTION('center_axis',(0.,1.,0.));
#10494=DIRECTION('ref_axis',(1.,0.,0.));
#10495=DIRECTION('center_axis',(0.,1.,0.));
#10496=DIRECTION('ref_axis',(1.,0.,0.));
#10497=DIRECTION('center_axis',(0.,1.,0.));
#10498=DIRECTION('ref_axis',(1.,0.,0.));
#10499=DIRECTION('center_axis',(0.,-1.,0.));
#10500=DIRECTION('ref_axis',(1.,0.,0.));
#10501=DIRECTION('',(0.,-1.,0.));
#10502=DIRECTION('center_axis',(0.,-1.,0.));
#10503=DIRECTION('ref_axis',(1.,0.,0.));
#10504=DIRECTION('center_axis',(0.,1.,0.));
#10505=DIRECTION('ref_axis',(1.,0.,0.));
#10506=DIRECTION('center_axis',(0.,1.,0.));
#10507=DIRECTION('ref_axis',(1.,0.,0.));
#10508=DIRECTION('',(0.,-1.,0.));
#10509=DIRECTION('center_axis',(0.,1.,0.));
#10510=DIRECTION('ref_axis',(1.,0.,0.));
#10511=DIRECTION('center_axis',(0.,1.,0.));
#10512=DIRECTION('ref_axis',(1.,0.,0.));
#10513=DIRECTION('center_axis',(0.,1.,0.));
#10514=DIRECTION('ref_axis',(1.,0.,0.));
#10515=DIRECTION('center_axis',(0.,1.,0.));
#10516=DIRECTION('ref_axis',(1.,0.,0.));
#10517=DIRECTION('center_axis',(0.,1.,0.));
#10518=DIRECTION('ref_axis',(1.,0.,0.));
#10519=DIRECTION('center_axis',(0.,-1.,0.));
#10520=DIRECTION('ref_axis',(1.,0.,0.));
#10521=DIRECTION('center_axis',(0.,1.,0.));
#10522=DIRECTION('ref_axis',(1.,0.,0.));
#10523=DIRECTION('center_axis',(0.,-1.,0.));
#10524=DIRECTION('ref_axis',(1.,0.,0.));
#10525=DIRECTION('',(0.,-1.,0.));
#10526=DIRECTION('center_axis',(0.,1.,0.));
#10527=DIRECTION('ref_axis',(1.,0.,0.));
#10528=DIRECTION('center_axis',(0.,1.,0.));
#10529=DIRECTION('ref_axis',(1.,0.,0.));
#10530=DIRECTION('',(0.,-1.,0.));
#10531=DIRECTION('center_axis',(0.,1.,0.));
#10532=DIRECTION('ref_axis',(1.,0.,0.));
#10533=DIRECTION('',(0.,0.,1.));
#10534=DIRECTION('',(1.,0.,0.));
#10535=DIRECTION('axis',(0.,0.,1.));
#10536=DIRECTION('refdir',(1.,0.,0.));
#10537=DIRECTION('axis',(0.,0.,1.));
#10538=DIRECTION('refdir',(1.,0.,0.));
#10539=DIRECTION('center_axis',(0.,-1.,0.));
#10540=DIRECTION('ref_axis',(-1.,0.,0.));
#10541=DIRECTION('',(0.,0.,1.));
#10542=DIRECTION('',(-1.,0.,0.));
#10543=DIRECTION('',(0.,0.,1.));
#10544=DIRECTION('',(-1.,0.,0.));
#10545=DIRECTION('center_axis',(1.,0.,0.));
#10546=DIRECTION('ref_axis',(0.,-1.,0.));
#10547=DIRECTION('',(0.,0.,1.));
#10548=DIRECTION('',(0.,-1.,0.));
#10549=DIRECTION('',(0.,-1.,0.));
#10550=DIRECTION('center_axis',(-1.,0.,0.));
#10551=DIRECTION('ref_axis',(0.,1.,0.));
#10552=DIRECTION('',(0.,1.,0.));
#10553=DIRECTION('',(0.,0.,1.));
#10554=DIRECTION('',(0.,1.,0.));
#10555=DIRECTION('center_axis',(0.,0.,1.));
#10556=DIRECTION('ref_axis',(1.,0.,0.));
#10557=DIRECTION('',(1.,0.,0.));
#10558=DIRECTION('center_axis',(0.,0.,-1.));
#10559=DIRECTION('ref_axis',(0.,-1.,0.));
#10560=DIRECTION('center_axis',(0.,0.,-1.));
#10561=DIRECTION('ref_axis',(0.,-1.,0.));
#10562=DIRECTION('center_axis',(0.,0.,-1.));
#10563=DIRECTION('ref_axis',(0.,-1.,0.));
#10564=DIRECTION('center_axis',(0.,0.,-1.));
#10565=DIRECTION('ref_axis',(0.,-1.,0.));
#10566=DIRECTION('center_axis',(0.,0.,-1.));
#10567=DIRECTION('ref_axis',(0.,-1.,0.));
#10568=DIRECTION('center_axis',(0.,0.,-1.));
#10569=DIRECTION('ref_axis',(0.,-1.,0.));
#10570=DIRECTION('center_axis',(0.,0.,-1.));
#10571=DIRECTION('ref_axis',(0.,-1.,0.));
#10572=DIRECTION('center_axis',(0.,0.,-1.));
#10573=DIRECTION('ref_axis',(0.,-1.,0.));
#10574=DIRECTION('center_axis',(0.,0.,-1.));
#10575=DIRECTION('ref_axis',(0.,-1.,0.));
#10576=DIRECTION('center_axis',(0.,0.,-1.));
#10577=DIRECTION('ref_axis',(0.,-1.,0.));
#10578=DIRECTION('center_axis',(0.,0.,-1.));
#10579=DIRECTION('ref_axis',(0.,-1.,0.));
#10580=DIRECTION('center_axis',(0.,0.,-1.));
#10581=DIRECTION('ref_axis',(0.,-1.,0.));
#10582=DIRECTION('center_axis',(0.,0.,-1.));
#10583=DIRECTION('ref_axis',(0.,-1.,0.));
#10584=DIRECTION('center_axis',(0.,0.,-1.));
#10585=DIRECTION('ref_axis',(0.,-1.,0.));
#10586=DIRECTION('center_axis',(0.,0.,-1.));
#10587=DIRECTION('ref_axis',(0.,-1.,0.));
#10588=DIRECTION('center_axis',(0.,0.,-1.));
#10589=DIRECTION('ref_axis',(0.,-1.,0.));
#10590=DIRECTION('center_axis',(0.,0.,-1.));
#10591=DIRECTION('ref_axis',(0.,-1.,0.));
#10592=DIRECTION('center_axis',(0.,0.,-1.));
#10593=DIRECTION('ref_axis',(0.,-1.,0.));
#10594=DIRECTION('center_axis',(0.,0.,-1.));
#10595=DIRECTION('ref_axis',(0.,-1.,0.));
#10596=DIRECTION('center_axis',(0.,0.,-1.));
#10597=DIRECTION('ref_axis',(0.,-1.,0.));
#10598=DIRECTION('center_axis',(0.,0.,-1.));
#10599=DIRECTION('ref_axis',(0.,-1.,0.));
#10600=DIRECTION('center_axis',(0.,0.,-1.));
#10601=DIRECTION('ref_axis',(3.343730521224E-14,-1.,0.));
#10602=DIRECTION('center_axis',(0.,0.,-1.));
#10603=DIRECTION('ref_axis',(0.,-1.,0.));
#10604=DIRECTION('center_axis',(0.,0.,-1.));
#10605=DIRECTION('ref_axis',(0.,-1.,0.));
#10606=DIRECTION('center_axis',(0.,0.,-1.));
#10607=DIRECTION('ref_axis',(0.,-1.,0.));
#10608=DIRECTION('center_axis',(0.,0.,-1.));
#10609=DIRECTION('ref_axis',(0.,-1.,0.));
#10610=DIRECTION('center_axis',(0.,0.,-1.));
#10611=DIRECTION('ref_axis',(0.,-1.,0.));
#10612=DIRECTION('center_axis',(0.,0.,-1.));
#10613=DIRECTION('ref_axis',(0.,-1.,0.));
#10614=DIRECTION('center_axis',(0.,0.,-1.));
#10615=DIRECTION('ref_axis',(0.,-1.,0.));
#10616=DIRECTION('center_axis',(0.,0.,-1.));
#10617=DIRECTION('ref_axis',(0.,-1.,0.));
#10618=DIRECTION('center_axis',(0.,0.,-1.));
#10619=DIRECTION('ref_axis',(0.,-1.,0.));
#10620=DIRECTION('center_axis',(0.,0.,-1.));
#10621=DIRECTION('ref_axis',(0.,-1.,0.));
#10622=DIRECTION('center_axis',(0.,0.,-1.));
#10623=DIRECTION('ref_axis',(0.,-1.,0.));
#10624=DIRECTION('center_axis',(0.,0.,-1.));
#10625=DIRECTION('ref_axis',(0.,-1.,0.));
#10626=DIRECTION('',(1.,0.,0.));
#10627=DIRECTION('center_axis',(0.,0.,-1.));
#10628=DIRECTION('ref_axis',(0.,1.,0.));
#10629=DIRECTION('',(-1.,0.,0.));
#10630=DIRECTION('center_axis',(0.,0.,-1.));
#10631=DIRECTION('ref_axis',(0.,-1.,0.));
#10632=DIRECTION('center_axis',(0.,0.,-1.));
#10633=DIRECTION('ref_axis',(0.,-1.,0.));
#10634=DIRECTION('center_axis',(0.,0.,-1.));
#10635=DIRECTION('ref_axis',(0.,-1.,0.));
#10636=DIRECTION('center_axis',(0.,0.,-1.));
#10637=DIRECTION('ref_axis',(0.,-1.,0.));
#10638=DIRECTION('center_axis',(0.,0.,-1.));
#10639=DIRECTION('ref_axis',(0.,-1.,0.));
#10640=DIRECTION('center_axis',(0.,0.,-1.));
#10641=DIRECTION('ref_axis',(0.,-1.,0.));
#10642=DIRECTION('center_axis',(0.,0.,-1.));
#10643=DIRECTION('ref_axis',(0.,-1.,0.));
#10644=DIRECTION('center_axis',(0.,0.,-1.));
#10645=DIRECTION('ref_axis',(0.,-1.,0.));
#10646=DIRECTION('center_axis',(0.,0.,-1.));
#10647=DIRECTION('ref_axis',(0.,-1.,0.));
#10648=DIRECTION('center_axis',(0.,0.,-1.));
#10649=DIRECTION('ref_axis',(0.,-1.,0.));
#10650=DIRECTION('center_axis',(0.,0.,-1.));
#10651=DIRECTION('ref_axis',(0.,-1.,0.));
#10652=DIRECTION('center_axis',(0.,0.,-1.));
#10653=DIRECTION('ref_axis',(0.,-1.,0.));
#10654=DIRECTION('',(1.,0.,0.));
#10655=DIRECTION('center_axis',(0.,0.,-1.));
#10656=DIRECTION('ref_axis',(0.,1.,0.));
#10657=DIRECTION('',(-1.,0.,0.));
#10658=DIRECTION('center_axis',(0.,0.,-1.));
#10659=DIRECTION('ref_axis',(0.,-1.,0.));
#10660=DIRECTION('center_axis',(0.,0.,-1.));
#10661=DIRECTION('ref_axis',(0.,-1.,0.));
#10662=DIRECTION('center_axis',(0.,0.,-1.));
#10663=DIRECTION('ref_axis',(0.,-1.,0.));
#10664=DIRECTION('center_axis',(0.,0.,-1.));
#10665=DIRECTION('ref_axis',(0.,-1.,0.));
#10666=DIRECTION('center_axis',(0.,0.,1.));
#10667=DIRECTION('ref_axis',(1.,0.,0.));
#10668=DIRECTION('',(1.,0.,0.));
#10669=DIRECTION('center_axis',(0.,0.,-1.));
#10670=DIRECTION('ref_axis',(0.,-1.,0.));
#10671=DIRECTION('center_axis',(0.,0.,-1.));
#10672=DIRECTION('ref_axis',(0.,-1.,0.));
#10673=DIRECTION('center_axis',(0.,0.,-1.));
#10674=DIRECTION('ref_axis',(0.,-1.,0.));
#10675=DIRECTION('center_axis',(0.,0.,-1.));
#10676=DIRECTION('ref_axis',(0.,-1.,0.));
#10677=DIRECTION('center_axis',(0.,0.,-1.));
#10678=DIRECTION('ref_axis',(0.,-1.,0.));
#10679=DIRECTION('center_axis',(0.,0.,-1.));
#10680=DIRECTION('ref_axis',(0.,-1.,0.));
#10681=DIRECTION('center_axis',(0.,0.,-1.));
#10682=DIRECTION('ref_axis',(0.,-1.,0.));
#10683=DIRECTION('center_axis',(0.,0.,-1.));
#10684=DIRECTION('ref_axis',(0.,-1.,0.));
#10685=DIRECTION('center_axis',(0.,0.,-1.));
#10686=DIRECTION('ref_axis',(0.,-1.,0.));
#10687=DIRECTION('center_axis',(0.,0.,-1.));
#10688=DIRECTION('ref_axis',(0.,-1.,0.));
#10689=DIRECTION('center_axis',(0.,0.,-1.));
#10690=DIRECTION('ref_axis',(0.,-1.,0.));
#10691=DIRECTION('center_axis',(0.,0.,-1.));
#10692=DIRECTION('ref_axis',(0.,-1.,0.));
#10693=DIRECTION('center_axis',(0.,0.,-1.));
#10694=DIRECTION('ref_axis',(0.,-1.,0.));
#10695=DIRECTION('center_axis',(0.,0.,-1.));
#10696=DIRECTION('ref_axis',(0.,-1.,0.));
#10697=DIRECTION('center_axis',(0.,0.,-1.));
#10698=DIRECTION('ref_axis',(0.,-1.,0.));
#10699=DIRECTION('center_axis',(0.,0.,-1.));
#10700=DIRECTION('ref_axis',(0.,-1.,0.));
#10701=DIRECTION('center_axis',(0.,0.,-1.));
#10702=DIRECTION('ref_axis',(0.,-1.,0.));
#10703=DIRECTION('center_axis',(0.,0.,-1.));
#10704=DIRECTION('ref_axis',(0.,-1.,0.));
#10705=DIRECTION('center_axis',(0.,0.,-1.));
#10706=DIRECTION('ref_axis',(0.,-1.,0.));
#10707=DIRECTION('center_axis',(0.,0.,-1.));
#10708=DIRECTION('ref_axis',(0.,-1.,0.));
#10709=DIRECTION('center_axis',(0.,0.,-1.));
#10710=DIRECTION('ref_axis',(0.,-1.,0.));
#10711=DIRECTION('center_axis',(0.,0.,-1.));
#10712=DIRECTION('ref_axis',(3.343730521224E-14,-1.,0.));
#10713=DIRECTION('center_axis',(0.,0.,-1.));
#10714=DIRECTION('ref_axis',(0.,-1.,0.));
#10715=DIRECTION('center_axis',(0.,0.,-1.));
#10716=DIRECTION('ref_axis',(0.,-1.,0.));
#10717=DIRECTION('center_axis',(0.,0.,-1.));
#10718=DIRECTION('ref_axis',(0.,-1.,0.));
#10719=DIRECTION('center_axis',(0.,0.,-1.));
#10720=DIRECTION('ref_axis',(0.,-1.,0.));
#10721=DIRECTION('center_axis',(0.,0.,-1.));
#10722=DIRECTION('ref_axis',(0.,-1.,0.));
#10723=DIRECTION('center_axis',(0.,0.,-1.));
#10724=DIRECTION('ref_axis',(0.,-1.,0.));
#10725=DIRECTION('center_axis',(0.,0.,-1.));
#10726=DIRECTION('ref_axis',(0.,-1.,0.));
#10727=DIRECTION('center_axis',(0.,0.,-1.));
#10728=DIRECTION('ref_axis',(0.,-1.,0.));
#10729=DIRECTION('center_axis',(0.,0.,-1.));
#10730=DIRECTION('ref_axis',(0.,-1.,0.));
#10731=DIRECTION('center_axis',(0.,0.,-1.));
#10732=DIRECTION('ref_axis',(0.,-1.,0.));
#10733=DIRECTION('center_axis',(0.,0.,-1.));
#10734=DIRECTION('ref_axis',(0.,-1.,0.));
#10735=DIRECTION('center_axis',(0.,0.,-1.));
#10736=DIRECTION('ref_axis',(0.,-1.,0.));
#10737=DIRECTION('',(-1.,0.,0.));
#10738=DIRECTION('center_axis',(0.,0.,-1.));
#10739=DIRECTION('ref_axis',(0.,1.,0.));
#10740=DIRECTION('',(1.,0.,0.));
#10741=DIRECTION('center_axis',(0.,0.,-1.));
#10742=DIRECTION('ref_axis',(0.,-1.,0.));
#10743=DIRECTION('center_axis',(0.,0.,-1.));
#10744=DIRECTION('ref_axis',(0.,-1.,0.));
#10745=DIRECTION('center_axis',(0.,0.,-1.));
#10746=DIRECTION('ref_axis',(0.,-1.,0.));
#10747=DIRECTION('center_axis',(0.,0.,-1.));
#10748=DIRECTION('ref_axis',(0.,-1.,0.));
#10749=DIRECTION('center_axis',(0.,0.,-1.));
#10750=DIRECTION('ref_axis',(0.,-1.,0.));
#10751=DIRECTION('center_axis',(0.,0.,-1.));
#10752=DIRECTION('ref_axis',(0.,-1.,0.));
#10753=DIRECTION('center_axis',(0.,0.,-1.));
#10754=DIRECTION('ref_axis',(0.,-1.,0.));
#10755=DIRECTION('center_axis',(0.,0.,-1.));
#10756=DIRECTION('ref_axis',(0.,-1.,0.));
#10757=DIRECTION('center_axis',(0.,0.,-1.));
#10758=DIRECTION('ref_axis',(0.,-1.,0.));
#10759=DIRECTION('center_axis',(0.,0.,-1.));
#10760=DIRECTION('ref_axis',(0.,-1.,0.));
#10761=DIRECTION('center_axis',(0.,0.,-1.));
#10762=DIRECTION('ref_axis',(0.,-1.,0.));
#10763=DIRECTION('center_axis',(0.,0.,-1.));
#10764=DIRECTION('ref_axis',(0.,-1.,0.));
#10765=DIRECTION('',(-1.,0.,0.));
#10766=DIRECTION('center_axis',(0.,0.,-1.));
#10767=DIRECTION('ref_axis',(0.,1.,0.));
#10768=DIRECTION('',(1.,0.,0.));
#10769=DIRECTION('center_axis',(0.,0.,-1.));
#10770=DIRECTION('ref_axis',(0.,-1.,0.));
#10771=DIRECTION('center_axis',(0.,0.,-1.));
#10772=DIRECTION('ref_axis',(0.,-1.,0.));
#10773=DIRECTION('center_axis',(0.,0.,-1.));
#10774=DIRECTION('ref_axis',(0.,-1.,0.));
#10775=DIRECTION('center_axis',(0.,0.,-1.));
#10776=DIRECTION('ref_axis',(0.,-1.,0.));
#10777=DIRECTION('center_axis',(0.,1.,0.));
#10778=DIRECTION('ref_axis',(1.,0.,0.));
#10779=DIRECTION('center_axis',(0.,0.,-1.));
#10780=DIRECTION('ref_axis',(0.,-1.,0.));
#10781=DIRECTION('',(0.,0.,-1.));
#10782=DIRECTION('center_axis',(0.,0.,-1.));
#10783=DIRECTION('ref_axis',(0.,-1.,0.));
#10784=DIRECTION('',(0.,0.,-1.));
#10785=DIRECTION('center_axis',(0.,0.,-1.));
#10786=DIRECTION('ref_axis',(0.,-1.,0.));
#10787=DIRECTION('',(0.,0.,-1.));
#10788=DIRECTION('center_axis',(0.,0.,-1.));
#10789=DIRECTION('ref_axis',(0.,-1.,0.));
#10790=DIRECTION('',(0.,0.,-1.));
#10791=DIRECTION('center_axis',(0.,0.,-1.));
#10792=DIRECTION('ref_axis',(0.,-1.,0.));
#10793=DIRECTION('',(0.,0.,-1.));
#10794=DIRECTION('center_axis',(0.,0.,-1.));
#10795=DIRECTION('ref_axis',(0.,-1.,0.));
#10796=DIRECTION('',(0.,0.,-1.));
#10797=DIRECTION('center_axis',(0.,0.,-1.));
#10798=DIRECTION('ref_axis',(0.,-1.,0.));
#10799=DIRECTION('',(0.,0.,-1.));
#10800=DIRECTION('center_axis',(0.,0.,-1.));
#10801=DIRECTION('ref_axis',(0.,-1.,0.));
#10802=DIRECTION('',(0.,0.,-1.));
#10803=DIRECTION('center_axis',(0.,0.,-1.));
#10804=DIRECTION('ref_axis',(0.,-1.,0.));
#10805=DIRECTION('',(0.,0.,-1.));
#10806=DIRECTION('center_axis',(0.,0.,-1.));
#10807=DIRECTION('ref_axis',(0.,-1.,0.));
#10808=DIRECTION('',(0.,0.,-1.));
#10809=DIRECTION('center_axis',(0.,0.,-1.));
#10810=DIRECTION('ref_axis',(0.,-1.,0.));
#10811=DIRECTION('',(0.,0.,-1.));
#10812=DIRECTION('center_axis',(0.,0.,-1.));
#10813=DIRECTION('ref_axis',(0.,-1.,0.));
#10814=DIRECTION('',(0.,0.,-1.));
#10815=DIRECTION('center_axis',(0.,0.,-1.));
#10816=DIRECTION('ref_axis',(0.,-1.,0.));
#10817=DIRECTION('',(0.,0.,-1.));
#10818=DIRECTION('center_axis',(0.,0.,-1.));
#10819=DIRECTION('ref_axis',(0.,-1.,0.));
#10820=DIRECTION('',(0.,0.,-1.));
#10821=DIRECTION('center_axis',(0.,0.,-1.));
#10822=DIRECTION('ref_axis',(0.,-1.,0.));
#10823=DIRECTION('',(0.,0.,-1.));
#10824=DIRECTION('center_axis',(0.,0.,-1.));
#10825=DIRECTION('ref_axis',(0.,-1.,0.));
#10826=DIRECTION('',(0.,0.,-1.));
#10827=DIRECTION('center_axis',(0.,0.,-1.));
#10828=DIRECTION('ref_axis',(0.,-1.,0.));
#10829=DIRECTION('',(0.,0.,-1.));
#10830=DIRECTION('center_axis',(0.,0.,-1.));
#10831=DIRECTION('ref_axis',(0.,-1.,0.));
#10832=DIRECTION('',(0.,0.,-1.));
#10833=DIRECTION('center_axis',(0.,0.,-1.));
#10834=DIRECTION('ref_axis',(0.,-1.,0.));
#10835=DIRECTION('',(0.,0.,-1.));
#10836=DIRECTION('center_axis',(0.,0.,-1.));
#10837=DIRECTION('ref_axis',(0.,-1.,0.));
#10838=DIRECTION('',(0.,0.,-1.));
#10839=DIRECTION('center_axis',(0.,0.,-1.));
#10840=DIRECTION('ref_axis',(0.,-1.,0.));
#10841=DIRECTION('',(0.,0.,-1.));
#10842=DIRECTION('center_axis',(0.,0.,-1.));
#10843=DIRECTION('ref_axis',(3.343730521224E-14,-1.,0.));
#10844=DIRECTION('',(0.,0.,-1.));
#10845=DIRECTION('center_axis',(0.,0.,-1.));
#10846=DIRECTION('ref_axis',(0.,-1.,0.));
#10847=DIRECTION('',(0.,0.,-1.));
#10848=DIRECTION('center_axis',(0.,0.,-1.));
#10849=DIRECTION('ref_axis',(0.,-1.,0.));
#10850=DIRECTION('',(0.,0.,-1.));
#10851=DIRECTION('center_axis',(0.,0.,-1.));
#10852=DIRECTION('ref_axis',(0.,-1.,0.));
#10853=DIRECTION('',(0.,0.,-1.));
#10854=DIRECTION('center_axis',(0.,0.,-1.));
#10855=DIRECTION('ref_axis',(0.,-1.,0.));
#10856=DIRECTION('',(0.,0.,-1.));
#10857=DIRECTION('center_axis',(0.,0.,-1.));
#10858=DIRECTION('ref_axis',(0.,-1.,0.));
#10859=DIRECTION('',(0.,0.,-1.));
#10860=DIRECTION('center_axis',(0.,0.,-1.));
#10861=DIRECTION('ref_axis',(0.,-1.,0.));
#10862=DIRECTION('',(0.,0.,-1.));
#10863=DIRECTION('center_axis',(0.,0.,-1.));
#10864=DIRECTION('ref_axis',(0.,-1.,0.));
#10865=DIRECTION('',(0.,0.,-1.));
#10866=DIRECTION('center_axis',(0.,0.,-1.));
#10867=DIRECTION('ref_axis',(0.,-1.,0.));
#10868=DIRECTION('',(0.,0.,-1.));
#10869=DIRECTION('center_axis',(0.,0.,-1.));
#10870=DIRECTION('ref_axis',(0.,-1.,0.));
#10871=DIRECTION('',(0.,0.,-1.));
#10872=DIRECTION('center_axis',(0.,0.,-1.));
#10873=DIRECTION('ref_axis',(0.,-1.,0.));
#10874=DIRECTION('',(0.,0.,-1.));
#10875=DIRECTION('center_axis',(0.,0.,-1.));
#10876=DIRECTION('ref_axis',(0.,-1.,0.));
#10877=DIRECTION('',(0.,0.,-1.));
#10878=DIRECTION('center_axis',(0.,0.,-1.));
#10879=DIRECTION('ref_axis',(0.,-1.,0.));
#10880=DIRECTION('',(0.,0.,1.));
#10881=DIRECTION('',(0.,0.,1.));
#10882=DIRECTION('center_axis',(0.,-1.,0.));
#10883=DIRECTION('ref_axis',(-1.,0.,0.));
#10884=DIRECTION('',(0.,0.,1.));
#10885=DIRECTION('center_axis',(0.,0.,-1.));
#10886=DIRECTION('ref_axis',(0.,1.,0.));
#10887=DIRECTION('',(0.,0.,1.));
#10888=DIRECTION('center_axis',(0.,1.,0.));
#10889=DIRECTION('ref_axis',(1.,0.,0.));
#10890=DIRECTION('center_axis',(0.,0.,-1.));
#10891=DIRECTION('ref_axis',(0.,-1.,0.));
#10892=DIRECTION('',(0.,0.,-1.));
#10893=DIRECTION('center_axis',(0.,0.,-1.));
#10894=DIRECTION('ref_axis',(0.,-1.,0.));
#10895=DIRECTION('',(0.,0.,-1.));
#10896=DIRECTION('center_axis',(0.,0.,-1.));
#10897=DIRECTION('ref_axis',(0.,-1.,0.));
#10898=DIRECTION('',(0.,0.,-1.));
#10899=DIRECTION('center_axis',(0.,0.,-1.));
#10900=DIRECTION('ref_axis',(0.,-1.,0.));
#10901=DIRECTION('',(0.,0.,-1.));
#10902=DIRECTION('center_axis',(0.,0.,-1.));
#10903=DIRECTION('ref_axis',(0.,-1.,0.));
#10904=DIRECTION('',(0.,0.,-1.));
#10905=DIRECTION('center_axis',(0.,0.,-1.));
#10906=DIRECTION('ref_axis',(0.,-1.,0.));
#10907=DIRECTION('',(0.,0.,-1.));
#10908=DIRECTION('center_axis',(0.,0.,-1.));
#10909=DIRECTION('ref_axis',(0.,-1.,0.));
#10910=DIRECTION('',(0.,0.,-1.));
#10911=DIRECTION('center_axis',(0.,0.,-1.));
#10912=DIRECTION('ref_axis',(0.,-1.,0.));
#10913=DIRECTION('',(0.,0.,-1.));
#10914=DIRECTION('center_axis',(0.,0.,-1.));
#10915=DIRECTION('ref_axis',(0.,-1.,0.));
#10916=DIRECTION('',(0.,0.,-1.));
#10917=DIRECTION('center_axis',(0.,0.,-1.));
#10918=DIRECTION('ref_axis',(0.,-1.,0.));
#10919=DIRECTION('',(0.,0.,-1.));
#10920=DIRECTION('center_axis',(0.,0.,-1.));
#10921=DIRECTION('ref_axis',(0.,-1.,0.));
#10922=DIRECTION('',(0.,0.,-1.));
#10923=DIRECTION('center_axis',(0.,0.,-1.));
#10924=DIRECTION('ref_axis',(0.,-1.,0.));
#10925=DIRECTION('',(0.,0.,1.));
#10926=DIRECTION('',(0.,0.,1.));
#10927=DIRECTION('center_axis',(0.,-1.,0.));
#10928=DIRECTION('ref_axis',(-1.,0.,0.));
#10929=DIRECTION('',(0.,0.,1.));
#10930=DIRECTION('center_axis',(0.,0.,-1.));
#10931=DIRECTION('ref_axis',(0.,1.,0.));
#10932=DIRECTION('',(0.,0.,1.));
#10933=DIRECTION('center_axis',(0.,1.,0.));
#10934=DIRECTION('ref_axis',(1.,0.,0.));
#10935=DIRECTION('center_axis',(0.,0.,-1.));
#10936=DIRECTION('ref_axis',(0.,-1.,0.));
#10937=DIRECTION('',(0.,0.,-1.));
#10938=DIRECTION('center_axis',(0.,0.,-1.));
#10939=DIRECTION('ref_axis',(0.,-1.,0.));
#10940=DIRECTION('',(0.,0.,-1.));
#10941=DIRECTION('center_axis',(0.,0.,-1.));
#10942=DIRECTION('ref_axis',(0.,-1.,0.));
#10943=DIRECTION('',(0.,0.,-1.));
#10944=DIRECTION('center_axis',(0.,0.,-1.));
#10945=DIRECTION('ref_axis',(0.,-1.,0.));
#10946=DIRECTION('',(0.,0.,-1.));
#10947=DIRECTION('',(0.,0.,1.));
#10948=DIRECTION('',(1.,0.,0.));
#10949=DIRECTION('axis',(0.,0.,1.));
#10950=DIRECTION('refdir',(1.,0.,0.));
#10951=DIRECTION('center_axis',(0.,0.,1.));
#10952=DIRECTION('ref_axis',(1.,0.,0.));
#10953=DIRECTION('center_axis',(0.,0.,1.));
#10954=DIRECTION('ref_axis',(1.,0.,0.));
#10955=DIRECTION('',(0.,0.,1.));
#10956=DIRECTION('center_axis',(0.,0.,-1.));
#10957=DIRECTION('ref_axis',(1.,0.,0.));
#10958=DIRECTION('center_axis',(0.,0.,1.));
#10959=DIRECTION('ref_axis',(0.707106781186547,-0.707106781186547,0.));
#10960=DIRECTION('center_axis',(0.,0.,-1.));
#10961=DIRECTION('ref_axis',(0.707106781186547,-0.707106781186547,0.));
#10962=DIRECTION('',(0.,0.,-1.));
#10963=DIRECTION('center_axis',(0.,0.,1.));
#10964=DIRECTION('ref_axis',(0.707106781186547,-0.707106781186547,0.));
#10965=DIRECTION('',(0.,0.,1.));
#10966=DIRECTION('center_axis',(1.,0.,0.));
#10967=DIRECTION('ref_axis',(0.,1.,0.));
#10968=DIRECTION('',(0.,1.,0.));
#10969=DIRECTION('',(0.,0.,-1.));
#10970=DIRECTION('',(0.,1.,0.));
#10971=DIRECTION('center_axis',(0.,0.,1.));
#10972=DIRECTION('ref_axis',(1.,0.,0.));
#10973=DIRECTION('',(1.,-7.47247534662734E-17,0.));
#10974=DIRECTION('center_axis',(0.,0.,1.));
#10975=DIRECTION('ref_axis',(-0.707106781186547,-0.707106781186547,0.));
#10976=DIRECTION('',(-3.58078704926675E-17,-1.,0.));
#10977=DIRECTION('center_axis',(0.,0.,1.));
#10978=DIRECTION('ref_axis',(-0.707106781186547,0.707106781186547,0.));
#10979=DIRECTION('',(-1.,0.,0.));
#10980=DIRECTION('',(0.,-1.,0.));
#10981=DIRECTION('',(1.,0.,0.));
#10982=DIRECTION('',(0.,1.,0.));
#10983=DIRECTION('',(-1.,0.,0.));
#10984=DIRECTION('center_axis',(0.,0.,1.));
#10985=DIRECTION('ref_axis',(0.707106781186547,0.707106781186548,0.));
#10986=DIRECTION('',(0.,-1.,0.));
#10987=DIRECTION('',(1.,0.,0.));
#10988=DIRECTION('',(0.,1.,0.));
#10989=DIRECTION('',(-1.,0.,0.));
#10990=DIRECTION('',(0.,-1.,0.));
#10991=DIRECTION('',(1.,0.,0.));
#10992=DIRECTION('',(0.,1.,0.));
#10993=DIRECTION('',(-1.,0.,0.));
#10994=DIRECTION('',(0.,-1.,0.));
#10995=DIRECTION('',(1.,0.,0.));
#10996=DIRECTION('',(0.,1.,0.));
#10997=DIRECTION('',(-1.,0.,0.));
#10998=DIRECTION('',(-1.,0.,0.));
#10999=DIRECTION('',(0.,-1.,0.));
#11000=DIRECTION('',(1.,0.,0.));
#11001=DIRECTION('',(0.,1.,0.));
#11002=DIRECTION('',(0.,-1.,0.));
#11003=DIRECTION('',(1.,0.,0.));
#11004=DIRECTION('',(0.,1.,0.));
#11005=DIRECTION('',(-1.,0.,0.));
#11006=DIRECTION('',(0.,-1.,0.));
#11007=DIRECTION('',(1.,0.,0.));
#11008=DIRECTION('',(0.,1.,0.));
#11009=DIRECTION('',(-1.,0.,0.));
#11010=DIRECTION('',(0.,1.,0.));
#11011=DIRECTION('',(-1.,0.,0.));
#11012=DIRECTION('',(0.,-1.,0.));
#11013=DIRECTION('',(1.,0.,0.));
#11014=DIRECTION('center_axis',(0.,0.,-1.));
#11015=DIRECTION('ref_axis',(1.,0.,0.));
#11016=DIRECTION('center_axis',(0.,0.,-1.));
#11017=DIRECTION('ref_axis',(1.,0.,0.));
#11018=DIRECTION('center_axis',(0.,0.,-1.));
#11019=DIRECTION('ref_axis',(1.,0.,0.));
#11020=DIRECTION('center_axis',(0.,0.,-1.));
#11021=DIRECTION('ref_axis',(1.,0.,0.));
#11022=DIRECTION('center_axis',(0.,0.,1.));
#11023=DIRECTION('ref_axis',(-0.707106781186547,-0.707106781186547,0.));
#11024=DIRECTION('center_axis',(0.,0.,-1.));
#11025=DIRECTION('ref_axis',(-0.707106781186547,-0.707106781186547,0.));
#11026=DIRECTION('',(0.,0.,-1.));
#11027=DIRECTION('',(0.,0.,1.));
#11028=DIRECTION('center_axis',(-1.,3.58078704926675E-17,0.));
#11029=DIRECTION('ref_axis',(-3.58078704926675E-17,-1.,0.));
#11030=DIRECTION('',(-3.58078704926675E-17,-1.,0.));
#11031=DIRECTION('',(0.,0.,1.));
#11032=DIRECTION('center_axis',(0.,0.,1.));
#11033=DIRECTION('ref_axis',(-0.707106781186547,0.707106781186547,0.));
#11034=DIRECTION('center_axis',(0.,0.,-1.));
#11035=DIRECTION('ref_axis',(-0.707106781186547,0.707106781186547,0.));
#11036=DIRECTION('',(0.,0.,-1.));
#11037=DIRECTION('center_axis',(0.,0.,1.));
#11038=DIRECTION('ref_axis',(0.707106781186547,0.707106781186548,0.));
#11039=DIRECTION('center_axis',(0.,0.,-1.));
#11040=DIRECTION('ref_axis',(0.707106781186547,0.707106781186548,0.));
#11041=DIRECTION('',(0.,0.,1.));
#11042=DIRECTION('center_axis',(0.,1.,0.));
#11043=DIRECTION('ref_axis',(-1.,0.,0.));
#11044=DIRECTION('',(0.,0.,1.));
#11045=DIRECTION('',(-1.,0.,0.));
#11046=DIRECTION('center_axis',(1.,0.,0.));
#11047=DIRECTION('ref_axis',(0.,1.,0.));
#11048=DIRECTION('',(0.,-1.,0.));
#11049=DIRECTION('',(0.,0.,1.));
#11050=DIRECTION('',(0.,0.,1.));
#11051=DIRECTION('center_axis',(0.,-1.,0.));
#11052=DIRECTION('ref_axis',(1.,0.,0.));
#11053=DIRECTION('',(-1.,0.,0.));
#11054=DIRECTION('',(0.,0.,1.));
#11055=DIRECTION('center_axis',(-1.,0.,0.));
#11056=DIRECTION('ref_axis',(0.,-1.,0.));
#11057=DIRECTION('',(0.,1.,0.));
#11058=DIRECTION('',(0.,0.,1.));
#11059=DIRECTION('center_axis',(0.,1.,0.));
#11060=DIRECTION('ref_axis',(-1.,0.,0.));
#11061=DIRECTION('',(1.,0.,0.));
#11062=DIRECTION('center_axis',(1.,0.,0.));
#11063=DIRECTION('ref_axis',(0.,1.,0.));
#11064=DIRECTION('',(0.,-1.,0.));
#11065=DIRECTION('',(0.,0.,1.));
#11066=DIRECTION('',(0.,0.,1.));
#11067=DIRECTION('center_axis',(0.,-1.,0.));
#11068=DIRECTION('ref_axis',(1.,0.,0.));
#11069=DIRECTION('',(-1.,0.,0.));
#11070=DIRECTION('',(0.,0.,1.));
#11071=DIRECTION('center_axis',(-1.,0.,0.));
#11072=DIRECTION('ref_axis',(0.,-1.,0.));
#11073=DIRECTION('',(0.,1.,0.));
#11074=DIRECTION('',(0.,0.,1.));
#11075=DIRECTION('center_axis',(0.,1.,0.));
#11076=DIRECTION('ref_axis',(-1.,0.,0.));
#11077=DIRECTION('',(1.,0.,0.));
#11078=DIRECTION('center_axis',(1.,0.,0.));
#11079=DIRECTION('ref_axis',(0.,1.,0.));
#11080=DIRECTION('',(0.,-1.,0.));
#11081=DIRECTION('',(0.,0.,1.));
#11082=DIRECTION('',(0.,0.,1.));
#11083=DIRECTION('center_axis',(0.,-1.,0.));
#11084=DIRECTION('ref_axis',(1.,0.,0.));
#11085=DIRECTION('',(-1.,0.,0.));
#11086=DIRECTION('',(0.,0.,1.));
#11087=DIRECTION('center_axis',(-1.,0.,0.));
#11088=DIRECTION('ref_axis',(0.,-1.,0.));
#11089=DIRECTION('',(0.,1.,0.));
#11090=DIRECTION('',(0.,0.,1.));
#11091=DIRECTION('center_axis',(0.,1.,0.));
#11092=DIRECTION('ref_axis',(-1.,0.,0.));
#11093=DIRECTION('',(1.,0.,0.));
#11094=DIRECTION('center_axis',(0.,-1.,0.));
#11095=DIRECTION('ref_axis',(1.,0.,0.));
#11096=DIRECTION('',(-1.,0.,0.));
#11097=DIRECTION('',(0.,0.,1.));
#11098=DIRECTION('',(0.,0.,1.));
#11099=DIRECTION('center_axis',(-1.,0.,0.));
#11100=DIRECTION('ref_axis',(0.,-1.,0.));
#11101=DIRECTION('',(0.,1.,0.));
#11102=DIRECTION('',(0.,0.,1.));
#11103=DIRECTION('center_axis',(0.,1.,0.));
#11104=DIRECTION('ref_axis',(-1.,0.,0.));
#11105=DIRECTION('',(1.,0.,0.));
#11106=DIRECTION('',(0.,0.,1.));
#11107=DIRECTION('center_axis',(1.,0.,0.));
#11108=DIRECTION('ref_axis',(0.,1.,0.));
#11109=DIRECTION('',(0.,-1.,0.));
#11110=DIRECTION('center_axis',(1.,0.,0.));
#11111=DIRECTION('ref_axis',(0.,1.,0.));
#11112=DIRECTION('',(0.,-1.,0.));
#11113=DIRECTION('',(0.,0.,1.));
#11114=DIRECTION('',(0.,0.,1.));
#11115=DIRECTION('center_axis',(0.,-1.,0.));
#11116=DIRECTION('ref_axis',(1.,0.,0.));
#11117=DIRECTION('',(-1.,0.,0.));
#11118=DIRECTION('',(0.,0.,1.));
#11119=DIRECTION('center_axis',(-1.,0.,0.));
#11120=DIRECTION('ref_axis',(0.,-1.,0.));
#11121=DIRECTION('',(0.,1.,0.));
#11122=DIRECTION('',(0.,0.,1.));
#11123=DIRECTION('center_axis',(0.,1.,0.));
#11124=DIRECTION('ref_axis',(-1.,0.,0.));
#11125=DIRECTION('',(1.,0.,0.));
#11126=DIRECTION('center_axis',(1.,0.,0.));
#11127=DIRECTION('ref_axis',(0.,1.,0.));
#11128=DIRECTION('',(0.,-1.,0.));
#11129=DIRECTION('',(0.,0.,1.));
#11130=DIRECTION('',(0.,0.,1.));
#11131=DIRECTION('center_axis',(0.,-1.,0.));
#11132=DIRECTION('ref_axis',(1.,0.,0.));
#11133=DIRECTION('',(-1.,0.,0.));
#11134=DIRECTION('',(0.,0.,1.));
#11135=DIRECTION('center_axis',(-1.,0.,0.));
#11136=DIRECTION('ref_axis',(0.,-1.,0.));
#11137=DIRECTION('',(0.,1.,0.));
#11138=DIRECTION('',(0.,0.,1.));
#11139=DIRECTION('center_axis',(0.,1.,0.));
#11140=DIRECTION('ref_axis',(-1.,0.,0.));
#11141=DIRECTION('',(1.,0.,0.));
#11142=DIRECTION('center_axis',(-1.,0.,0.));
#11143=DIRECTION('ref_axis',(0.,-1.,0.));
#11144=DIRECTION('',(0.,1.,0.));
#11145=DIRECTION('',(0.,0.,1.));
#11146=DIRECTION('',(0.,0.,1.));
#11147=DIRECTION('center_axis',(0.,1.,0.));
#11148=DIRECTION('ref_axis',(-1.,0.,0.));
#11149=DIRECTION('',(1.,0.,0.));
#11150=DIRECTION('',(0.,0.,1.));
#11151=DIRECTION('center_axis',(1.,0.,0.));
#11152=DIRECTION('ref_axis',(0.,1.,0.));
#11153=DIRECTION('',(0.,-1.,0.));
#11154=DIRECTION('',(0.,0.,1.));
#11155=DIRECTION('center_axis',(0.,-1.,0.));
#11156=DIRECTION('ref_axis',(1.,0.,0.));
#11157=DIRECTION('',(-1.,0.,0.));
#11158=DIRECTION('center_axis',(-1.,0.,0.));
#11159=DIRECTION('ref_axis',(0.,-1.,0.));
#11160=DIRECTION('',(0.,1.,0.));
#11161=DIRECTION('',(0.,0.,1.));
#11162=DIRECTION('',(0.,0.,-1.));
#11163=DIRECTION('center_axis',(1.,0.,0.));
#11164=DIRECTION('ref_axis',(0.,1.,0.));
#11165=DIRECTION('',(0.,-1.,0.));
#11166=DIRECTION('',(0.,0.,1.));
#11167=DIRECTION('center_axis',(0.,-1.,0.));
#11168=DIRECTION('ref_axis',(1.,0.,0.));
#11169=DIRECTION('',(-1.,0.,0.));
#11170=DIRECTION('center_axis',(0.,1.,0.));
#11171=DIRECTION('ref_axis',(-1.,0.,0.));
#11172=DIRECTION('',(-1.,0.,0.));
#11173=DIRECTION('center_axis',(0.,0.,1.));
#11174=DIRECTION('ref_axis',(1.,0.,0.));
#11175=DIRECTION('center_axis',(0.,0.,-1.));
#11176=DIRECTION('ref_axis',(1.,0.,0.));
#11177=DIRECTION('',(0.,0.,-1.));
#11178=DIRECTION('center_axis',(0.,0.,1.));
#11179=DIRECTION('ref_axis',(1.,0.,0.));
#11180=DIRECTION('center_axis',(0.,0.,-1.));
#11181=DIRECTION('ref_axis',(1.,0.,0.));
#11182=DIRECTION('',(0.,0.,-1.));
#11183=DIRECTION('center_axis',(0.,0.,1.));
#11184=DIRECTION('ref_axis',(1.,0.,0.));
#11185=DIRECTION('center_axis',(0.,0.,-1.));
#11186=DIRECTION('ref_axis',(1.,0.,0.));
#11187=DIRECTION('',(0.,0.,-1.));
#11188=DIRECTION('center_axis',(0.,0.,1.));
#11189=DIRECTION('ref_axis',(1.,0.,0.));
#11190=DIRECTION('center_axis',(0.,0.,-1.));
#11191=DIRECTION('ref_axis',(1.,0.,0.));
#11192=DIRECTION('',(0.,0.,-1.));
#11193=DIRECTION('center_axis',(-7.47247534662734E-17,-1.,0.));
#11194=DIRECTION('ref_axis',(1.,-7.47247534662734E-17,0.));
#11195=DIRECTION('',(1.,-7.47247534662734E-17,0.));
#11196=DIRECTION('center_axis',(0.,0.,1.));
#11197=DIRECTION('ref_axis',(1.,0.,0.));
#11198=DIRECTION('axis',(0.,0.,1.));
#11199=DIRECTION('refdir',(1.,0.,0.));
#11200=DIRECTION('center_axis',(-0.000217350089046653,0.999999976379469,
0.));
#11201=DIRECTION('ref_axis',(0.999999976379469,0.000217350089046652,-2.81698379382499E-15));
#11202=DIRECTION('center_axis',(1.22460635382238E-16,1.,0.));
#11203=DIRECTION('ref_axis',(-1.,1.22460635382238E-16,2.32464514779248E-9));
#11204=DIRECTION('',(-0.000217350089046653,0.999999976379469,0.));
#11205=DIRECTION('center_axis',(-0.000217350089047447,0.999999976379469,
-2.06025517826558E-16));
#11206=DIRECTION('ref_axis',(-0.671639431824499,-0.00014598089376313,-0.74087816293102));
#11207=DIRECTION('',(-0.000217350089046653,0.999999976379469,0.));
#11208=DIRECTION('center_axis',(-0.999999976379469,-0.000217350089046653,
0.));
#11209=DIRECTION('ref_axis',(0.,0.,1.));
#11210=DIRECTION('',(0.,0.,1.));
#11211=DIRECTION('',(0.,0.,1.));
#11212=DIRECTION('center_axis',(0.000217350089047447,-0.999999976379469,
1.40770099570086E-16));
#11213=DIRECTION('ref_axis',(-0.999999976379469,-0.000217350089047447,0.));
#11214=DIRECTION('center_axis',(1.22460635382238E-16,1.,0.));
#11215=DIRECTION('ref_axis',(1.,-1.22460635382238E-16,0.));
#11216=DIRECTION('center_axis',(1.22460635382238E-16,1.,0.));
#11217=DIRECTION('ref_axis',(1.,-1.22460635382238E-16,0.));
#11218=DIRECTION('',(1.22460635382238E-16,1.,0.));
#11219=DIRECTION('center_axis',(1.22460635382238E-16,1.,0.));
#11220=DIRECTION('ref_axis',(1.,-1.22460635382238E-16,0.));
#11221=DIRECTION('center_axis',(-1.22460635382238E-16,-1.,0.));
#11222=DIRECTION('ref_axis',(1.,-1.22460635382238E-16,0.));
#11223=DIRECTION('center_axis',(-1.22460635382238E-16,-1.,0.));
#11224=DIRECTION('ref_axis',(1.,-1.22460635382238E-16,0.));
#11225=DIRECTION('center_axis',(-1.22460635382238E-16,-1.,0.));
#11226=DIRECTION('ref_axis',(1.,-1.22460635382238E-16,0.));
#11227=DIRECTION('',(1.22460635382238E-16,1.,0.));
#11228=DIRECTION('center_axis',(-1.22460635382238E-16,-1.,0.));
#11229=DIRECTION('ref_axis',(1.,-1.22460635382238E-16,0.));
#11230=DIRECTION('center_axis',(-1.22460635382238E-16,-1.,0.));
#11231=DIRECTION('ref_axis',(1.,-1.22460635382238E-16,0.));
#11232=DIRECTION('center_axis',(-1.22460635382238E-16,-1.,0.));
#11233=DIRECTION('ref_axis',(1.,-1.22460635382238E-16,0.));
#11234=DIRECTION('',(0.,-1.,-3.88578058618805E-16));
#11235=DIRECTION('',(1.,0.,0.));
#11236=DIRECTION('',(0.,0.,1.));
#11237=DIRECTION('',(1.,0.,0.));
#11238=DIRECTION('',(0.,0.,1.));
#11239=DIRECTION('',(1.,0.,0.));
#11240=DIRECTION('',(-4.71467650385995E-31,-1.,2.12330153459561E-15));
#11241=DIRECTION('',(1.,-1.23259516440783E-32,2.22044604925031E-16));
#11242=CARTESIAN_POINT('',(0.,0.,0.));
#11243=CARTESIAN_POINT('',(0.,0.,0.));
#11244=CARTESIAN_POINT('',(0.,0.,0.));
#11245=CARTESIAN_POINT('Origin',(39.9043698216519,-2.,-17.2371589497276));
#11246=CARTESIAN_POINT('',(39.9043698216519,-2.,-17.2371589497276));
#11247=CARTESIAN_POINT('',(39.0714911724171,-2.,-17.2371589497276));
#11248=CARTESIAN_POINT('',(29.2547820025026,-2.,-17.2371589497276));
#11249=CARTESIAN_POINT('',(39.9043698216519,0.,-17.2371589497276));
#11250=CARTESIAN_POINT('',(39.9043698216519,-2.,-17.2371589497276));
#11251=CARTESIAN_POINT('',(39.0714911724171,0.,-17.2371589497276));
#11252=CARTESIAN_POINT('',(39.9043698216519,0.,-17.2371589497276));
#11253=CARTESIAN_POINT('',(39.0714911724171,-2.,-17.2371589497276));
#11254=CARTESIAN_POINT('Origin',(39.9043698216519,-2.,-16.1935024813362));
#11255=CARTESIAN_POINT('',(39.9043698216519,-2.,-16.1935024813362));
#11256=CARTESIAN_POINT('',(39.9043698216519,-2.,-11.471540288549));
#11257=CARTESIAN_POINT('',(39.9043698216519,0.,-16.1935024813362));
#11258=CARTESIAN_POINT('',(39.9043698216519,-2.,-16.1935024813362));
#11259=CARTESIAN_POINT('',(39.9043698216519,0.,-16.1935024813362));
#11260=CARTESIAN_POINT('Ctrl Pts',(39.9985034371456,-2.,-15.7821791723915));
#11261=CARTESIAN_POINT('Ctrl Pts',(39.9985034371456,0.,-15.7821791723915));
#11262=CARTESIAN_POINT('Ctrl Pts',(39.9712651477446,-2.,-15.8345925897878));
#11263=CARTESIAN_POINT('Ctrl Pts',(39.9712651477446,0.,-15.8345925897878));
#11264=CARTESIAN_POINT('Ctrl Pts',(39.9047585984538,-2.,-15.9625681566908));
#11265=CARTESIAN_POINT('Ctrl Pts',(39.9047585984538,0.,-15.9625681566908));
#11266=CARTESIAN_POINT('Ctrl Pts',(39.9045141526945,-2.,-16.1077695062744));
#11267=CARTESIAN_POINT('Ctrl Pts',(39.9045141526945,0.,-16.1077695062744));
#11268=CARTESIAN_POINT('Ctrl Pts',(39.9043698216519,-2.,-16.1935024813362));
#11269=CARTESIAN_POINT('Ctrl Pts',(39.9043698216519,0.,-16.1935024813362));
#11270=CARTESIAN_POINT('',(39.9985034371456,-2.,-15.7821791723915));
#11271=CARTESIAN_POINT('Ctrl Pts',(39.9985034371456,-2.,-15.7821791723915));
#11272=CARTESIAN_POINT('Ctrl Pts',(39.9712651477446,-2.,-15.8345925897878));
#11273=CARTESIAN_POINT('Ctrl Pts',(39.9047585984538,-2.,-15.9625681566908));
#11274=CARTESIAN_POINT('Ctrl Pts',(39.9045141526945,-2.,-16.1077695062744));
#11275=CARTESIAN_POINT('Ctrl Pts',(39.9043698216519,-2.,-16.1935024813362));
#11276=CARTESIAN_POINT('',(39.9985034371456,0.,-15.7821791723915));
#11277=CARTESIAN_POINT('',(39.9985034371456,-2.,-15.7821791723915));
#11278=CARTESIAN_POINT('Ctrl Pts',(39.9985034371456,0.,-15.7821791723915));
#11279=CARTESIAN_POINT('Ctrl Pts',(39.9712651477446,0.,-15.8345925897878));
#11280=CARTESIAN_POINT('Ctrl Pts',(39.9047585984538,0.,-15.9625681566908));
#11281=CARTESIAN_POINT('Ctrl Pts',(39.9045141526945,0.,-16.1077695062744));
#11282=CARTESIAN_POINT('Ctrl Pts',(39.9043698216519,0.,-16.1935024813362));
#11283=CARTESIAN_POINT('Ctrl Pts',(40.2440698052487,-2.,-15.6675820902534));
#11284=CARTESIAN_POINT('Ctrl Pts',(40.2440698052487,0.,-15.6675820902534));
#11285=CARTESIAN_POINT('Ctrl Pts',(40.1960760741479,-2.,-15.6722405232259));
#11286=CARTESIAN_POINT('Ctrl Pts',(40.1960760741479,0.,-15.6722405232259));
#11287=CARTESIAN_POINT('Ctrl Pts',(40.1006657852808,-2.,-15.6815013667857));
#11288=CARTESIAN_POINT('Ctrl Pts',(40.1006657852808,0.,-15.6815013667857));
#11289=CARTESIAN_POINT('Ctrl Pts',(40.0324199381122,-2.,-15.7487555192211));
#11290=CARTESIAN_POINT('Ctrl Pts',(40.0324199381122,0.,-15.7487555192211));
#11291=CARTESIAN_POINT('Ctrl Pts',(39.9985034371456,-2.,-15.7821791723915));
#11292=CARTESIAN_POINT('Ctrl Pts',(39.9985034371456,0.,-15.7821791723915));
#11293=CARTESIAN_POINT('',(40.2440698052487,-2.,-15.6675820902534));
#11294=CARTESIAN_POINT('Ctrl Pts',(40.2440698052487,-2.,-15.6675820902534));
#11295=CARTESIAN_POINT('Ctrl Pts',(40.1960760741479,-2.,-15.6722405232259));
#11296=CARTESIAN_POINT('Ctrl Pts',(40.1006657852808,-2.,-15.6815013667857));
#11297=CARTESIAN_POINT('Ctrl Pts',(40.0324199381122,-2.,-15.7487555192211));
#11298=CARTESIAN_POINT('Ctrl Pts',(39.9985034371456,-2.,-15.7821791723915));
#11299=CARTESIAN_POINT('',(40.2440698052487,0.,-15.6675820902534));
#11300=CARTESIAN_POINT('',(40.2440698052487,-2.,-15.6675820902534));
#11301=CARTESIAN_POINT('Ctrl Pts',(40.2440698052487,0.,-15.6675820902534));
#11302=CARTESIAN_POINT('Ctrl Pts',(40.1960760741479,0.,-15.6722405232259));
#11303=CARTESIAN_POINT('Ctrl Pts',(40.1006657852808,0.,-15.6815013667857));
#11304=CARTESIAN_POINT('Ctrl Pts',(40.0324199381122,0.,-15.7487555192211));
#11305=CARTESIAN_POINT('Ctrl Pts',(39.9985034371456,0.,-15.7821791723915));
#11306=CARTESIAN_POINT('Ctrl Pts',(40.4568938518604,-2.,-15.7535301998802));
#11307=CARTESIAN_POINT('Ctrl Pts',(40.4568938518604,0.,-15.7535301998802));
#11308=CARTESIAN_POINT('Ctrl Pts',(40.4280259909257,-2.,-15.7284801608202));
#11309=CARTESIAN_POINT('Ctrl Pts',(40.4280259909257,0.,-15.7284801608202));
#11310=CARTESIAN_POINT('Ctrl Pts',(40.3671669468606,-2.,-15.6756698249789));
#11311=CARTESIAN_POINT('Ctrl Pts',(40.3671669468606,0.,-15.6756698249789));
#11312=CARTESIAN_POINT('Ctrl Pts',(40.2864824446043,-2.,-15.6703686876644));
#11313=CARTESIAN_POINT('Ctrl Pts',(40.2864824446043,0.,-15.6703686876644));
#11314=CARTESIAN_POINT('Ctrl Pts',(40.2440698052487,-2.,-15.6675820902534));
#11315=CARTESIAN_POINT('Ctrl Pts',(40.2440698052487,0.,-15.6675820902534));
#11316=CARTESIAN_POINT('',(40.4568938518604,-2.,-15.7535301998802));
#11317=CARTESIAN_POINT('Ctrl Pts',(40.4568938518604,-2.,-15.7535301998802));
#11318=CARTESIAN_POINT('Ctrl Pts',(40.4280259909257,-2.,-15.7284801608202));
#11319=CARTESIAN_POINT('Ctrl Pts',(40.3671669468606,-2.,-15.6756698249789));
#11320=CARTESIAN_POINT('Ctrl Pts',(40.2864824446043,-2.,-15.6703686876644));
#11321=CARTESIAN_POINT('Ctrl Pts',(40.2440698052487,-2.,-15.6675820902534));
#11322=CARTESIAN_POINT('',(40.4568938518604,0.,-15.7535301998802));
#11323=CARTESIAN_POINT('',(40.4568938518604,-2.,-15.7535301998802));
#11324=CARTESIAN_POINT('Ctrl Pts',(40.4568938518604,0.,-15.7535301998802));
#11325=CARTESIAN_POINT('Ctrl Pts',(40.4280259909257,0.,-15.7284801608202));
#11326=CARTESIAN_POINT('Ctrl Pts',(40.3671669468606,0.,-15.6756698249789));
#11327=CARTESIAN_POINT('Ctrl Pts',(40.2864824446043,0.,-15.6703686876644));
#11328=CARTESIAN_POINT('Ctrl Pts',(40.2440698052487,0.,-15.6675820902534));
#11329=CARTESIAN_POINT('Ctrl Pts',(40.5326099301418,-2.,-16.0420703247734));
#11330=CARTESIAN_POINT('Ctrl Pts',(40.5326099301418,0.,-16.0420703247734));
#11331=CARTESIAN_POINT('Ctrl Pts',(40.5320223460869,-2.,-15.9822426217633));
#11332=CARTESIAN_POINT('Ctrl Pts',(40.5320223460869,0.,-15.9822426217633));
#11333=CARTESIAN_POINT('Ctrl Pts',(40.5310080413602,-2.,-15.8789662965454));
#11334=CARTESIAN_POINT('Ctrl Pts',(40.5310080413602,0.,-15.8789662965454));
#11335=CARTESIAN_POINT('Ctrl Pts',(40.4788407632502,-2.,-15.790674705098));
#11336=CARTESIAN_POINT('Ctrl Pts',(40.4788407632502,0.,-15.790674705098));
#11337=CARTESIAN_POINT('Ctrl Pts',(40.4568938518604,-2.,-15.7535301998802));
#11338=CARTESIAN_POINT('Ctrl Pts',(40.4568938518604,0.,-15.7535301998802));
#11339=CARTESIAN_POINT('',(40.5326099301418,-2.,-16.0420703247734));
#11340=CARTESIAN_POINT('Ctrl Pts',(40.5326099301418,-2.,-16.0420703247734));
#11341=CARTESIAN_POINT('Ctrl Pts',(40.5320223460869,-2.,-15.9822426217633));
#11342=CARTESIAN_POINT('Ctrl Pts',(40.5310080413602,-2.,-15.8789662965454));
#11343=CARTESIAN_POINT('Ctrl Pts',(40.4788407632502,-2.,-15.790674705098));
#11344=CARTESIAN_POINT('Ctrl Pts',(40.4568938518604,-2.,-15.7535301998802));
#11345=CARTESIAN_POINT('',(40.5326099301418,0.,-16.0420703247734));
#11346=CARTESIAN_POINT('',(40.5326099301418,-2.,-16.0420703247734));
#11347=CARTESIAN_POINT('Ctrl Pts',(40.5326099301418,0.,-16.0420703247734));
#11348=CARTESIAN_POINT('Ctrl Pts',(40.5320223460869,0.,-15.9822426217633));
#11349=CARTESIAN_POINT('Ctrl Pts',(40.5310080413602,0.,-15.8789662965454));
#11350=CARTESIAN_POINT('Ctrl Pts',(40.4788407632502,0.,-15.790674705098));
#11351=CARTESIAN_POINT('Ctrl Pts',(40.4568938518604,0.,-15.7535301998802));
#11352=CARTESIAN_POINT('Origin',(40.5326099301418,-2.,-17.2371589497276));
#11353=CARTESIAN_POINT('',(40.5326099301418,-2.,-17.2371589497276));
#11354=CARTESIAN_POINT('',(40.5326099301418,-2.,-11.9933685227447));
#11355=CARTESIAN_POINT('',(40.5326099301418,0.,-17.2371589497276));
#11356=CARTESIAN_POINT('',(40.5326099301418,-2.,-17.2371589497276));
#11357=CARTESIAN_POINT('',(40.5326099301418,0.,-17.2371589497276));
#11358=CARTESIAN_POINT('Origin',(41.3695816303333,-2.,-17.2371589497276));
#11359=CARTESIAN_POINT('',(41.3695816303333,-2.,-17.2371589497276));
#11360=CARTESIAN_POINT('',(29.9873879068433,-2.,-17.2371589497276));
#11361=CARTESIAN_POINT('',(41.3695816303333,0.,-17.2371589497276));
#11362=CARTESIAN_POINT('',(41.3695816303333,-2.,-17.2371589497276));
#11363=CARTESIAN_POINT('',(41.3695816303333,0.,-17.2371589497276));
#11364=CARTESIAN_POINT('Origin',(41.3695816303333,-2.,-15.855849321241));
#11365=CARTESIAN_POINT('',(41.3695816303333,-2.,-15.855849321241));
#11366=CARTESIAN_POINT('',(41.3695816303333,-2.,-11.3027137085014));
#11367=CARTESIAN_POINT('',(41.3695816303333,0.,-15.855849321241));
#11368=CARTESIAN_POINT('',(41.3695816303333,-2.,-15.855849321241));
#11369=CARTESIAN_POINT('',(41.3695816303333,0.,-15.855849321241));
#11370=CARTESIAN_POINT('Ctrl Pts',(41.1731282974323,-2.,-15.2214699343391));
#11371=CARTESIAN_POINT('Ctrl Pts',(41.1731282974323,0.,-15.2214699343391));
#11372=CARTESIAN_POINT('Ctrl Pts',(41.2302451463282,-2.,-15.3061145188865));
#11373=CARTESIAN_POINT('Ctrl Pts',(41.2302451463282,0.,-15.3061145188865));
#11374=CARTESIAN_POINT('Ctrl Pts',(41.3587580356719,-2.,-15.4965648034832));
#11375=CARTESIAN_POINT('Ctrl Pts',(41.3587580356719,0.,-15.4965648034832));
#11376=CARTESIAN_POINT('Ctrl Pts',(41.3657160611312,-2.,-15.7275334326567));
#11377=CARTESIAN_POINT('Ctrl Pts',(41.3657160611312,0.,-15.7275334326567));
#11378=CARTESIAN_POINT('Ctrl Pts',(41.3695816303333,-2.,-15.855849321241));
#11379=CARTESIAN_POINT('Ctrl Pts',(41.3695816303333,0.,-15.855849321241));
#11380=CARTESIAN_POINT('',(41.1731282974323,-2.,-15.2214699343391));
#11381=CARTESIAN_POINT('Ctrl Pts',(41.1731282974323,-2.,-15.2214699343391));
#11382=CARTESIAN_POINT('Ctrl Pts',(41.2302451463282,-2.,-15.3061145188865));
#11383=CARTESIAN_POINT('Ctrl Pts',(41.3587580356719,-2.,-15.4965648034832));
#11384=CARTESIAN_POINT('Ctrl Pts',(41.3657160611312,-2.,-15.7275334326567));
#11385=CARTESIAN_POINT('Ctrl Pts',(41.3695816303333,-2.,-15.855849321241));
#11386=CARTESIAN_POINT('',(41.1731282974323,0.,-15.2214699343391));
#11387=CARTESIAN_POINT('',(41.1731282974323,-2.,-15.2214699343391));
#11388=CARTESIAN_POINT('Ctrl Pts',(41.1731282974323,0.,-15.2214699343391));
#11389=CARTESIAN_POINT('Ctrl Pts',(41.2302451463282,0.,-15.3061145188865));
#11390=CARTESIAN_POINT('Ctrl Pts',(41.3587580356719,0.,-15.4965648034832));
#11391=CARTESIAN_POINT('Ctrl Pts',(41.3657160611312,0.,-15.7275334326567));
#11392=CARTESIAN_POINT('Ctrl Pts',(41.3695816303333,0.,-15.855849321241));
#11393=CARTESIAN_POINT('Ctrl Pts',(40.6390221024594,-2.,-15.014784868116));
#11394=CARTESIAN_POINT('Ctrl Pts',(40.6390221024594,0.,-15.014784868116));
#11395=CARTESIAN_POINT('Ctrl Pts',(40.7443447639039,-2.,-15.0215046354176));
#11396=CARTESIAN_POINT('Ctrl Pts',(40.7443447639039,0.,-15.0215046354176));
#11397=CARTESIAN_POINT('Ctrl Pts',(40.9447985642524,-2.,-15.0342939333198));
#11398=CARTESIAN_POINT('Ctrl Pts',(40.9447985642524,0.,-15.0342939333198));
#11399=CARTESIAN_POINT('Ctrl Pts',(41.0996425927209,-2.,-15.1612291582106));
#11400=CARTESIAN_POINT('Ctrl Pts',(41.0996425927209,0.,-15.1612291582106));
#11401=CARTESIAN_POINT('Ctrl Pts',(41.1731282974323,-2.,-15.2214699343391));
#11402=CARTESIAN_POINT('Ctrl Pts',(41.1731282974323,0.,-15.2214699343391));
#11403=CARTESIAN_POINT('',(40.6390221024594,-2.,-15.014784868116));
#11404=CARTESIAN_POINT('Ctrl Pts',(40.6390221024594,-2.,-15.014784868116));
#11405=CARTESIAN_POINT('Ctrl Pts',(40.7443447639039,-2.,-15.0215046354176));
#11406=CARTESIAN_POINT('Ctrl Pts',(40.9447985642524,-2.,-15.0342939333198));
#11407=CARTESIAN_POINT('Ctrl Pts',(41.0996425927209,-2.,-15.1612291582106));
#11408=CARTESIAN_POINT('Ctrl Pts',(41.1731282974323,-2.,-15.2214699343391));
#11409=CARTESIAN_POINT('',(40.6390221024594,0.,-15.014784868116));
#11410=CARTESIAN_POINT('',(40.6390221024594,-2.,-15.014784868116));
#11411=CARTESIAN_POINT('Ctrl Pts',(40.6390221024594,0.,-15.014784868116));
#11412=CARTESIAN_POINT('Ctrl Pts',(40.7443447639039,0.,-15.0215046354176));
#11413=CARTESIAN_POINT('Ctrl Pts',(40.9447985642524,0.,-15.0342939333198));
#11414=CARTESIAN_POINT('Ctrl Pts',(41.0996425927209,0.,-15.1612291582106));
#11415=CARTESIAN_POINT('Ctrl Pts',(41.1731282974323,0.,-15.2214699343391));
#11416=CARTESIAN_POINT('Ctrl Pts',(40.2420232797703,-2.,-15.0905012444206));
#11417=CARTESIAN_POINT('Ctrl Pts',(40.2420232797703,0.,-15.0905012444206));
#11418=CARTESIAN_POINT('Ctrl Pts',(40.3024562002428,-2.,-15.068436383874));
#11419=CARTESIAN_POINT('Ctrl Pts',(40.3024562002428,0.,-15.068436383874));
#11420=CARTESIAN_POINT('Ctrl Pts',(40.4305486743709,-2.,-15.0216681231874));
#11421=CARTESIAN_POINT('Ctrl Pts',(40.4305486743709,0.,-15.0216681231874));
#11422=CARTESIAN_POINT('Ctrl Pts',(40.5669655355199,-2.,-15.017163990167));
#11423=CARTESIAN_POINT('Ctrl Pts',(40.5669655355199,0.,-15.017163990167));
#11424=CARTESIAN_POINT('Ctrl Pts',(40.6390221024594,-2.,-15.014784868116));
#11425=CARTESIAN_POINT('Ctrl Pts',(40.6390221024594,0.,-15.014784868116));
#11426=CARTESIAN_POINT('',(40.2420232797703,-2.,-15.0905012444206));
#11427=CARTESIAN_POINT('Ctrl Pts',(40.2420232797703,-2.,-15.0905012444206));
#11428=CARTESIAN_POINT('Ctrl Pts',(40.3024562002428,-2.,-15.068436383874));
#11429=CARTESIAN_POINT('Ctrl Pts',(40.4305486743709,-2.,-15.0216681231874));
#11430=CARTESIAN_POINT('Ctrl Pts',(40.5669655355199,-2.,-15.017163990167));
#11431=CARTESIAN_POINT('Ctrl Pts',(40.6390221024594,-2.,-15.014784868116));
#11432=CARTESIAN_POINT('',(40.2420232797703,0.,-15.0905012444206));
#11433=CARTESIAN_POINT('',(40.2420232797703,-2.,-15.0905012444206));
#11434=CARTESIAN_POINT('Ctrl Pts',(40.2420232797703,0.,-15.0905012444206));
#11435=CARTESIAN_POINT('Ctrl Pts',(40.3024562002428,0.,-15.068436383874));
#11436=CARTESIAN_POINT('Ctrl Pts',(40.4305486743709,0.,-15.0216681231874));
#11437=CARTESIAN_POINT('Ctrl Pts',(40.5669655355199,0.,-15.017163990167));
#11438=CARTESIAN_POINT('Ctrl Pts',(40.6390221024594,0.,-15.014784868116));
#11439=CARTESIAN_POINT('Ctrl Pts',(39.9043698216519,-2.,-15.342206294889));
#11440=CARTESIAN_POINT('Ctrl Pts',(39.9043698216519,0.,-15.342206294889));
#11441=CARTESIAN_POINT('Ctrl Pts',(39.9585572823182,-2.,-15.2888258071989));
#11442=CARTESIAN_POINT('Ctrl Pts',(39.9585572823182,0.,-15.2888258071989));
#11443=CARTESIAN_POINT('Ctrl Pts',(40.0596104463926,-2.,-15.1892775516692));
#11444=CARTESIAN_POINT('Ctrl Pts',(40.0596104463926,0.,-15.1892775516692));
#11445=CARTESIAN_POINT('Ctrl Pts',(40.1842287205474,-2.,-15.121796921558));
#11446=CARTESIAN_POINT('Ctrl Pts',(40.1842287205474,0.,-15.121796921558));
#11447=CARTESIAN_POINT('Ctrl Pts',(40.2420232797703,-2.,-15.0905012444206));
#11448=CARTESIAN_POINT('Ctrl Pts',(40.2420232797703,0.,-15.0905012444206));
#11449=CARTESIAN_POINT('',(39.9043698216519,-2.,-15.342206294889));
#11450=CARTESIAN_POINT('Ctrl Pts',(39.9043698216519,-2.,-15.342206294889));
#11451=CARTESIAN_POINT('Ctrl Pts',(39.9585572823182,-2.,-15.2888258071989));
#11452=CARTESIAN_POINT('Ctrl Pts',(40.0596104463926,-2.,-15.1892775516692));
#11453=CARTESIAN_POINT('Ctrl Pts',(40.1842287205474,-2.,-15.121796921558));
#11454=CARTESIAN_POINT('Ctrl Pts',(40.2420232797703,-2.,-15.0905012444206));
#11455=CARTESIAN_POINT('',(39.9043698216519,0.,-15.342206294889));
#11456=CARTESIAN_POINT('',(39.9043698216519,-2.,-15.342206294889));
#11457=CARTESIAN_POINT('Ctrl Pts',(39.9043698216519,0.,-15.342206294889));
#11458=CARTESIAN_POINT('Ctrl Pts',(39.9585572823182,0.,-15.2888258071989));
#11459=CARTESIAN_POINT('Ctrl Pts',(40.0596104463926,0.,-15.1892775516692));
#11460=CARTESIAN_POINT('Ctrl Pts',(40.1842287205474,0.,-15.121796921558));
#11461=CARTESIAN_POINT('Ctrl Pts',(40.2420232797703,0.,-15.0905012444206));
#11462=CARTESIAN_POINT('Origin',(39.9043698216519,-2.,-14.2371588305183));
#11463=CARTESIAN_POINT('',(39.9043698216519,-2.,-14.2371588305183));
#11464=CARTESIAN_POINT('',(39.9043698216519,-2.,-10.49336846314));
#11465=CARTESIAN_POINT('',(39.9043698216519,0.,-14.2371588305183));
#11466=CARTESIAN_POINT('',(39.9043698216519,-2.,-14.2371588305183));
#11467=CARTESIAN_POINT('',(39.9043698216519,0.,-14.2371588305183));
#11468=CARTESIAN_POINT('Origin',(39.0714911724171,-2.,-14.2371588305183));
#11469=CARTESIAN_POINT('',(39.0714911724171,-2.,-14.2371588305183));
#11470=CARTESIAN_POINT('',(28.8383426778852,-2.,-14.2371588305183));
#11471=CARTESIAN_POINT('',(39.0714911724171,0.,-14.2371588305183));
#11472=CARTESIAN_POINT('',(39.0714911724171,-2.,-14.2371588305183));
#11473=CARTESIAN_POINT('',(39.0714911724171,0.,-14.2371588305183));
#11474=CARTESIAN_POINT('Origin',(39.0714911724171,-2.,-17.2371589497276));
#11475=CARTESIAN_POINT('',(39.0714911724171,-2.,-11.9933685227447));
#11476=CARTESIAN_POINT('',(39.0714911724171,0.,-17.2371589497276));
#11477=CARTESIAN_POINT('Origin',(47.0319274374014,0.,-19.0799278870769));
#11478=CARTESIAN_POINT('Origin',(45.5073712373814,-2.,-17.2371589497276));
#11479=CARTESIAN_POINT('',(45.5073712373814,-2.,-17.2371589497276));
#11480=CARTESIAN_POINT('',(44.6703998352131,-2.,-17.2371589497276));
#11481=CARTESIAN_POINT('',(32.0562827103674,-2.,-17.2371589497276));
#11482=CARTESIAN_POINT('',(45.5073712373814,0.,-17.2371589497276));
#11483=CARTESIAN_POINT('',(45.5073712373814,-2.,-17.2371589497276));
#11484=CARTESIAN_POINT('',(44.6703998352131,0.,-17.2371589497276));
#11485=CARTESIAN_POINT('',(45.5073712373814,0.,-17.2371589497276));
#11486=CARTESIAN_POINT('',(44.6703998352131,-2.,-17.2371589497276));
#11487=CARTESIAN_POINT('Origin',(45.5073712373814,-2.,-16.508645947332));
#11488=CARTESIAN_POINT('',(45.5073712373814,-2.,-16.508645947332));
#11489=CARTESIAN_POINT('',(45.5073712373814,-2.,-11.6291120215469));
#11490=CARTESIAN_POINT('',(45.5073712373814,0.,-16.508645947332));
#11491=CARTESIAN_POINT('',(45.5073712373814,-2.,-16.508645947332));
#11492=CARTESIAN_POINT('',(45.5073712373814,0.,-16.508645947332));
#11493=CARTESIAN_POINT('Ctrl Pts',(45.6362931037983,-2.,-15.7965039566704));
#11494=CARTESIAN_POINT('Ctrl Pts',(45.6362931037983,0.,-15.7965039566704));
#11495=CARTESIAN_POINT('Ctrl Pts',(45.599068841409,-2.,-15.8865207714968));
#11496=CARTESIAN_POINT('Ctrl Pts',(45.599068841409,0.,-15.8865207714968));
#11497=CARTESIAN_POINT('Ctrl Pts',(45.505310331009,-2.,-16.1132503808258));
#11498=CARTESIAN_POINT('Ctrl Pts',(45.505310331009,0.,-16.1132503808258));
#11499=CARTESIAN_POINT('Ctrl Pts',(45.5065960051399,-2.,-16.3599136247931));
#11500=CARTESIAN_POINT('Ctrl Pts',(45.5065960051399,0.,-16.3599136247931));
#11501=CARTESIAN_POINT('Ctrl Pts',(45.5073712373814,-2.,-16.508645947332));
#11502=CARTESIAN_POINT('Ctrl Pts',(45.5073712373814,0.,-16.508645947332));
#11503=CARTESIAN_POINT('',(45.6362931037983,-2.,-15.7965039566704));
#11504=CARTESIAN_POINT('Ctrl Pts',(45.6362931037983,-2.,-15.7965039566704));
#11505=CARTESIAN_POINT('Ctrl Pts',(45.599068841409,-2.,-15.8865207714968));
#11506=CARTESIAN_POINT('Ctrl Pts',(45.505310331009,-2.,-16.1132503808258));
#11507=CARTESIAN_POINT('Ctrl Pts',(45.5065960051399,-2.,-16.3599136247931));
#11508=CARTESIAN_POINT('Ctrl Pts',(45.5073712373814,-2.,-16.508645947332));
#11509=CARTESIAN_POINT('',(45.6362931037983,0.,-15.7965039566704));
#11510=CARTESIAN_POINT('',(45.6362931037983,-2.,-15.7965039566704));
#11511=CARTESIAN_POINT('Ctrl Pts',(45.6362931037983,0.,-15.7965039566704));
#11512=CARTESIAN_POINT('Ctrl Pts',(45.599068841409,0.,-15.8865207714968));
#11513=CARTESIAN_POINT('Ctrl Pts',(45.505310331009,0.,-16.1132503808258));
#11514=CARTESIAN_POINT('Ctrl Pts',(45.5065960051399,0.,-16.3599136247931));
#11515=CARTESIAN_POINT('Ctrl Pts',(45.5073712373814,0.,-16.508645947332));
#11516=CARTESIAN_POINT('Ctrl Pts',(45.8900449777683,-2.,-15.6614428118416));
#11517=CARTESIAN_POINT('Ctrl Pts',(45.8900449777683,0.,-15.6614428118416));
#11518=CARTESIAN_POINT('Ctrl Pts',(45.8385828113362,-2.,-15.6670126964317));
#11519=CARTESIAN_POINT('Ctrl Pts',(45.8385828113362,0.,-15.6670126964317));
#11520=CARTESIAN_POINT('Ctrl Pts',(45.7359207945041,-2.,-15.6781240744633));
#11521=CARTESIAN_POINT('Ctrl Pts',(45.7359207945041,0.,-15.6781240744633));
#11522=CARTESIAN_POINT('Ctrl Pts',(45.6694457162785,-2.,-15.7571112704356));
#11523=CARTESIAN_POINT('Ctrl Pts',(45.6694457162785,0.,-15.7571112704356));
#11524=CARTESIAN_POINT('Ctrl Pts',(45.6362931037983,-2.,-15.7965039566704));
#11525=CARTESIAN_POINT('Ctrl Pts',(45.6362931037983,0.,-15.7965039566704));
#11526=CARTESIAN_POINT('',(45.8900449777683,-2.,-15.6614428118416));
#11527=CARTESIAN_POINT('Ctrl Pts',(45.8900449777683,-2.,-15.6614428118416));
#11528=CARTESIAN_POINT('Ctrl Pts',(45.8385828113362,-2.,-15.6670126964317));
#11529=CARTESIAN_POINT('Ctrl Pts',(45.7359207945041,-2.,-15.6781240744633));
#11530=CARTESIAN_POINT('Ctrl Pts',(45.6694457162785,-2.,-15.7571112704356));
#11531=CARTESIAN_POINT('Ctrl Pts',(45.6362931037983,-2.,-15.7965039566704));
#11532=CARTESIAN_POINT('',(45.8900449777683,0.,-15.6614428118416));
#11533=CARTESIAN_POINT('',(45.8900449777683,-2.,-15.6614428118416));
#11534=CARTESIAN_POINT('Ctrl Pts',(45.8900449777683,0.,-15.6614428118416));
#11535=CARTESIAN_POINT('Ctrl Pts',(45.8385828113362,0.,-15.6670126964317));
#11536=CARTESIAN_POINT('Ctrl Pts',(45.7359207945041,0.,-15.6781240744633));
#11537=CARTESIAN_POINT('Ctrl Pts',(45.6694457162785,0.,-15.7571112704356));
#11538=CARTESIAN_POINT('Ctrl Pts',(45.6362931037983,0.,-15.7965039566704));
#11539=CARTESIAN_POINT('Ctrl Pts',(46.1233327890476,-2.,-15.7228344038673));
#11540=CARTESIAN_POINT('Ctrl Pts',(46.1233327890476,0.,-15.7228344038673));
#11541=CARTESIAN_POINT('Ctrl Pts',(46.0799343180659,-2.,-15.7050723797082));
#11542=CARTESIAN_POINT('Ctrl Pts',(46.0799343180659,0.,-15.7050723797082));
#11543=CARTESIAN_POINT('Ctrl Pts',(46.0047290921912,-2.,-15.6742925616949));
#11544=CARTESIAN_POINT('Ctrl Pts',(46.0047290921912,0.,-15.6742925616949));
#11545=CARTESIAN_POINT('Ctrl Pts',(45.924132091112,-2.,-15.6652620930201));
#11546=CARTESIAN_POINT('Ctrl Pts',(45.924132091112,0.,-15.6652620930201));
#11547=CARTESIAN_POINT('Ctrl Pts',(45.8900449777683,-2.,-15.6614428118416));
#11548=CARTESIAN_POINT('Ctrl Pts',(45.8900449777683,0.,-15.6614428118416));
#11549=CARTESIAN_POINT('',(46.1233327890476,-2.,-15.7228344038673));
#11550=CARTESIAN_POINT('Ctrl Pts',(46.1233327890476,-2.,-15.7228344038673));
#11551=CARTESIAN_POINT('Ctrl Pts',(46.0799343180659,-2.,-15.7050723797082));
#11552=CARTESIAN_POINT('Ctrl Pts',(46.0047290921912,-2.,-15.6742925616949));
#11553=CARTESIAN_POINT('Ctrl Pts',(45.924132091112,-2.,-15.6652620930201));
#11554=CARTESIAN_POINT('Ctrl Pts',(45.8900449777683,-2.,-15.6614428118416));
#11555=CARTESIAN_POINT('',(46.1233327890476,0.,-15.7228344038673));
#11556=CARTESIAN_POINT('',(46.1233327890476,-2.,-15.7228344038673));
#11557=CARTESIAN_POINT('Ctrl Pts',(46.1233327890476,0.,-15.7228344038673));
#11558=CARTESIAN_POINT('Ctrl Pts',(46.0799343180659,0.,-15.7050723797082));
#11559=CARTESIAN_POINT('Ctrl Pts',(46.0047290921912,0.,-15.6742925616949));
#11560=CARTESIAN_POINT('Ctrl Pts',(45.924132091112,0.,-15.6652620930201));
#11561=CARTESIAN_POINT('Ctrl Pts',(45.8900449777683,0.,-15.6614428118416));
#11562=CARTESIAN_POINT('Origin',(46.3811777139744,-2.,-15.1293825463005));
#11563=CARTESIAN_POINT('',(46.3811777139744,-2.,-15.1293825463005));
#11564=CARTESIAN_POINT('',(45.7071452905764,-2.,-16.6807250590122));
#11565=CARTESIAN_POINT('',(46.3811777139744,0.,-15.1293825463005));
#11566=CARTESIAN_POINT('',(46.3811777139744,-2.,-15.1293825463005));
#11567=CARTESIAN_POINT('',(46.3811777139744,0.,-15.1293825463005));
#11568=CARTESIAN_POINT('Ctrl Pts',(45.9780393148502,-2.,-15.014784868116));
#11569=CARTESIAN_POINT('Ctrl Pts',(45.9780393148502,0.,-15.014784868116));
#11570=CARTESIAN_POINT('Ctrl Pts',(46.0432831554019,-2.,-15.0208605950512));
#11571=CARTESIAN_POINT('Ctrl Pts',(46.0432831554019,0.,-15.0208605950512));
#11572=CARTESIAN_POINT('Ctrl Pts',(46.1845335075717,-2.,-15.0340143052257));
#11573=CARTESIAN_POINT('Ctrl Pts',(46.1845335075717,0.,-15.0340143052257));
#11574=CARTESIAN_POINT('Ctrl Pts',(46.3123824644343,-2.,-15.0960183192889));
#11575=CARTESIAN_POINT('Ctrl Pts',(46.3123824644343,0.,-15.0960183192889));
#11576=CARTESIAN_POINT('Ctrl Pts',(46.3811777139744,-2.,-15.1293825463005));
#11577=CARTESIAN_POINT('Ctrl Pts',(46.3811777139744,0.,-15.1293825463005));
#11578=CARTESIAN_POINT('',(45.9780393148502,-2.,-15.014784868116));
#11579=CARTESIAN_POINT('Ctrl Pts',(45.9780393148502,-2.,-15.014784868116));
#11580=CARTESIAN_POINT('Ctrl Pts',(46.0432831554019,-2.,-15.0208605950512));
#11581=CARTESIAN_POINT('Ctrl Pts',(46.1845335075717,-2.,-15.0340143052257));
#11582=CARTESIAN_POINT('Ctrl Pts',(46.3123824644343,-2.,-15.0960183192889));
#11583=CARTESIAN_POINT('Ctrl Pts',(46.3811777139744,-2.,-15.1293825463005));
#11584=CARTESIAN_POINT('',(45.9780393148502,0.,-15.014784868116));
#11585=CARTESIAN_POINT('',(45.9780393148502,-2.,-15.014784868116));
#11586=CARTESIAN_POINT('Ctrl Pts',(45.9780393148502,0.,-15.014784868116));
#11587=CARTESIAN_POINT('Ctrl Pts',(46.0432831554019,0.,-15.0208605950512));
#11588=CARTESIAN_POINT('Ctrl Pts',(46.1845335075717,0.,-15.0340143052257));
#11589=CARTESIAN_POINT('Ctrl Pts',(46.3123824644343,0.,-15.0960183192889));
#11590=CARTESIAN_POINT('Ctrl Pts',(46.3811777139744,0.,-15.1293825463005));
#11591=CARTESIAN_POINT('Ctrl Pts',(45.6813136840901,-2.,-15.1027798012443));
#11592=CARTESIAN_POINT('Ctrl Pts',(45.6813136840901,0.,-15.1027798012443));
#11593=CARTESIAN_POINT('Ctrl Pts',(45.7250519476127,-2.,-15.0771282876891));
#11594=CARTESIAN_POINT('Ctrl Pts',(45.7250519476127,0.,-15.0771282876891));
#11595=CARTESIAN_POINT('Ctrl Pts',(45.8165553290839,-2.,-15.0234636004995));
#11596=CARTESIAN_POINT('Ctrl Pts',(45.8165553290839,0.,-15.0234636004995));
#11597=CARTESIAN_POINT('Ctrl Pts',(45.9226549195343,-2.,-15.0177614254686));
#11598=CARTESIAN_POINT('Ctrl Pts',(45.9226549195343,0.,-15.0177614254686));
#11599=CARTESIAN_POINT('Ctrl Pts',(45.9780393148502,-2.,-15.014784868116));
#11600=CARTESIAN_POINT('Ctrl Pts',(45.9780393148502,0.,-15.014784868116));
#11601=CARTESIAN_POINT('',(45.6813136840901,-2.,-15.1027798012443));
#11602=CARTESIAN_POINT('Ctrl Pts',(45.6813136840901,-2.,-15.1027798012443));
#11603=CARTESIAN_POINT('Ctrl Pts',(45.7250519476127,-2.,-15.0771282876891));
#11604=CARTESIAN_POINT('Ctrl Pts',(45.8165553290839,-2.,-15.0234636004995));
#11605=CARTESIAN_POINT('Ctrl Pts',(45.9226549195343,-2.,-15.0177614254686));
#11606=CARTESIAN_POINT('Ctrl Pts',(45.9780393148502,-2.,-15.014784868116));
#11607=CARTESIAN_POINT('',(45.6813136840901,0.,-15.1027798012443));
#11608=CARTESIAN_POINT('',(45.6813136840901,-2.,-15.1027798012443));
#11609=CARTESIAN_POINT('Ctrl Pts',(45.6813136840901,0.,-15.1027798012443));
#11610=CARTESIAN_POINT('Ctrl Pts',(45.7250519476127,0.,-15.0771282876891));
#11611=CARTESIAN_POINT('Ctrl Pts',(45.8165553290839,0.,-15.0234636004995));
#11612=CARTESIAN_POINT('Ctrl Pts',(45.9226549195343,0.,-15.0177614254686));
#11613=CARTESIAN_POINT('Ctrl Pts',(45.9780393148502,0.,-15.014784868116));
#11614=CARTESIAN_POINT('Ctrl Pts',(45.4500721002659,-2.,-15.4199694946953));
#11615=CARTESIAN_POINT('Ctrl Pts',(45.4500721002659,0.,-15.4199694946953));
#11616=CARTESIAN_POINT('Ctrl Pts',(45.4840844608634,-2.,-15.3519636796732));
#11617=CARTESIAN_POINT('Ctrl Pts',(45.4840844608634,0.,-15.3519636796732));
#11618=CARTESIAN_POINT('Ctrl Pts',(45.5435985785077,-2.,-15.2329685260113));
#11619=CARTESIAN_POINT('Ctrl Pts',(45.5435985785077,0.,-15.2329685260113));
#11620=CARTESIAN_POINT('Ctrl Pts',(45.6400040207244,-2.,-15.1418318164273));
#11621=CARTESIAN_POINT('Ctrl Pts',(45.6400040207244,0.,-15.1418318164273));
#11622=CARTESIAN_POINT('Ctrl Pts',(45.6813136840901,-2.,-15.1027798012443));
#11623=CARTESIAN_POINT('Ctrl Pts',(45.6813136840901,0.,-15.1027798012443));
#11624=CARTESIAN_POINT('',(45.4500721002659,-2.,-15.4199694946953));
#11625=CARTESIAN_POINT('Ctrl Pts',(45.4500721002659,-2.,-15.4199694946953));
#11626=CARTESIAN_POINT('Ctrl Pts',(45.4840844608634,-2.,-15.3519636796732));
#11627=CARTESIAN_POINT('Ctrl Pts',(45.5435985785077,-2.,-15.2329685260113));
#11628=CARTESIAN_POINT('Ctrl Pts',(45.6400040207244,-2.,-15.1418318164273));
#11629=CARTESIAN_POINT('Ctrl Pts',(45.6813136840901,-2.,-15.1027798012443));
#11630=CARTESIAN_POINT('',(45.4500721002659,0.,-15.4199694946953));
#11631=CARTESIAN_POINT('',(45.4500721002659,-2.,-15.4199694946953));
#11632=CARTESIAN_POINT('Ctrl Pts',(45.4500721002659,0.,-15.4199694946953));
#11633=CARTESIAN_POINT('Ctrl Pts',(45.4840844608634,0.,-15.3519636796732));
#11634=CARTESIAN_POINT('Ctrl Pts',(45.5435985785077,0.,-15.2329685260113));
#11635=CARTESIAN_POINT('Ctrl Pts',(45.6400040207244,0.,-15.1418318164273));
#11636=CARTESIAN_POINT('Ctrl Pts',(45.6813136840901,0.,-15.1027798012443));
#11637=CARTESIAN_POINT('Origin',(45.4500721002659,-2.,-15.0638984993644));
#11638=CARTESIAN_POINT('',(45.4500721002659,-2.,-15.0638984993644));
#11639=CARTESIAN_POINT('',(45.4500721002659,-2.,-10.9067382975631));
#11640=CARTESIAN_POINT('',(45.4500721002659,0.,-15.0638984993644));
#11641=CARTESIAN_POINT('',(45.4500721002659,-2.,-15.0638984993644));
#11642=CARTESIAN_POINT('',(45.4500721002659,0.,-15.0638984993644));
#11643=CARTESIAN_POINT('Origin',(44.6703998352131,-2.,-15.0638984993644));
#11644=CARTESIAN_POINT('',(44.6703998352131,-2.,-15.0638984993644));
#11645=CARTESIAN_POINT('',(31.6377970092832,-2.,-15.0638984993644));
#11646=CARTESIAN_POINT('',(44.6703998352131,0.,-15.0638984993644));
#11647=CARTESIAN_POINT('',(44.6703998352131,-2.,-15.0638984993644));
#11648=CARTESIAN_POINT('',(44.6703998352131,0.,-15.0638984993644));
#11649=CARTESIAN_POINT('Origin',(44.6703998352131,-2.,-17.2371589497276));
#11650=CARTESIAN_POINT('',(44.6703998352131,-2.,-11.9933685227447));
#11651=CARTESIAN_POINT('',(44.6703998352131,0.,-17.2371589497276));
#11652=CARTESIAN_POINT('Origin',(47.0319274374014,0.,-19.0799278870769));
#11653=CARTESIAN_POINT('Origin',(49.246115496262,-2.,-14.8040073469825));
#11654=CARTESIAN_POINT('',(49.246115496262,-2.,-14.8040073469825));
#11655=CARTESIAN_POINT('',(48.4132371450504,-2.,-14.8040073469825));
#11656=CARTESIAN_POINT('',(33.9256548398077,-2.,-14.8040073469825));
#11657=CARTESIAN_POINT('',(49.246115496262,0.,-14.8040073469825));
#11658=CARTESIAN_POINT('',(49.246115496262,-2.,-14.8040073469825));
#11659=CARTESIAN_POINT('',(48.4132371450504,0.,-14.8040073469825));
#11660=CARTESIAN_POINT('',(49.246115496262,0.,-14.8040073469825));
#11661=CARTESIAN_POINT('',(48.4132371450504,-2.,-14.8040073469825));
#11662=CARTESIAN_POINT('Origin',(49.246115496262,-2.,-14.2371588305183));
#11663=CARTESIAN_POINT('',(49.246115496262,-2.,-14.2371588305183));
#11664=CARTESIAN_POINT('',(49.246115496262,-2.,-10.49336846314));
#11665=CARTESIAN_POINT('',(49.246115496262,0.,-14.2371588305183));
#11666=CARTESIAN_POINT('',(49.246115496262,-2.,-14.2371588305183));
#11667=CARTESIAN_POINT('',(49.246115496262,0.,-14.2371588305183));
#11668=CARTESIAN_POINT('Origin',(48.4132371450504,-2.,-14.2371588305183));
#11669=CARTESIAN_POINT('',(48.4132371450504,-2.,-14.2371588305183));
#11670=CARTESIAN_POINT('',(33.5092156642019,-2.,-14.2371588305183));
#11671=CARTESIAN_POINT('',(48.4132371450504,0.,-14.2371588305183));
#11672=CARTESIAN_POINT('',(48.4132371450504,-2.,-14.2371588305183));
#11673=CARTESIAN_POINT('',(48.4132371450504,0.,-14.2371588305183));
#11674=CARTESIAN_POINT('Origin',(48.4132371450504,-2.,-14.8040073469825));
#11675=CARTESIAN_POINT('',(48.4132371450504,-2.,-10.7767927213721));
#11676=CARTESIAN_POINT('',(48.4132371450504,0.,-14.8040073469825));
#11677=CARTESIAN_POINT('Origin',(47.0319274374014,0.,-19.0799278870769));
#11678=CARTESIAN_POINT('Ctrl Pts',(50.7849965597233,-2.,-14.7548943117805));
#11679=CARTESIAN_POINT('Ctrl Pts',(50.7849965597233,0.,-14.7548943117805));
#11680=CARTESIAN_POINT('Ctrl Pts',(50.7695887045411,-2.,-14.7700604672951));
#11681=CARTESIAN_POINT('Ctrl Pts',(50.7695887045411,0.,-14.7700604672951));
#11682=CARTESIAN_POINT('Ctrl Pts',(50.7358764535058,-2.,-14.8032438815928));
#11683=CARTESIAN_POINT('Ctrl Pts',(50.7358764535058,0.,-14.8032438815928));
#11684=CARTESIAN_POINT('Ctrl Pts',(50.7226185603895,-2.,-14.8488319552037));
#11685=CARTESIAN_POINT('Ctrl Pts',(50.7226185603895,0.,-14.8488319552037));
#11686=CARTESIAN_POINT('Ctrl Pts',(50.715420057877,-2.,-14.8735844448753));
#11687=CARTESIAN_POINT('Ctrl Pts',(50.715420057877,0.,-14.8735844448753));
#11688=CARTESIAN_POINT('',(50.7849965597233,-2.,-14.7548943117805));
#11689=CARTESIAN_POINT('',(50.715420057877,-2.,-14.8735844448753));
#11690=CARTESIAN_POINT('Ctrl Pts',(50.7849965597233,-2.,-14.7548943117805));
#11691=CARTESIAN_POINT('Ctrl Pts',(50.7695887045411,-2.,-14.7700604672951));
#11692=CARTESIAN_POINT('Ctrl Pts',(50.7358764535058,-2.,-14.8032438815928));
#11693=CARTESIAN_POINT('Ctrl Pts',(50.7226185603895,-2.,-14.8488319552037));
#11694=CARTESIAN_POINT('Ctrl Pts',(50.715420057877,-2.,-14.8735844448753));
#11695=CARTESIAN_POINT('',(50.7849965597233,0.,-14.7548943117805));
#11696=CARTESIAN_POINT('',(50.7849965597233,-2.,-14.7548943117805));
#11697=CARTESIAN_POINT('',(50.715420057877,0.,-14.8735844448753));
#11698=CARTESIAN_POINT('Ctrl Pts',(50.7849965597233,0.,-14.7548943117805));
#11699=CARTESIAN_POINT('Ctrl Pts',(50.7695887045411,0.,-14.7700604672951));
#11700=CARTESIAN_POINT('Ctrl Pts',(50.7358764535058,0.,-14.8032438815928));
#11701=CARTESIAN_POINT('Ctrl Pts',(50.7226185603895,0.,-14.8488319552037));
#11702=CARTESIAN_POINT('Ctrl Pts',(50.715420057877,0.,-14.8735844448753));
#11703=CARTESIAN_POINT('',(50.715420057877,-2.,-14.8735844448753));
#11704=CARTESIAN_POINT('Ctrl Pts',(50.9466610456547,-2.,-14.7160130099006));
#11705=CARTESIAN_POINT('Ctrl Pts',(50.9466610456547,0.,-14.7160130099006));
#11706=CARTESIAN_POINT('Ctrl Pts',(50.9136578140555,-2.,-14.716360799644));
#11707=CARTESIAN_POINT('Ctrl Pts',(50.9136578140555,0.,-14.716360799644));
#11708=CARTESIAN_POINT('Ctrl Pts',(50.8564685597797,-2.,-14.7169634629319));
#11709=CARTESIAN_POINT('Ctrl Pts',(50.8564685597797,0.,-14.7169634629319));
#11710=CARTESIAN_POINT('Ctrl Pts',(50.8062391714703,-2.,-14.7436206620339));
#11711=CARTESIAN_POINT('Ctrl Pts',(50.8062391714703,0.,-14.7436206620339));
#11712=CARTESIAN_POINT('Ctrl Pts',(50.7849965597233,-2.,-14.7548943117805));
#11713=CARTESIAN_POINT('Ctrl Pts',(50.7849965597233,0.,-14.7548943117805));
#11714=CARTESIAN_POINT('',(50.9466610456547,-2.,-14.7160130099006));
#11715=CARTESIAN_POINT('Ctrl Pts',(50.9466610456547,-2.,-14.7160130099006));
#11716=CARTESIAN_POINT('Ctrl Pts',(50.9136578140555,-2.,-14.716360799644));
#11717=CARTESIAN_POINT('Ctrl Pts',(50.8564685597797,-2.,-14.7169634629319));
#11718=CARTESIAN_POINT('Ctrl Pts',(50.8062391714703,-2.,-14.7436206620339));
#11719=CARTESIAN_POINT('Ctrl Pts',(50.7849965597233,-2.,-14.7548943117805));
#11720=CARTESIAN_POINT('',(50.9466610456547,0.,-14.7160130099006));
#11721=CARTESIAN_POINT('',(50.9466610456547,-2.,-14.7160130099006));
#11722=CARTESIAN_POINT('Ctrl Pts',(50.9466610456547,0.,-14.7160130099006));
#11723=CARTESIAN_POINT('Ctrl Pts',(50.9136578140555,0.,-14.716360799644));
#11724=CARTESIAN_POINT('Ctrl Pts',(50.8564685597797,0.,-14.7169634629319));
#11725=CARTESIAN_POINT('Ctrl Pts',(50.8062391714703,0.,-14.7436206620339));
#11726=CARTESIAN_POINT('Ctrl Pts',(50.7849965597233,0.,-14.7548943117805));
#11727=CARTESIAN_POINT('Ctrl Pts',(51.1881349588474,-2.,-14.7405695275017));
#11728=CARTESIAN_POINT('Ctrl Pts',(51.1881349588474,0.,-14.7405695275017));
#11729=CARTESIAN_POINT('Ctrl Pts',(51.1432105168329,-2.,-14.7334421982007));
#11730=CARTESIAN_POINT('Ctrl Pts',(51.1432105168329,0.,-14.7334421982007));
#11731=CARTESIAN_POINT('Ctrl Pts',(51.0631566379755,-2.,-14.720741531685));
#11732=CARTESIAN_POINT('Ctrl Pts',(51.0631566379755,0.,-14.720741531685));
#11733=CARTESIAN_POINT('Ctrl Pts',(50.9821907100686,-2.,-14.7174551485157));
#11734=CARTESIAN_POINT('Ctrl Pts',(50.9821907100686,0.,-14.7174551485157));
#11735=CARTESIAN_POINT('Ctrl Pts',(50.9466610456547,-2.,-14.7160130099006));
#11736=CARTESIAN_POINT('Ctrl Pts',(50.9466610456547,0.,-14.7160130099006));
#11737=CARTESIAN_POINT('',(51.1881349588474,-2.,-14.7405695275017));
#11738=CARTESIAN_POINT('Ctrl Pts',(51.1881349588474,-2.,-14.7405695275017));
#11739=CARTESIAN_POINT('Ctrl Pts',(51.1432105168329,-2.,-14.7334421982007));
#11740=CARTESIAN_POINT('Ctrl Pts',(51.0631566379755,-2.,-14.720741531685));
#11741=CARTESIAN_POINT('Ctrl Pts',(50.9821907100686,-2.,-14.7174551485157));
#11742=CARTESIAN_POINT('Ctrl Pts',(50.9466610456547,-2.,-14.7160130099006));
#11743=CARTESIAN_POINT('',(51.1881349588474,0.,-14.7405695275017));
#11744=CARTESIAN_POINT('',(51.1881349588474,-2.,-14.7405695275017));
#11745=CARTESIAN_POINT('Ctrl Pts',(51.1881349588474,0.,-14.7405695275017));
#11746=CARTESIAN_POINT('Ctrl Pts',(51.1432105168329,0.,-14.7334421982007));
#11747=CARTESIAN_POINT('Ctrl Pts',(51.0631566379755,0.,-14.720741531685));
#11748=CARTESIAN_POINT('Ctrl Pts',(50.9821907100686,0.,-14.7174551485157));
#11749=CARTESIAN_POINT('Ctrl Pts',(50.9466610456547,0.,-14.7160130099006));
#11750=CARTESIAN_POINT('Origin',(51.2802217508396,-2.,-14.2371588305183));
#11751=CARTESIAN_POINT('',(51.2802217508396,-2.,-14.2371588305183));
#11752=CARTESIAN_POINT('',(51.4139010897297,-2.,-13.5063742336497));
#11753=CARTESIAN_POINT('',(51.2802217508396,0.,-14.2371588305183));
#11754=CARTESIAN_POINT('',(51.2802217508396,-2.,-14.2371588305183));
#11755=CARTESIAN_POINT('',(51.2802217508396,0.,-14.2371588305183));
#11756=CARTESIAN_POINT('Ctrl Pts',(50.6437967325291,-2.,-14.1859992698379));
#11757=CARTESIAN_POINT('Ctrl Pts',(50.6437967325291,0.,-14.1859992698379));
#11758=CARTESIAN_POINT('Ctrl Pts',(50.733406545414,-2.,-14.1892026107038));
#11759=CARTESIAN_POINT('Ctrl Pts',(50.733406545414,0.,-14.1892026107038));
#11760=CARTESIAN_POINT('Ctrl Pts',(50.9462650617004,-2.,-14.1968118039596));
#11761=CARTESIAN_POINT('Ctrl Pts',(50.9462650617004,0.,-14.1968118039596));
#11762=CARTESIAN_POINT('Ctrl Pts',(51.1577616353833,-2.,-14.2223637936426));
#11763=CARTESIAN_POINT('Ctrl Pts',(51.1577616353833,0.,-14.2223637936426));
#11764=CARTESIAN_POINT('Ctrl Pts',(51.2802217508396,-2.,-14.2371588305183));
#11765=CARTESIAN_POINT('Ctrl Pts',(51.2802217508396,0.,-14.2371588305183));
#11766=CARTESIAN_POINT('',(50.6437967325291,-2.,-14.1859992698379));
#11767=CARTESIAN_POINT('Ctrl Pts',(50.6437967325291,-2.,-14.1859992698379));
#11768=CARTESIAN_POINT('Ctrl Pts',(50.733406545414,-2.,-14.1892026107038));
#11769=CARTESIAN_POINT('Ctrl Pts',(50.9462650617004,-2.,-14.1968118039596));
#11770=CARTESIAN_POINT('Ctrl Pts',(51.1577616353833,-2.,-14.2223637936426));
#11771=CARTESIAN_POINT('Ctrl Pts',(51.2802217508396,-2.,-14.2371588305183));
#11772=CARTESIAN_POINT('',(50.6437967325291,0.,-14.1859992698379));
#11773=CARTESIAN_POINT('',(50.6437967325291,-2.,-14.1859992698379));
#11774=CARTESIAN_POINT('Ctrl Pts',(50.6437967325291,0.,-14.1859992698379));
#11775=CARTESIAN_POINT('Ctrl Pts',(50.733406545414,0.,-14.1892026107038));
#11776=CARTESIAN_POINT('Ctrl Pts',(50.9462650617004,0.,-14.1968118039596));
#11777=CARTESIAN_POINT('Ctrl Pts',(51.1577616353833,0.,-14.2223637936426));
#11778=CARTESIAN_POINT('Ctrl Pts',(51.2802217508396,0.,-14.2371588305183));
#11779=CARTESIAN_POINT('Ctrl Pts',(50.2263341451725,-2.,-14.2494370893188));
#11780=CARTESIAN_POINT('Ctrl Pts',(50.2263341451725,0.,-14.2494370893188));
#11781=CARTESIAN_POINT('Ctrl Pts',(50.2845730634132,-2.,-14.2310260284993));
#11782=CARTESIAN_POINT('Ctrl Pts',(50.2845730634132,0.,-14.2310260284993));
#11783=CARTESIAN_POINT('Ctrl Pts',(50.420117534276,-2.,-14.1881763744848));
#11784=CARTESIAN_POINT('Ctrl Pts',(50.420117534276,0.,-14.1881763744848));
#11785=CARTESIAN_POINT('Ctrl Pts',(50.5625581038087,-2.,-14.1867899781267));
#11786=CARTESIAN_POINT('Ctrl Pts',(50.5625581038087,0.,-14.1867899781267));
#11787=CARTESIAN_POINT('Ctrl Pts',(50.6437967325291,-2.,-14.1859992698379));
#11788=CARTESIAN_POINT('Ctrl Pts',(50.6437967325291,0.,-14.1859992698379));
#11789=CARTESIAN_POINT('',(50.2263341451725,-2.,-14.2494370893188));
#11790=CARTESIAN_POINT('Ctrl Pts',(50.2263341451725,-2.,-14.2494370893188));
#11791=CARTESIAN_POINT('Ctrl Pts',(50.2845730634132,-2.,-14.2310260284993));
#11792=CARTESIAN_POINT('Ctrl Pts',(50.420117534276,-2.,-14.1881763744848));
#11793=CARTESIAN_POINT('Ctrl Pts',(50.5625581038087,-2.,-14.1867899781267));
#11794=CARTESIAN_POINT('Ctrl Pts',(50.6437967325291,-2.,-14.1859992698379));
#11795=CARTESIAN_POINT('',(50.2263341451725,0.,-14.2494370893188));
#11796=CARTESIAN_POINT('',(50.2263341451725,-2.,-14.2494370893188));
#11797=CARTESIAN_POINT('Ctrl Pts',(50.2263341451725,0.,-14.2494370893188));
#11798=CARTESIAN_POINT('Ctrl Pts',(50.2845730634132,0.,-14.2310260284993));
#11799=CARTESIAN_POINT('Ctrl Pts',(50.420117534276,0.,-14.1881763744848));
#11800=CARTESIAN_POINT('Ctrl Pts',(50.5625581038087,0.,-14.1867899781267));
#11801=CARTESIAN_POINT('Ctrl Pts',(50.6437967325291,0.,-14.1859992698379));
#11802=CARTESIAN_POINT('Ctrl Pts',(50.0053248907169,-2.,-14.4131481007286));
#11803=CARTESIAN_POINT('Ctrl Pts',(50.0053248907169,0.,-14.4131481007286));
#11804=CARTESIAN_POINT('Ctrl Pts',(50.0354570344047,-2.,-14.3803354273391));
#11805=CARTESIAN_POINT('Ctrl Pts',(50.0354570344047,0.,-14.3803354273391));
#11806=CARTESIAN_POINT('Ctrl Pts',(50.098540040733,-2.,-14.3116406107827));
#11807=CARTESIAN_POINT('Ctrl Pts',(50.098540040733,0.,-14.3116406107827));
#11808=CARTESIAN_POINT('Ctrl Pts',(50.1824858026359,-2.,-14.2707801812251));
#11809=CARTESIAN_POINT('Ctrl Pts',(50.1824858026359,0.,-14.2707801812251));
#11810=CARTESIAN_POINT('Ctrl Pts',(50.2263341451725,-2.,-14.2494370893188));
#11811=CARTESIAN_POINT('Ctrl Pts',(50.2263341451725,0.,-14.2494370893188));
#11812=CARTESIAN_POINT('',(50.0053248907169,-2.,-14.4131481007286));
#11813=CARTESIAN_POINT('Ctrl Pts',(50.0053248907169,-2.,-14.4131481007286));
#11814=CARTESIAN_POINT('Ctrl Pts',(50.0354570344047,-2.,-14.3803354273391));
#11815=CARTESIAN_POINT('Ctrl Pts',(50.098540040733,-2.,-14.3116406107827));
#11816=CARTESIAN_POINT('Ctrl Pts',(50.1824858026359,-2.,-14.2707801812251));
#11817=CARTESIAN_POINT('Ctrl Pts',(50.2263341451725,-2.,-14.2494370893188));
#11818=CARTESIAN_POINT('',(50.0053248907169,0.,-14.4131481007286));
#11819=CARTESIAN_POINT('',(50.0053248907169,-2.,-14.4131481007286));
#11820=CARTESIAN_POINT('Ctrl Pts',(50.0053248907169,0.,-14.4131481007286));
#11821=CARTESIAN_POINT('Ctrl Pts',(50.0354570344047,0.,-14.3803354273391));
#11822=CARTESIAN_POINT('Ctrl Pts',(50.098540040733,0.,-14.3116406107827));
#11823=CARTESIAN_POINT('Ctrl Pts',(50.1824858026359,0.,-14.2707801812251));
#11824=CARTESIAN_POINT('Ctrl Pts',(50.2263341451725,0.,-14.2494370893188));
#11825=CARTESIAN_POINT('Ctrl Pts',(49.8989127183994,-2.,-14.6730392531105));
#11826=CARTESIAN_POINT('Ctrl Pts',(49.8989127183994,0.,-14.6730392531105));
#11827=CARTESIAN_POINT('Ctrl Pts',(49.9095881456327,-2.,-14.6235368832318));
#11828=CARTESIAN_POINT('Ctrl Pts',(49.9095881456327,0.,-14.6235368832318));
#11829=CARTESIAN_POINT('Ctrl Pts',(49.9296602082942,-2.,-14.5304619506432));
#11830=CARTESIAN_POINT('Ctrl Pts',(49.9296602082942,0.,-14.5304619506432));
#11831=CARTESIAN_POINT('Ctrl Pts',(49.9811978175306,-2.,-14.4505557756441));
#11832=CARTESIAN_POINT('Ctrl Pts',(49.9811978175306,0.,-14.4505557756441));
#11833=CARTESIAN_POINT('Ctrl Pts',(50.0053248907169,-2.,-14.4131481007286));
#11834=CARTESIAN_POINT('Ctrl Pts',(50.0053248907169,0.,-14.4131481007286));
#11835=CARTESIAN_POINT('',(49.8989127183994,-2.,-14.6730392531105));
#11836=CARTESIAN_POINT('Ctrl Pts',(49.8989127183994,-2.,-14.6730392531105));
#11837=CARTESIAN_POINT('Ctrl Pts',(49.9095881456327,-2.,-14.6235368832318));
#11838=CARTESIAN_POINT('Ctrl Pts',(49.9296602082942,-2.,-14.5304619506432));
#11839=CARTESIAN_POINT('Ctrl Pts',(49.9811978175306,-2.,-14.4505557756441));
#11840=CARTESIAN_POINT('Ctrl Pts',(50.0053248907169,-2.,-14.4131481007286));
#11841=CARTESIAN_POINT('',(49.8989127183994,0.,-14.6730392531105));
#11842=CARTESIAN_POINT('',(49.8989127183994,-2.,-14.6730392531105));
#11843=CARTESIAN_POINT('Ctrl Pts',(49.8989127183994,0.,-14.6730392531105));
#11844=CARTESIAN_POINT('Ctrl Pts',(49.9095881456327,0.,-14.6235368832318));
#11845=CARTESIAN_POINT('Ctrl Pts',(49.9296602082942,0.,-14.5304619506432));
#11846=CARTESIAN_POINT('Ctrl Pts',(49.9811978175306,0.,-14.4505557756441));
#11847=CARTESIAN_POINT('Ctrl Pts',(50.0053248907169,0.,-14.4131481007286));
#11848=CARTESIAN_POINT('Ctrl Pts',(49.8702631498417,-2.,-14.9656718329139));
#11849=CARTESIAN_POINT('Ctrl Pts',(49.8702631498417,0.,-14.9656718329139));
#11850=CARTESIAN_POINT('Ctrl Pts',(49.8716770865657,-2.,-14.9190234870589));
#11851=CARTESIAN_POINT('Ctrl Pts',(49.8716770865657,0.,-14.9190234870589));
#11852=CARTESIAN_POINT('Ctrl Pts',(49.8746527713778,-2.,-14.8208502294393));
#11853=CARTESIAN_POINT('Ctrl Pts',(49.8746527713778,0.,-14.8208502294393));
#11854=CARTESIAN_POINT('Ctrl Pts',(49.8905626388036,-2.,-14.7239146081299));
#11855=CARTESIAN_POINT('Ctrl Pts',(49.8905626388036,0.,-14.7239146081299));
#11856=CARTESIAN_POINT('Ctrl Pts',(49.8989127183994,-2.,-14.6730392531105));
#11857=CARTESIAN_POINT('Ctrl Pts',(49.8989127183994,0.,-14.6730392531105));
#11858=CARTESIAN_POINT('',(49.8702631498417,-2.,-14.9656718329139));
#11859=CARTESIAN_POINT('Ctrl Pts',(49.8702631498417,-2.,-14.9656718329139));
#11860=CARTESIAN_POINT('Ctrl Pts',(49.8716770865657,-2.,-14.9190234870589));
#11861=CARTESIAN_POINT('Ctrl Pts',(49.8746527713778,-2.,-14.8208502294393));
#11862=CARTESIAN_POINT('Ctrl Pts',(49.8905626388036,-2.,-14.7239146081299));
#11863=CARTESIAN_POINT('Ctrl Pts',(49.8989127183994,-2.,-14.6730392531105));
#11864=CARTESIAN_POINT('',(49.8702631498417,0.,-14.9656718329139));
#11865=CARTESIAN_POINT('',(49.8702631498417,-2.,-14.9656718329139));
#11866=CARTESIAN_POINT('Ctrl Pts',(49.8702631498417,0.,-14.9656718329139));
#11867=CARTESIAN_POINT('Ctrl Pts',(49.8716770865657,0.,-14.9190234870589));
#11868=CARTESIAN_POINT('Ctrl Pts',(49.8746527713778,0.,-14.8208502294393));
#11869=CARTESIAN_POINT('Ctrl Pts',(49.8905626388036,0.,-14.7239146081299));
#11870=CARTESIAN_POINT('Ctrl Pts',(49.8989127183994,0.,-14.6730392531105));
#11871=CARTESIAN_POINT('Origin',(49.8702631498417,-2.,-15.0638984993644));
#11872=CARTESIAN_POINT('',(49.8702631498417,-2.,-15.0638984993644));
#11873=CARTESIAN_POINT('',(49.8702631498417,-2.,-10.9067382975631));
#11874=CARTESIAN_POINT('',(49.8702631498417,0.,-15.0638984993644));
#11875=CARTESIAN_POINT('',(49.8702631498417,-2.,-15.0638984993644));
#11876=CARTESIAN_POINT('',(49.8702631498417,0.,-15.0638984993644));
#11877=CARTESIAN_POINT('Origin',(49.5592127348026,-2.,-15.0638984993644));
#11878=CARTESIAN_POINT('',(49.5592127348026,-2.,-15.0638984993644));
#11879=CARTESIAN_POINT('',(34.082203459078,-2.,-15.0638984993644));
#11880=CARTESIAN_POINT('',(49.5592127348026,0.,-15.0638984993644));
#11881=CARTESIAN_POINT('',(49.5592127348026,-2.,-15.0638984993644));
#11882=CARTESIAN_POINT('',(49.5592127348026,0.,-15.0638984993644));
#11883=CARTESIAN_POINT('Origin',(49.5592127348026,-2.,-15.6737207726188));
#11884=CARTESIAN_POINT('',(49.5592127348026,-2.,-15.6737207726188));
#11885=CARTESIAN_POINT('',(49.5592127348026,-2.,-11.2116494341903));
#11886=CARTESIAN_POINT('',(49.5592127348026,0.,-15.6737207726188));
#11887=CARTESIAN_POINT('',(49.5592127348026,-2.,-15.6737207726188));
#11888=CARTESIAN_POINT('',(49.5592127348026,0.,-15.6737207726188));
#11889=CARTESIAN_POINT('Origin',(49.8702631498417,-2.,-15.6737207726188));
#11890=CARTESIAN_POINT('',(49.8702631498417,-2.,-15.6737207726188));
#11891=CARTESIAN_POINT('',(34.2377286665975,-2.,-15.6737207726188));
#11892=CARTESIAN_POINT('',(49.8702631498417,0.,-15.6737207726188));
#11893=CARTESIAN_POINT('',(49.8702631498417,-2.,-15.6737207726188));
#11894=CARTESIAN_POINT('',(49.8702631498417,0.,-15.6737207726188));
#11895=CARTESIAN_POINT('Origin',(49.8702631498417,-2.,-17.2371589497276));
#11896=CARTESIAN_POINT('',(49.8702631498417,-2.,-17.2371589497276));
#11897=CARTESIAN_POINT('',(49.8702631498417,-2.,-11.9933685227447));
#11898=CARTESIAN_POINT('',(49.8702631498417,0.,-17.2371589497276));
#11899=CARTESIAN_POINT('',(49.8702631498417,-2.,-17.2371589497276));
#11900=CARTESIAN_POINT('',(49.8702631498417,0.,-17.2371589497276));
#11901=CARTESIAN_POINT('Origin',(50.7051883245548,-2.,-17.2371589497276));
#11902=CARTESIAN_POINT('',(50.7051883245548,-2.,-17.2371589497276));
#11903=CARTESIAN_POINT('',(34.6551912539541,-2.,-17.2371589497276));
#11904=CARTESIAN_POINT('',(50.7051883245548,0.,-17.2371589497276));
#11905=CARTESIAN_POINT('',(50.7051883245548,-2.,-17.2371589497276));
#11906=CARTESIAN_POINT('',(50.7051883245548,0.,-17.2371589497276));
#11907=CARTESIAN_POINT('Origin',(50.7051883245548,-2.,-15.6737207726188));
#11908=CARTESIAN_POINT('',(50.7051883245548,-2.,-15.6737207726188));
#11909=CARTESIAN_POINT('',(50.7051883245548,-2.,-11.2116494341903));
#11910=CARTESIAN_POINT('',(50.7051883245548,0.,-15.6737207726188));
#11911=CARTESIAN_POINT('',(50.7051883245548,-2.,-15.6737207726188));
#11912=CARTESIAN_POINT('',(50.7051883245548,0.,-15.6737207726188));
#11913=CARTESIAN_POINT('Origin',(51.1021862531742,-2.,-15.6737207726188));
#11914=CARTESIAN_POINT('',(51.1021862531742,-2.,-15.6737207726188));
#11915=CARTESIAN_POINT('',(34.8536902182638,-2.,-15.6737207726188));
#11916=CARTESIAN_POINT('',(51.1021862531742,0.,-15.6737207726188));
#11917=CARTESIAN_POINT('',(51.1021862531742,-2.,-15.6737207726188));
#11918=CARTESIAN_POINT('',(51.1021862531742,0.,-15.6737207726188));
#11919=CARTESIAN_POINT('Origin',(51.1021862531742,-2.,-15.0638984993644));
#11920=CARTESIAN_POINT('',(51.1021862531742,-2.,-15.0638984993644));
#11921=CARTESIAN_POINT('',(51.1021862531742,-2.,-10.9067382975631));
#11922=CARTESIAN_POINT('',(51.1021862531742,0.,-15.0638984993644));
#11923=CARTESIAN_POINT('',(51.1021862531742,-2.,-15.0638984993644));
#11924=CARTESIAN_POINT('',(51.1021862531742,0.,-15.0638984993644));
#11925=CARTESIAN_POINT('Origin',(50.7051883245548,-2.,-15.0638984993644));
#11926=CARTESIAN_POINT('',(50.7051883245548,-2.,-15.0638984993644));
#11927=CARTESIAN_POINT('',(34.6551912539541,-2.,-15.0638984993644));
#11928=CARTESIAN_POINT('',(50.7051883245548,0.,-15.0638984993644));
#11929=CARTESIAN_POINT('',(50.7051883245548,-2.,-15.0638984993644));
#11930=CARTESIAN_POINT('',(50.7051883245548,0.,-15.0638984993644));
#11931=CARTESIAN_POINT('Ctrl Pts',(50.715420057877,-2.,-14.8735844448753));
#11932=CARTESIAN_POINT('Ctrl Pts',(50.715420057877,0.,-14.8735844448753));
#11933=CARTESIAN_POINT('Ctrl Pts',(50.7124814064954,-2.,-14.8969224547128));
#11934=CARTESIAN_POINT('Ctrl Pts',(50.7124814064954,0.,-14.8969224547128));
#11935=CARTESIAN_POINT('Ctrl Pts',(50.7045307895932,-2.,-14.9600641994723));
#11936=CARTESIAN_POINT('Ctrl Pts',(50.7045307895932,0.,-14.9600641994723));
#11937=CARTESIAN_POINT('Ctrl Pts',(50.7049340895229,-2.,-15.0237511032718));
#11938=CARTESIAN_POINT('Ctrl Pts',(50.7049340895229,0.,-15.0237511032718));
#11939=CARTESIAN_POINT('Ctrl Pts',(50.7051883245548,-2.,-15.0638984993644));
#11940=CARTESIAN_POINT('Ctrl Pts',(50.7051883245548,0.,-15.0638984993644));
#11941=CARTESIAN_POINT('Ctrl Pts',(50.715420057877,-2.,-14.8735844448753));
#11942=CARTESIAN_POINT('Ctrl Pts',(50.7124814064954,-2.,-14.8969224547128));
#11943=CARTESIAN_POINT('Ctrl Pts',(50.7045307895932,-2.,-14.9600641994723));
#11944=CARTESIAN_POINT('Ctrl Pts',(50.7049340895229,-2.,-15.0237511032718));
#11945=CARTESIAN_POINT('Ctrl Pts',(50.7051883245548,-2.,-15.0638984993644));
#11946=CARTESIAN_POINT('Ctrl Pts',(50.715420057877,0.,-14.8735844448753));
#11947=CARTESIAN_POINT('Ctrl Pts',(50.7124814064954,0.,-14.8969224547128));
#11948=CARTESIAN_POINT('Ctrl Pts',(50.7045307895932,0.,-14.9600641994723));
#11949=CARTESIAN_POINT('Ctrl Pts',(50.7049340895229,0.,-15.0237511032718));
#11950=CARTESIAN_POINT('Ctrl Pts',(50.7051883245548,0.,-15.0638984993644));
#11951=CARTESIAN_POINT('Origin',(47.0319274374014,0.,-19.0799278870769));
#11952=CARTESIAN_POINT('Origin',(36.8491171653113,-2.,-23.1471174315162));
#11953=CARTESIAN_POINT('',(36.8491171653113,-2.,-23.1471174315162));
#11954=CARTESIAN_POINT('',(36.089908460035,-2.,-23.1471174315162));
#11955=CARTESIAN_POINT('',(27.7271556743323,-2.,-23.1471174315162));
#11956=CARTESIAN_POINT('',(36.8491171653113,0.,-23.1471174315162));
#11957=CARTESIAN_POINT('',(36.8491171653113,-2.,-23.1471174315162));
#11958=CARTESIAN_POINT('',(36.089908460035,0.,-23.1471174315162));
#11959=CARTESIAN_POINT('',(36.8491171653113,0.,-23.1471174315162));
#11960=CARTESIAN_POINT('',(36.089908460035,-2.,-23.1471174315162));
#11961=CARTESIAN_POINT('Origin',(36.8491171653113,-2.,-20.859259899015));
#11962=CARTESIAN_POINT('',(36.8491171653113,-2.,-20.859259899015));
#11963=CARTESIAN_POINT('',(36.8491171653113,-2.,-13.8044189973884));
#11964=CARTESIAN_POINT('',(36.8491171653113,0.,-20.859259899015));
#11965=CARTESIAN_POINT('',(36.8491171653113,-2.,-20.859259899015));
#11966=CARTESIAN_POINT('',(36.8491171653113,0.,-20.859259899015));
#11967=CARTESIAN_POINT('Origin',(37.4343832934937,-2.,-23.1471174315162));
#11968=CARTESIAN_POINT('',(37.4343832934937,-2.,-23.1471174315162));
#11969=CARTESIAN_POINT('',(34.887588197318,-2.,-13.1914680885107));
#11970=CARTESIAN_POINT('',(37.4343832934937,0.,-23.1471174315162));
#11971=CARTESIAN_POINT('',(37.4343832934937,-2.,-23.1471174315162));
#11972=CARTESIAN_POINT('',(37.4343832934937,0.,-23.1471174315162));
#11973=CARTESIAN_POINT('Origin',(38.1199220920643,-2.,-23.1471174315162));
#11974=CARTESIAN_POINT('',(38.1199220920643,-2.,-23.1471174315162));
#11975=CARTESIAN_POINT('',(28.3625581377088,-2.,-23.1471174315162));
#11976=CARTESIAN_POINT('',(38.1199220920643,0.,-23.1471174315162));
#11977=CARTESIAN_POINT('',(38.1199220920643,-2.,-23.1471174315162));
#11978=CARTESIAN_POINT('',(38.1199220920643,0.,-23.1471174315162));
#11979=CARTESIAN_POINT('Origin',(38.7072346712193,-2.,-20.859259899015));
#11980=CARTESIAN_POINT('',(38.7072346712193,-2.,-20.859259899015));
#11981=CARTESIAN_POINT('',(39.7849002633593,-2.,-16.661247750114));
#11982=CARTESIAN_POINT('',(38.7072346712193,0.,-20.859259899015));
#11983=CARTESIAN_POINT('',(38.7072346712193,-2.,-20.859259899015));
#11984=CARTESIAN_POINT('',(38.7072346712193,0.,-20.859259899015));
#11985=CARTESIAN_POINT('Origin',(38.7072346712193,-2.,-23.1471174315162));
#11986=CARTESIAN_POINT('',(38.7072346712193,-2.,-23.1471174315162));
#11987=CARTESIAN_POINT('',(38.7072346712193,-2.,-14.948347763639));
#11988=CARTESIAN_POINT('',(38.7072346712193,0.,-23.1471174315162));
#11989=CARTESIAN_POINT('',(38.7072346712193,-2.,-23.1471174315162));
#11990=CARTESIAN_POINT('',(38.7072346712193,0.,-23.1471174315162));
#11991=CARTESIAN_POINT('Origin',(39.4643969441494,-2.,-23.1471174315162));
#11992=CARTESIAN_POINT('',(39.4643969441494,-2.,-23.1471174315162));
#11993=CARTESIAN_POINT('',(29.0347955637514,-2.,-23.1471174315162));
#11994=CARTESIAN_POINT('',(39.4643969441494,0.,-23.1471174315162));
#11995=CARTESIAN_POINT('',(39.4643969441494,-2.,-23.1471174315162));
#11996=CARTESIAN_POINT('',(39.4643969441494,0.,-23.1471174315162));
#11997=CARTESIAN_POINT('Origin',(39.4643969441494,-2.,-20.1471179083534));
#11998=CARTESIAN_POINT('',(39.4643969441494,-2.,-20.1471179083534));
#11999=CARTESIAN_POINT('',(39.4643969441494,-2.,-13.4483480020576));
#12000=CARTESIAN_POINT('',(39.4643969441494,0.,-20.1471179083534));
#12001=CARTESIAN_POINT('',(39.4643969441494,-2.,-20.1471179083534));
#12002=CARTESIAN_POINT('',(39.4643969441494,0.,-20.1471179083534));
#12003=CARTESIAN_POINT('Origin',(38.2488444055161,-2.,-20.1471179083534));
#12004=CARTESIAN_POINT('',(38.2488444055161,-2.,-20.1471179083534));
#12005=CARTESIAN_POINT('',(28.4270192944347,-2.,-20.1471179083534));
#12006=CARTESIAN_POINT('',(38.2488444055161,0.,-20.1471179083534));
#12007=CARTESIAN_POINT('',(38.2488444055161,-2.,-20.1471179083534));
#12008=CARTESIAN_POINT('',(38.2488444055161,0.,-20.1471179083534));
#12009=CARTESIAN_POINT('Origin',(37.7802222574791,-2.,-21.9724922732063));
#12010=CARTESIAN_POINT('',(37.7802222574791,-2.,-21.9724922732063));
#12011=CARTESIAN_POINT('',(39.0206329614385,-2.,-17.1408514504637));
#12012=CARTESIAN_POINT('',(37.7802222574791,0.,-21.9724922732063));
#12013=CARTESIAN_POINT('',(37.7802222574791,-2.,-21.9724922732063));
#12014=CARTESIAN_POINT('',(37.7802222574791,0.,-21.9724922732063));
#12015=CARTESIAN_POINT('Origin',(37.3095537329754,-2.,-20.1471179083534));
#12016=CARTESIAN_POINT('',(37.3095537329754,-2.,-20.1471179083534));
#12017=CARTESIAN_POINT('',(35.1069490263126,-2.,-11.6048467384551));
#12018=CARTESIAN_POINT('',(37.3095537329754,0.,-20.1471179083534));
#12019=CARTESIAN_POINT('',(37.3095537329754,-2.,-20.1471179083534));
#12020=CARTESIAN_POINT('',(37.3095537329754,0.,-20.1471179083534));
#12021=CARTESIAN_POINT('Origin',(36.089908460035,-2.,-20.1471179083534));
#12022=CARTESIAN_POINT('',(36.089908460035,-2.,-20.1471179083534));
#12023=CARTESIAN_POINT('',(27.3475513216942,-2.,-20.1471179083534));
#12024=CARTESIAN_POINT('',(36.089908460035,0.,-20.1471179083534));
#12025=CARTESIAN_POINT('',(36.089908460035,-2.,-20.1471179083534));
#12026=CARTESIAN_POINT('',(36.089908460035,0.,-20.1471179083534));
#12027=CARTESIAN_POINT('Origin',(36.089908460035,-2.,-23.1471174315162));
#12028=CARTESIAN_POINT('',(36.089908460035,-2.,-14.948347763639));
#12029=CARTESIAN_POINT('',(36.089908460035,0.,-23.1471174315162));
#12030=CARTESIAN_POINT('Origin',(47.0319274374014,0.,-19.0799278870769));
#12031=CARTESIAN_POINT('Ctrl Pts',(43.9746294523319,-2.,-22.6396136835762));
#12032=CARTESIAN_POINT('Ctrl Pts',(43.9746294523319,0.,-22.6396136835762));
#12033=CARTESIAN_POINT('Ctrl Pts',(44.0260741779585,-2.,-22.636786371155));
#12034=CARTESIAN_POINT('Ctrl Pts',(44.0260741779585,0.,-22.636786371155));
#12035=CARTESIAN_POINT('Ctrl Pts',(44.1245650826235,-2.,-22.6313734827639));
#12036=CARTESIAN_POINT('Ctrl Pts',(44.1245650826235,0.,-22.6313734827639));
#12037=CARTESIAN_POINT('Ctrl Pts',(44.2086702521769,-2.,-22.580170124445));
#12038=CARTESIAN_POINT('Ctrl Pts',(44.2086702521769,0.,-22.580170124445));
#12039=CARTESIAN_POINT('Ctrl Pts',(44.2488447929463,-2.,-22.5557118014045));
#12040=CARTESIAN_POINT('Ctrl Pts',(44.2488447929463,0.,-22.5557118014045));
#12041=CARTESIAN_POINT('',(43.9746294523319,-2.,-22.6396136835762));
#12042=CARTESIAN_POINT('',(44.2488447929463,-2.,-22.5557118014045));
#12043=CARTESIAN_POINT('Ctrl Pts',(43.9746294523319,-2.,-22.6396136835762));
#12044=CARTESIAN_POINT('Ctrl Pts',(44.0260741779585,-2.,-22.636786371155));
#12045=CARTESIAN_POINT('Ctrl Pts',(44.1245650826235,-2.,-22.6313734827639));
#12046=CARTESIAN_POINT('Ctrl Pts',(44.2086702521769,-2.,-22.580170124445));
#12047=CARTESIAN_POINT('Ctrl Pts',(44.2488447929463,-2.,-22.5557118014045));
#12048=CARTESIAN_POINT('',(43.9746294523319,0.,-22.6396136835762));
#12049=CARTESIAN_POINT('',(43.9746294523319,-2.,-22.6396136835762));
#12050=CARTESIAN_POINT('',(44.2488447929463,0.,-22.5557118014045));
#12051=CARTESIAN_POINT('Ctrl Pts',(43.9746294523319,0.,-22.6396136835762));
#12052=CARTESIAN_POINT('Ctrl Pts',(44.0260741779585,0.,-22.636786371155));
#12053=CARTESIAN_POINT('Ctrl Pts',(44.1245650826235,0.,-22.6313734827639));
#12054=CARTESIAN_POINT('Ctrl Pts',(44.2086702521769,0.,-22.580170124445));
#12055=CARTESIAN_POINT('Ctrl Pts',(44.2488447929463,0.,-22.5557118014045));
#12056=CARTESIAN_POINT('',(44.2488447929463,-2.,-22.5557118014045));
#12057=CARTESIAN_POINT('Ctrl Pts',(43.6513004804691,-2.,-22.5004594877906));
#12058=CARTESIAN_POINT('Ctrl Pts',(43.6513004804691,0.,-22.5004594877906));
#12059=CARTESIAN_POINT('Ctrl Pts',(43.6968777658227,-2.,-22.541044316135));
#12060=CARTESIAN_POINT('Ctrl Pts',(43.6968777658227,0.,-22.541044316135));
#12061=CARTESIAN_POINT('Ctrl Pts',(43.7891443225801,-2.,-22.6232041538454));
#12062=CARTESIAN_POINT('Ctrl Pts',(43.7891443225801,0.,-22.6232041538454));
#12063=CARTESIAN_POINT('Ctrl Pts',(43.9123062977082,-2.,-22.6341000682255));
#12064=CARTESIAN_POINT('Ctrl Pts',(43.9123062977082,0.,-22.6341000682255));
#12065=CARTESIAN_POINT('Ctrl Pts',(43.9746294523319,-2.,-22.6396136835762));
#12066=CARTESIAN_POINT('Ctrl Pts',(43.9746294523319,0.,-22.6396136835762));
#12067=CARTESIAN_POINT('',(43.6513004804691,-2.,-22.5004594877906));
#12068=CARTESIAN_POINT('Ctrl Pts',(43.6513004804691,-2.,-22.5004594877906));
#12069=CARTESIAN_POINT('Ctrl Pts',(43.6968777658227,-2.,-22.541044316135));
#12070=CARTESIAN_POINT('Ctrl Pts',(43.7891443225801,-2.,-22.6232041538454));
#12071=CARTESIAN_POINT('Ctrl Pts',(43.9123062977082,-2.,-22.6341000682255));
#12072=CARTESIAN_POINT('Ctrl Pts',(43.9746294523319,-2.,-22.6396136835762));
#12073=CARTESIAN_POINT('',(43.6513004804691,0.,-22.5004594877906));
#12074=CARTESIAN_POINT('',(43.6513004804691,-2.,-22.5004594877906));
#12075=CARTESIAN_POINT('Ctrl Pts',(43.6513004804691,0.,-22.5004594877906));
#12076=CARTESIAN_POINT('Ctrl Pts',(43.6968777658227,0.,-22.541044316135));
#12077=CARTESIAN_POINT('Ctrl Pts',(43.7891443225801,0.,-22.6232041538454));
#12078=CARTESIAN_POINT('Ctrl Pts',(43.9123062977082,0.,-22.6341000682255));
#12079=CARTESIAN_POINT('Ctrl Pts',(43.9746294523319,0.,-22.6396136835762));
#12080=CARTESIAN_POINT('Ctrl Pts',(43.5244248415074,-2.,-22.0932298258491));
#12081=CARTESIAN_POINT('Ctrl Pts',(43.5244248415074,0.,-22.0932298258491));
#12082=CARTESIAN_POINT('Ctrl Pts',(43.5273401885026,-2.,-22.1743847265132));
#12083=CARTESIAN_POINT('Ctrl Pts',(43.5273401885026,0.,-22.1743847265132));
#12084=CARTESIAN_POINT('Ctrl Pts',(43.5326570889083,-2.,-22.3223919877273));
#12085=CARTESIAN_POINT('Ctrl Pts',(43.5326570889083,0.,-22.3223919877273));
#12086=CARTESIAN_POINT('Ctrl Pts',(43.6143852577559,-2.,-22.4450547885794));
#12087=CARTESIAN_POINT('Ctrl Pts',(43.6143852577559,0.,-22.4450547885794));
#12088=CARTESIAN_POINT('Ctrl Pts',(43.6513004804691,-2.,-22.5004594877906));
#12089=CARTESIAN_POINT('Ctrl Pts',(43.6513004804691,0.,-22.5004594877906));
#12090=CARTESIAN_POINT('',(43.5244248415074,-2.,-22.0932298258491));
#12091=CARTESIAN_POINT('Ctrl Pts',(43.5244248415074,-2.,-22.0932298258491));
#12092=CARTESIAN_POINT('Ctrl Pts',(43.5273401885026,-2.,-22.1743847265132));
#12093=CARTESIAN_POINT('Ctrl Pts',(43.5326570889083,-2.,-22.3223919877273));
#12094=CARTESIAN_POINT('Ctrl Pts',(43.6143852577559,-2.,-22.4450547885794));
#12095=CARTESIAN_POINT('Ctrl Pts',(43.6513004804691,-2.,-22.5004594877906));
#12096=CARTESIAN_POINT('',(43.5244248415074,0.,-22.0932298258491));
#12097=CARTESIAN_POINT('',(43.5244248415074,-2.,-22.0932298258491));
#12098=CARTESIAN_POINT('Ctrl Pts',(43.5244248415074,0.,-22.0932298258491));
#12099=CARTESIAN_POINT('Ctrl Pts',(43.5273401885026,0.,-22.1743847265132));
#12100=CARTESIAN_POINT('Ctrl Pts',(43.5326570889083,0.,-22.3223919877273));
#12101=CARTESIAN_POINT('Ctrl Pts',(43.6143852577559,0.,-22.4450547885794));
#12102=CARTESIAN_POINT('Ctrl Pts',(43.6513004804691,0.,-22.5004594877906));
#12103=CARTESIAN_POINT('Ctrl Pts',(43.6513004804691,-2.,-21.6450708464332));
#12104=CARTESIAN_POINT('Ctrl Pts',(43.6513004804691,0.,-21.6450708464332));
#12105=CARTESIAN_POINT('Ctrl Pts',(43.614426330965,-2.,-21.7053970401289));
#12106=CARTESIAN_POINT('Ctrl Pts',(43.614426330965,0.,-21.7053970401289));
#12107=CARTESIAN_POINT('Ctrl Pts',(43.5308371991581,-2.,-21.8421490526917));
#12108=CARTESIAN_POINT('Ctrl Pts',(43.5308371991581,0.,-21.8421490526917));
#12109=CARTESIAN_POINT('Ctrl Pts',(43.5267237188392,-2.,-22.0032155238852));
#12110=CARTESIAN_POINT('Ctrl Pts',(43.5267237188392,0.,-22.0032155238852));
#12111=CARTESIAN_POINT('Ctrl Pts',(43.5244248415074,-2.,-22.0932298258491));
#12112=CARTESIAN_POINT('Ctrl Pts',(43.5244248415074,0.,-22.0932298258491));
#12113=CARTESIAN_POINT('',(43.6513004804691,-2.,-21.6450708464332));
#12114=CARTESIAN_POINT('Ctrl Pts',(43.6513004804691,-2.,-21.6450708464332));
#12115=CARTESIAN_POINT('Ctrl Pts',(43.614426330965,-2.,-21.7053970401289));
#12116=CARTESIAN_POINT('Ctrl Pts',(43.5308371991581,-2.,-21.8421490526917));
#12117=CARTESIAN_POINT('Ctrl Pts',(43.5267237188392,-2.,-22.0032155238852));
#12118=CARTESIAN_POINT('Ctrl Pts',(43.5244248415074,-2.,-22.0932298258491));
#12119=CARTESIAN_POINT('',(43.6513004804691,0.,-21.6450708464332));
#12120=CARTESIAN_POINT('',(43.6513004804691,-2.,-21.6450708464332));
#12121=CARTESIAN_POINT('Ctrl Pts',(43.6513004804691,0.,-21.6450708464332));
#12122=CARTESIAN_POINT('Ctrl Pts',(43.614426330965,0.,-21.7053970401289));
#12123=CARTESIAN_POINT('Ctrl Pts',(43.5308371991581,0.,-21.8421490526917));
#12124=CARTESIAN_POINT('Ctrl Pts',(43.5267237188392,0.,-22.0032155238852));
#12125=CARTESIAN_POINT('Ctrl Pts',(43.5244248415074,0.,-22.0932298258491));
#12126=CARTESIAN_POINT('Ctrl Pts',(43.9869074131092,-2.,-21.4956849173256));
#12127=CARTESIAN_POINT('Ctrl Pts',(43.9869074131092,0.,-21.4956849173256));
#12128=CARTESIAN_POINT('Ctrl Pts',(43.9215476486733,-2.,-21.5015709055773));
#12129=CARTESIAN_POINT('Ctrl Pts',(43.9215476486733,0.,-21.5015709055773));
#12130=CARTESIAN_POINT('Ctrl Pts',(43.7925452982327,-2.,-21.5131882411917));
#12131=CARTESIAN_POINT('Ctrl Pts',(43.7925452982327,0.,-21.5131882411917));
#12132=CARTESIAN_POINT('Ctrl Pts',(43.6979624152602,-2.,-21.6015018318436));
#12133=CARTESIAN_POINT('Ctrl Pts',(43.6979624152602,0.,-21.6015018318436));
#12134=CARTESIAN_POINT('Ctrl Pts',(43.6513004804691,-2.,-21.6450708464332));
#12135=CARTESIAN_POINT('Ctrl Pts',(43.6513004804691,0.,-21.6450708464332));
#12136=CARTESIAN_POINT('',(43.9869074131092,-2.,-21.4956849173256));
#12137=CARTESIAN_POINT('Ctrl Pts',(43.9869074131092,-2.,-21.4956849173256));
#12138=CARTESIAN_POINT('Ctrl Pts',(43.9215476486733,-2.,-21.5015709055773));
#12139=CARTESIAN_POINT('Ctrl Pts',(43.7925452982327,-2.,-21.5131882411917));
#12140=CARTESIAN_POINT('Ctrl Pts',(43.6979624152602,-2.,-21.6015018318436));
#12141=CARTESIAN_POINT('Ctrl Pts',(43.6513004804691,-2.,-21.6450708464332));
#12142=CARTESIAN_POINT('',(43.9869074131092,0.,-21.4956849173256));
#12143=CARTESIAN_POINT('',(43.9869074131092,-2.,-21.4956849173256));
#12144=CARTESIAN_POINT('Ctrl Pts',(43.9869074131092,0.,-21.4956849173256));
#12145=CARTESIAN_POINT('Ctrl Pts',(43.9215476486733,0.,-21.5015709055773));
#12146=CARTESIAN_POINT('Ctrl Pts',(43.7925452982327,0.,-21.5131882411917));
#12147=CARTESIAN_POINT('Ctrl Pts',(43.6979624152602,0.,-21.6015018318436));
#12148=CARTESIAN_POINT('Ctrl Pts',(43.6513004804691,0.,-21.6450708464332));
#12149=CARTESIAN_POINT('Ctrl Pts',(44.2467985654911,-2.,-21.5673082426735));
#12150=CARTESIAN_POINT('Ctrl Pts',(44.2467985654911,0.,-21.5673082426735));
#12151=CARTESIAN_POINT('Ctrl Pts',(44.2099657404798,-2.,-21.5464560255988));
#12152=CARTESIAN_POINT('Ctrl Pts',(44.2099657404798,0.,-21.5464560255988));
#12153=CARTESIAN_POINT('Ctrl Pts',(44.1296089823874,-2.,-21.500963545382));
#12154=CARTESIAN_POINT('Ctrl Pts',(44.1296089823874,0.,-21.500963545382));
#12155=CARTESIAN_POINT('Ctrl Pts',(44.0370438265647,-2.,-21.4975394973421));
#12156=CARTESIAN_POINT('Ctrl Pts',(44.0370438265647,0.,-21.4975394973421));
#12157=CARTESIAN_POINT('Ctrl Pts',(43.9869074131092,-2.,-21.4956849173256));
#12158=CARTESIAN_POINT('Ctrl Pts',(43.9869074131092,0.,-21.4956849173256));
#12159=CARTESIAN_POINT('',(44.2467985654911,-2.,-21.5673082426735));
#12160=CARTESIAN_POINT('Ctrl Pts',(44.2467985654911,-2.,-21.5673082426735));
#12161=CARTESIAN_POINT('Ctrl Pts',(44.2099657404798,-2.,-21.5464560255988));
#12162=CARTESIAN_POINT('Ctrl Pts',(44.1296089823874,-2.,-21.500963545382));
#12163=CARTESIAN_POINT('Ctrl Pts',(44.0370438265647,-2.,-21.4975394973421));
#12164=CARTESIAN_POINT('Ctrl Pts',(43.9869074131092,-2.,-21.4956849173256));
#12165=CARTESIAN_POINT('',(44.2467985654911,0.,-21.5673082426735));
#12166=CARTESIAN_POINT('',(44.2467985654911,-2.,-21.5673082426735));
#12167=CARTESIAN_POINT('Ctrl Pts',(44.2467985654911,0.,-21.5673082426735));
#12168=CARTESIAN_POINT('Ctrl Pts',(44.2099657404798,0.,-21.5464560255988));
#12169=CARTESIAN_POINT('Ctrl Pts',(44.1296089823874,0.,-21.500963545382));
#12170=CARTESIAN_POINT('Ctrl Pts',(44.0370438265647,0.,-21.4975394973421));
#12171=CARTESIAN_POINT('Ctrl Pts',(43.9869074131092,0.,-21.4956849173256));
#12172=CARTESIAN_POINT('Ctrl Pts',(44.3818597103199,-2.,-21.7760401323982));
#12173=CARTESIAN_POINT('Ctrl Pts',(44.3818597103199,0.,-21.7760401323982));
#12174=CARTESIAN_POINT('Ctrl Pts',(44.3678921834952,-2.,-21.7331936171555));
#12175=CARTESIAN_POINT('Ctrl Pts',(44.3678921834952,0.,-21.7331936171555));
#12176=CARTESIAN_POINT('Ctrl Pts',(44.3412573697229,-2.,-21.6514891773789));
#12177=CARTESIAN_POINT('Ctrl Pts',(44.3412573697229,0.,-21.6514891773789));
#12178=CARTESIAN_POINT('Ctrl Pts',(44.2772431665687,-2.,-21.5944402289006));
#12179=CARTESIAN_POINT('Ctrl Pts',(44.2772431665687,0.,-21.5944402289006));
#12180=CARTESIAN_POINT('Ctrl Pts',(44.2467985654911,-2.,-21.5673082426735));
#12181=CARTESIAN_POINT('Ctrl Pts',(44.2467985654911,0.,-21.5673082426735));
#12182=CARTESIAN_POINT('',(44.3818597103199,-2.,-21.7760401323982));
#12183=CARTESIAN_POINT('Ctrl Pts',(44.3818597103199,-2.,-21.7760401323982));
#12184=CARTESIAN_POINT('Ctrl Pts',(44.3678921834952,-2.,-21.7331936171555));
#12185=CARTESIAN_POINT('Ctrl Pts',(44.3412573697229,-2.,-21.6514891773789));
#12186=CARTESIAN_POINT('Ctrl Pts',(44.2772431665687,-2.,-21.5944402289006));
#12187=CARTESIAN_POINT('Ctrl Pts',(44.2467985654911,-2.,-21.5673082426735));
#12188=CARTESIAN_POINT('',(44.3818597103199,0.,-21.7760401323982));
#12189=CARTESIAN_POINT('',(44.3818597103199,-2.,-21.7760401323982));
#12190=CARTESIAN_POINT('Ctrl Pts',(44.3818597103199,0.,-21.7760401323982));
#12191=CARTESIAN_POINT('Ctrl Pts',(44.3678921834952,0.,-21.7331936171555));
#12192=CARTESIAN_POINT('Ctrl Pts',(44.3412573697229,0.,-21.6514891773789));
#12193=CARTESIAN_POINT('Ctrl Pts',(44.2772431665687,0.,-21.5944402289006));
#12194=CARTESIAN_POINT('Ctrl Pts',(44.2467985654911,0.,-21.5673082426735));
#12195=CARTESIAN_POINT('Origin',(45.1656250263294,-2.,-21.6716735914894));
#12196=CARTESIAN_POINT('',(45.1656250263294,-2.,-21.6716735914894));
#12197=CARTESIAN_POINT('',(33.0929943934994,-2.,-23.2792704997493));
#12198=CARTESIAN_POINT('',(45.1656250263294,0.,-21.6716735914894));
#12199=CARTESIAN_POINT('',(45.1656250263294,-2.,-21.6716735914894));
#12200=CARTESIAN_POINT('',(45.1656250263294,0.,-21.6716735914894));
#12201=CARTESIAN_POINT('Ctrl Pts',(44.7727195526203,-2.,-21.1150568083473));
#12202=CARTESIAN_POINT('Ctrl Pts',(44.7727195526203,0.,-21.1150568083473));
#12203=CARTESIAN_POINT('Ctrl Pts',(44.8597513152467,-2.,-21.1877543867773));
#12204=CARTESIAN_POINT('Ctrl Pts',(44.8597513152467,0.,-21.1877543867773));
#12205=CARTESIAN_POINT('Ctrl Pts',(45.0398427920617,-2.,-21.3381846879141));
#12206=CARTESIAN_POINT('Ctrl Pts',(45.0398427920617,0.,-21.3381846879141));
#12207=CARTESIAN_POINT('Ctrl Pts',(45.1227723529512,-2.,-21.5580574584688));
#12208=CARTESIAN_POINT('Ctrl Pts',(45.1227723529512,0.,-21.5580574584688));
#12209=CARTESIAN_POINT('Ctrl Pts',(45.1656250263294,-2.,-21.6716735914894));
#12210=CARTESIAN_POINT('Ctrl Pts',(45.1656250263294,0.,-21.6716735914894));
#12211=CARTESIAN_POINT('',(44.7727195526203,-2.,-21.1150568083473));
#12212=CARTESIAN_POINT('Ctrl Pts',(44.7727195526203,-2.,-21.1150568083473));
#12213=CARTESIAN_POINT('Ctrl Pts',(44.8597513152467,-2.,-21.1877543867773));
#12214=CARTESIAN_POINT('Ctrl Pts',(45.0398427920617,-2.,-21.3381846879141));
#12215=CARTESIAN_POINT('Ctrl Pts',(45.1227723529512,-2.,-21.5580574584688));
#12216=CARTESIAN_POINT('Ctrl Pts',(45.1656250263294,-2.,-21.6716735914894));
#12217=CARTESIAN_POINT('',(44.7727195526203,0.,-21.1150568083473));
#12218=CARTESIAN_POINT('',(44.7727195526203,-2.,-21.1150568083473));
#12219=CARTESIAN_POINT('Ctrl Pts',(44.7727195526203,0.,-21.1150568083473));
#12220=CARTESIAN_POINT('Ctrl Pts',(44.8597513152467,0.,-21.1877543867773));
#12221=CARTESIAN_POINT('Ctrl Pts',(45.0398427920617,0.,-21.3381846879141));
#12222=CARTESIAN_POINT('Ctrl Pts',(45.1227723529512,0.,-21.5580574584688));
#12223=CARTESIAN_POINT('Ctrl Pts',(45.1656250263294,0.,-21.6716735914894));
#12224=CARTESIAN_POINT('Ctrl Pts',(43.9623508955082,-2.,-20.9247439459511));
#12225=CARTESIAN_POINT('Ctrl Pts',(43.9623508955082,0.,-20.9247439459511));
#12226=CARTESIAN_POINT('Ctrl Pts',(44.1217286472038,-2.,-20.9281049090517));
#12227=CARTESIAN_POINT('Ctrl Pts',(44.1217286472038,0.,-20.9281049090517));
#12228=CARTESIAN_POINT('Ctrl Pts',(44.4064196307341,-2.,-20.9341084815739));
#12229=CARTESIAN_POINT('Ctrl Pts',(44.4064196307341,0.,-20.9341084815739));
#12230=CARTESIAN_POINT('Ctrl Pts',(44.6607640523787,-2.,-21.0597519632425));
#12231=CARTESIAN_POINT('Ctrl Pts',(44.6607640523787,0.,-21.0597519632425));
#12232=CARTESIAN_POINT('Ctrl Pts',(44.7727195526203,-2.,-21.1150568083473));
#12233=CARTESIAN_POINT('Ctrl Pts',(44.7727195526203,0.,-21.1150568083473));
#12234=CARTESIAN_POINT('',(43.9623508955082,-2.,-20.9247439459511));
#12235=CARTESIAN_POINT('Ctrl Pts',(43.9623508955082,-2.,-20.9247439459511));
#12236=CARTESIAN_POINT('Ctrl Pts',(44.1217286472038,-2.,-20.9281049090517));
#12237=CARTESIAN_POINT('Ctrl Pts',(44.4064196307341,-2.,-20.9341084815739));
#12238=CARTESIAN_POINT('Ctrl Pts',(44.6607640523787,-2.,-21.0597519632425));
#12239=CARTESIAN_POINT('Ctrl Pts',(44.7727195526203,-2.,-21.1150568083473));
#12240=CARTESIAN_POINT('',(43.9623508955082,0.,-20.9247439459511));
#12241=CARTESIAN_POINT('',(43.9623508955082,-2.,-20.9247439459511));
#12242=CARTESIAN_POINT('Ctrl Pts',(43.9623508955082,0.,-20.9247439459511));
#12243=CARTESIAN_POINT('Ctrl Pts',(44.1217286472038,0.,-20.9281049090517));
#12244=CARTESIAN_POINT('Ctrl Pts',(44.4064196307341,0.,-20.9341084815739));
#12245=CARTESIAN_POINT('Ctrl Pts',(44.6607640523787,0.,-21.0597519632425));
#12246=CARTESIAN_POINT('Ctrl Pts',(44.7727195526203,0.,-21.1150568083473));
#12247=CARTESIAN_POINT('Ctrl Pts',(43.3382038379749,-2.,-21.0250168398567));
#12248=CARTESIAN_POINT('Ctrl Pts',(43.3382038379749,0.,-21.0250168398567));
#12249=CARTESIAN_POINT('Ctrl Pts',(43.430104072163,-2.,-20.995837703807));
#12250=CARTESIAN_POINT('Ctrl Pts',(43.430104072163,0.,-20.995837703807));
#12251=CARTESIAN_POINT('Ctrl Pts',(43.6328917877923,-2.,-20.9314508130029));
#12252=CARTESIAN_POINT('Ctrl Pts',(43.6328917877923,0.,-20.9314508130029));
#12253=CARTESIAN_POINT('Ctrl Pts',(43.8458836356366,-2.,-20.9271148939976));
#12254=CARTESIAN_POINT('Ctrl Pts',(43.8458836356366,0.,-20.9271148939976));
#12255=CARTESIAN_POINT('Ctrl Pts',(43.9623508955082,-2.,-20.9247439459511));
#12256=CARTESIAN_POINT('Ctrl Pts',(43.9623508955082,0.,-20.9247439459511));
#12257=CARTESIAN_POINT('',(43.3382038379749,-2.,-21.0250168398567));
#12258=CARTESIAN_POINT('Ctrl Pts',(43.3382038379749,-2.,-21.0250168398567));
#12259=CARTESIAN_POINT('Ctrl Pts',(43.430104072163,-2.,-20.995837703807));
#12260=CARTESIAN_POINT('Ctrl Pts',(43.6328917877923,-2.,-20.9314508130029));
#12261=CARTESIAN_POINT('Ctrl Pts',(43.8458836356366,-2.,-20.9271148939976));
#12262=CARTESIAN_POINT('Ctrl Pts',(43.9623508955082,-2.,-20.9247439459511));
#12263=CARTESIAN_POINT('',(43.3382038379749,0.,-21.0250168398567));
#12264=CARTESIAN_POINT('',(43.3382038379749,-2.,-21.0250168398567));
#12265=CARTESIAN_POINT('Ctrl Pts',(43.3382038379749,0.,-21.0250168398567));
#12266=CARTESIAN_POINT('Ctrl Pts',(43.430104072163,0.,-20.995837703807));
#12267=CARTESIAN_POINT('Ctrl Pts',(43.6328917877923,0.,-20.9314508130029));
#12268=CARTESIAN_POINT('Ctrl Pts',(43.8458836356366,0.,-20.9271148939976));
#12269=CARTESIAN_POINT('Ctrl Pts',(43.9623508955082,0.,-20.9247439459511));
#12270=CARTESIAN_POINT('Ctrl Pts',(43.0394313837132,-2.,-21.2194233492561));
#12271=CARTESIAN_POINT('Ctrl Pts',(43.0394313837132,0.,-21.2194233492561));
#12272=CARTESIAN_POINT('Ctrl Pts',(43.0870443350228,-2.,-21.1790709299575));
#12273=CARTESIAN_POINT('Ctrl Pts',(43.0870443350228,0.,-21.1790709299575));
#12274=CARTESIAN_POINT('Ctrl Pts',(43.178455592808,-2.,-21.1015990383542));
#12275=CARTESIAN_POINT('Ctrl Pts',(43.178455592808,0.,-21.1015990383542));
#12276=CARTESIAN_POINT('Ctrl Pts',(43.2864567397647,-2.,-21.0498240391011));
#12277=CARTESIAN_POINT('Ctrl Pts',(43.2864567397647,0.,-21.0498240391011));
#12278=CARTESIAN_POINT('Ctrl Pts',(43.3382038379749,-2.,-21.0250168398567));
#12279=CARTESIAN_POINT('Ctrl Pts',(43.3382038379749,0.,-21.0250168398567));
#12280=CARTESIAN_POINT('',(43.0394313837132,-2.,-21.2194233492561));
#12281=CARTESIAN_POINT('Ctrl Pts',(43.0394313837132,-2.,-21.2194233492561));
#12282=CARTESIAN_POINT('Ctrl Pts',(43.0870443350228,-2.,-21.1790709299575));
#12283=CARTESIAN_POINT('Ctrl Pts',(43.178455592808,-2.,-21.1015990383542));
#12284=CARTESIAN_POINT('Ctrl Pts',(43.2864567397647,-2.,-21.0498240391011));
#12285=CARTESIAN_POINT('Ctrl Pts',(43.3382038379749,-2.,-21.0250168398567));
#12286=CARTESIAN_POINT('',(43.0394313837132,0.,-21.2194233492561));
#12287=CARTESIAN_POINT('',(43.0394313837132,-2.,-21.2194233492561));
#12288=CARTESIAN_POINT('Ctrl Pts',(43.0394313837132,0.,-21.2194233492561));
#12289=CARTESIAN_POINT('Ctrl Pts',(43.0870443350228,0.,-21.1790709299575));
#12290=CARTESIAN_POINT('Ctrl Pts',(43.178455592808,0.,-21.1015990383542));
#12291=CARTESIAN_POINT('Ctrl Pts',(43.2864567397647,0.,-21.0498240391011));
#12292=CARTESIAN_POINT('Ctrl Pts',(43.3382038379749,0.,-21.0250168398567));
#12293=CARTESIAN_POINT('Ctrl Pts',(42.8102366233906,-2.,-21.5120559290596));
#12294=CARTESIAN_POINT('Ctrl Pts',(42.8102366233906,0.,-21.5120559290596));
#12295=CARTESIAN_POINT('Ctrl Pts',(42.8410913921208,-2.,-21.4586440539869));
#12296=CARTESIAN_POINT('Ctrl Pts',(42.8410913921208,0.,-21.4586440539869));
#12297=CARTESIAN_POINT('Ctrl Pts',(42.9036742254007,-2.,-21.3503085645178));
#12298=CARTESIAN_POINT('Ctrl Pts',(42.9036742254007,0.,-21.3503085645178));
#12299=CARTESIAN_POINT('Ctrl Pts',(42.9937599715948,-2.,-21.263455742691));
#12300=CARTESIAN_POINT('Ctrl Pts',(42.9937599715948,0.,-21.263455742691));
#12301=CARTESIAN_POINT('Ctrl Pts',(43.0394313837132,-2.,-21.2194233492561));
#12302=CARTESIAN_POINT('Ctrl Pts',(43.0394313837132,0.,-21.2194233492561));
#12303=CARTESIAN_POINT('',(42.8102366233906,-2.,-21.5120559290596));
#12304=CARTESIAN_POINT('Ctrl Pts',(42.8102366233906,-2.,-21.5120559290596));
#12305=CARTESIAN_POINT('Ctrl Pts',(42.8410913921208,-2.,-21.4586440539869));
#12306=CARTESIAN_POINT('Ctrl Pts',(42.9036742254007,-2.,-21.3503085645178));
#12307=CARTESIAN_POINT('Ctrl Pts',(42.9937599715948,-2.,-21.263455742691));
#12308=CARTESIAN_POINT('Ctrl Pts',(43.0394313837132,-2.,-21.2194233492561));
#12309=CARTESIAN_POINT('',(42.8102366233906,0.,-21.5120559290596));
#12310=CARTESIAN_POINT('',(42.8102366233906,-2.,-21.5120559290596));
#12311=CARTESIAN_POINT('Ctrl Pts',(42.8102366233906,0.,-21.5120559290596));
#12312=CARTESIAN_POINT('Ctrl Pts',(42.8410913921208,0.,-21.4586440539869));
#12313=CARTESIAN_POINT('Ctrl Pts',(42.9036742254007,0.,-21.3503085645178));
#12314=CARTESIAN_POINT('Ctrl Pts',(42.9937599715948,0.,-21.263455742691));
#12315=CARTESIAN_POINT('Ctrl Pts',(43.0394313837132,0.,-21.2194233492561));
#12316=CARTESIAN_POINT('Ctrl Pts',(42.6956389452061,-2.,-22.0707195357032));
#12317=CARTESIAN_POINT('Ctrl Pts',(42.6956389452061,0.,-22.0707195357032));
#12318=CARTESIAN_POINT('Ctrl Pts',(42.6987973108033,-2.,-21.9668588200394));
#12319=CARTESIAN_POINT('Ctrl Pts',(42.6987973108033,0.,-21.9668588200394));
#12320=CARTESIAN_POINT('Ctrl Pts',(42.7046710752327,-2.,-21.7737040510635));
#12321=CARTESIAN_POINT('Ctrl Pts',(42.7046710752327,0.,-21.7737040510635));
#12322=CARTESIAN_POINT('Ctrl Pts',(42.7768628758608,-2.,-21.5947739987119));
#12323=CARTESIAN_POINT('Ctrl Pts',(42.7768628758608,0.,-21.5947739987119));
#12324=CARTESIAN_POINT('Ctrl Pts',(42.8102366233906,-2.,-21.5120559290596));
#12325=CARTESIAN_POINT('Ctrl Pts',(42.8102366233906,0.,-21.5120559290596));
#12326=CARTESIAN_POINT('',(42.6956389452061,-2.,-22.0707195357032));
#12327=CARTESIAN_POINT('Ctrl Pts',(42.6956389452061,-2.,-22.0707195357032));
#12328=CARTESIAN_POINT('Ctrl Pts',(42.6987973108033,-2.,-21.9668588200394));
#12329=CARTESIAN_POINT('Ctrl Pts',(42.7046710752327,-2.,-21.7737040510635));
#12330=CARTESIAN_POINT('Ctrl Pts',(42.7768628758608,-2.,-21.5947739987119));
#12331=CARTESIAN_POINT('Ctrl Pts',(42.8102366233906,-2.,-21.5120559290596));
#12332=CARTESIAN_POINT('',(42.6956389452061,0.,-22.0707195357032));
#12333=CARTESIAN_POINT('',(42.6956389452061,-2.,-22.0707195357032));
#12334=CARTESIAN_POINT('Ctrl Pts',(42.6956389452061,0.,-22.0707195357032));
#12335=CARTESIAN_POINT('Ctrl Pts',(42.6987973108033,0.,-21.9668588200394));
#12336=CARTESIAN_POINT('Ctrl Pts',(42.7046710752327,0.,-21.7737040510635));
#12337=CARTESIAN_POINT('Ctrl Pts',(42.7768628758608,0.,-21.5947739987119));
#12338=CARTESIAN_POINT('Ctrl Pts',(42.8102366233906,0.,-21.5120559290596));
#12339=CARTESIAN_POINT('Ctrl Pts',(42.7897725606999,-2.,-22.5864081934639));
#12340=CARTESIAN_POINT('Ctrl Pts',(42.7897725606999,0.,-22.5864081934639));
#12341=CARTESIAN_POINT('Ctrl Pts',(42.7623904060109,-2.,-22.5117809536502));
#12342=CARTESIAN_POINT('Ctrl Pts',(42.7623904060109,0.,-22.5117809536502));
#12343=CARTESIAN_POINT('Ctrl Pts',(42.7014270888495,-2.,-22.3456317173567));
#12344=CARTESIAN_POINT('Ctrl Pts',(42.7014270888495,0.,-22.3456317173567));
#12345=CARTESIAN_POINT('Ctrl Pts',(42.6976948303604,-2.,-22.1683653281759));
#12346=CARTESIAN_POINT('Ctrl Pts',(42.6976948303604,0.,-22.1683653281759));
#12347=CARTESIAN_POINT('Ctrl Pts',(42.6956389452061,-2.,-22.0707195357032));
#12348=CARTESIAN_POINT('Ctrl Pts',(42.6956389452061,0.,-22.0707195357032));
#12349=CARTESIAN_POINT('',(42.7897725606999,-2.,-22.5864081934639));
#12350=CARTESIAN_POINT('Ctrl Pts',(42.7897725606999,-2.,-22.5864081934639));
#12351=CARTESIAN_POINT('Ctrl Pts',(42.7623904060109,-2.,-22.5117809536502));
#12352=CARTESIAN_POINT('Ctrl Pts',(42.7014270888495,-2.,-22.3456317173567));
#12353=CARTESIAN_POINT('Ctrl Pts',(42.6976948303604,-2.,-22.1683653281759));
#12354=CARTESIAN_POINT('Ctrl Pts',(42.6956389452061,-2.,-22.0707195357032));
#12355=CARTESIAN_POINT('',(42.7897725606999,0.,-22.5864081934639));
#12356=CARTESIAN_POINT('',(42.7897725606999,-2.,-22.5864081934639));
#12357=CARTESIAN_POINT('Ctrl Pts',(42.7897725606999,0.,-22.5864081934639));
#12358=CARTESIAN_POINT('Ctrl Pts',(42.7623904060109,0.,-22.5117809536502));
#12359=CARTESIAN_POINT('Ctrl Pts',(42.7014270888495,0.,-22.3456317173567));
#12360=CARTESIAN_POINT('Ctrl Pts',(42.6976948303604,0.,-22.1683653281759));
#12361=CARTESIAN_POINT('Ctrl Pts',(42.6956389452061,0.,-22.0707195357032));
#12362=CARTESIAN_POINT('Ctrl Pts',(43.0496631170353,-2.,-22.9261081770607));
#12363=CARTESIAN_POINT('Ctrl Pts',(43.0496631170353,0.,-22.9261081770607));
#12364=CARTESIAN_POINT('Ctrl Pts',(42.9974778173615,-2.,-22.8758014715307));
#12365=CARTESIAN_POINT('Ctrl Pts',(42.9974778173615,0.,-22.8758014715307));
#12366=CARTESIAN_POINT('Ctrl Pts',(42.8936497722076,-2.,-22.7757110835104));
#12367=CARTESIAN_POINT('Ctrl Pts',(42.8936497722076,0.,-22.7757110835104));
#12368=CARTESIAN_POINT('Ctrl Pts',(42.8242774627023,-2.,-22.649288950225));
#12369=CARTESIAN_POINT('Ctrl Pts',(42.8242774627023,0.,-22.649288950225));
#12370=CARTESIAN_POINT('Ctrl Pts',(42.7897725606999,-2.,-22.5864081934639));
#12371=CARTESIAN_POINT('Ctrl Pts',(42.7897725606999,0.,-22.5864081934639));
#12372=CARTESIAN_POINT('',(43.0496631170353,-2.,-22.9261081770607));
#12373=CARTESIAN_POINT('Ctrl Pts',(43.0496631170353,-2.,-22.9261081770607));
#12374=CARTESIAN_POINT('Ctrl Pts',(42.9974778173615,-2.,-22.8758014715307));
#12375=CARTESIAN_POINT('Ctrl Pts',(42.8936497722076,-2.,-22.7757110835104));
#12376=CARTESIAN_POINT('Ctrl Pts',(42.8242774627023,-2.,-22.649288950225));
#12377=CARTESIAN_POINT('Ctrl Pts',(42.7897725606999,-2.,-22.5864081934639));
#12378=CARTESIAN_POINT('',(43.0496631170353,0.,-22.9261081770607));
#12379=CARTESIAN_POINT('',(43.0496631170353,-2.,-22.9261081770607));
#12380=CARTESIAN_POINT('Ctrl Pts',(43.0496631170353,0.,-22.9261081770607));
#12381=CARTESIAN_POINT('Ctrl Pts',(42.9974778173615,0.,-22.8758014715307));
#12382=CARTESIAN_POINT('Ctrl Pts',(42.8936497722076,0.,-22.7757110835104));
#12383=CARTESIAN_POINT('Ctrl Pts',(42.8242774627023,0.,-22.649288950225));
#12384=CARTESIAN_POINT('Ctrl Pts',(42.7897725606999,0.,-22.5864081934639));
#12385=CARTESIAN_POINT('Ctrl Pts',(43.444615414246,-2.,-23.1348388746925));
#12386=CARTESIAN_POINT('Ctrl Pts',(43.444615414246,0.,-23.1348388746925));
#12387=CARTESIAN_POINT('Ctrl Pts',(43.3714932060262,-2.,-23.1103123775757));
#12388=CARTESIAN_POINT('Ctrl Pts',(43.3714932060262,0.,-23.1103123775757));
#12389=CARTESIAN_POINT('Ctrl Pts',(43.2283749653927,-2.,-23.0623079586484));
#12390=CARTESIAN_POINT('Ctrl Pts',(43.2283749653927,0.,-23.0623079586484));
#12391=CARTESIAN_POINT('Ctrl Pts',(43.1083598910781,-2.,-22.9708421321846));
#12392=CARTESIAN_POINT('Ctrl Pts',(43.1083598910781,0.,-22.9708421321846));
#12393=CARTESIAN_POINT('Ctrl Pts',(43.0496631170353,-2.,-22.9261081770607));
#12394=CARTESIAN_POINT('Ctrl Pts',(43.0496631170353,0.,-22.9261081770607));
#12395=CARTESIAN_POINT('',(43.444615414246,-2.,-23.1348388746925));
#12396=CARTESIAN_POINT('Ctrl Pts',(43.444615414246,-2.,-23.1348388746925));
#12397=CARTESIAN_POINT('Ctrl Pts',(43.3714932060262,-2.,-23.1103123775757));
#12398=CARTESIAN_POINT('Ctrl Pts',(43.2283749653927,-2.,-23.0623079586484));
#12399=CARTESIAN_POINT('Ctrl Pts',(43.1083598910781,-2.,-22.9708421321846));
#12400=CARTESIAN_POINT('Ctrl Pts',(43.0496631170353,-2.,-22.9261081770607));
#12401=CARTESIAN_POINT('',(43.444615414246,0.,-23.1348388746925));
#12402=CARTESIAN_POINT('',(43.444615414246,-2.,-23.1348388746925));
#12403=CARTESIAN_POINT('Ctrl Pts',(43.444615414246,0.,-23.1348388746925));
#12404=CARTESIAN_POINT('Ctrl Pts',(43.3714932060262,0.,-23.1103123775757));
#12405=CARTESIAN_POINT('Ctrl Pts',(43.2283749653927,0.,-23.0623079586484));
#12406=CARTESIAN_POINT('Ctrl Pts',(43.1083598910781,0.,-22.9708421321846));
#12407=CARTESIAN_POINT('Ctrl Pts',(43.0496631170353,0.,-22.9261081770607));
#12408=CARTESIAN_POINT('Ctrl Pts',(44.0216962600788,-2.,-23.1982772902198));
#12409=CARTESIAN_POINT('Ctrl Pts',(44.0216962600788,0.,-23.1982772902198));
#12410=CARTESIAN_POINT('Ctrl Pts',(43.9155298616274,-2.,-23.1967510207576));
#12411=CARTESIAN_POINT('Ctrl Pts',(43.9155298616274,0.,-23.1967510207576));
#12412=CARTESIAN_POINT('Ctrl Pts',(43.7210404232223,-2.,-23.1939550015377));
#12413=CARTESIAN_POINT('Ctrl Pts',(43.7210404232223,0.,-23.1939550015377));
#12414=CARTESIAN_POINT('Ctrl Pts',(43.5309436316348,-2.,-23.153300988046));
#12415=CARTESIAN_POINT('Ctrl Pts',(43.5309436316348,0.,-23.153300988046));
#12416=CARTESIAN_POINT('Ctrl Pts',(43.444615414246,-2.,-23.1348388746925));
#12417=CARTESIAN_POINT('Ctrl Pts',(43.444615414246,0.,-23.1348388746925));
#12418=CARTESIAN_POINT('',(44.0216962600788,-2.,-23.1982772902198));
#12419=CARTESIAN_POINT('Ctrl Pts',(44.0216962600788,-2.,-23.1982772902198));
#12420=CARTESIAN_POINT('Ctrl Pts',(43.9155298616274,-2.,-23.1967510207576));
#12421=CARTESIAN_POINT('Ctrl Pts',(43.7210404232223,-2.,-23.1939550015377));
#12422=CARTESIAN_POINT('Ctrl Pts',(43.5309436316348,-2.,-23.153300988046));
#12423=CARTESIAN_POINT('Ctrl Pts',(43.444615414246,-2.,-23.1348388746925));
#12424=CARTESIAN_POINT('',(44.0216962600788,0.,-23.1982772902198));
#12425=CARTESIAN_POINT('',(44.0216962600788,-2.,-23.1982772902198));
#12426=CARTESIAN_POINT('Ctrl Pts',(44.0216962600788,0.,-23.1982772902198));
#12427=CARTESIAN_POINT('Ctrl Pts',(43.9155298616274,0.,-23.1967510207576));
#12428=CARTESIAN_POINT('Ctrl Pts',(43.7210404232223,0.,-23.1939550015377));
#12429=CARTESIAN_POINT('Ctrl Pts',(43.5309436316348,0.,-23.153300988046));
#12430=CARTESIAN_POINT('Ctrl Pts',(43.444615414246,0.,-23.1348388746925));
#12431=CARTESIAN_POINT('Ctrl Pts',(44.6110550666889,-2.,-23.0980043963142));
#12432=CARTESIAN_POINT('Ctrl Pts',(44.6110550666889,0.,-23.0980043963142));
#12433=CARTESIAN_POINT('Ctrl Pts',(44.52414057265,-2.,-23.1271894696038));
#12434=CARTESIAN_POINT('Ctrl Pts',(44.52414057265,0.,-23.1271894696038));
#12435=CARTESIAN_POINT('Ctrl Pts',(44.3331968727025,-2.,-23.1913065761783));
#12436=CARTESIAN_POINT('Ctrl Pts',(44.3331968727025,0.,-23.1913065761783));
#12437=CARTESIAN_POINT('Ctrl Pts',(44.1315543545951,-2.,-23.1958189022393));
#12438=CARTESIAN_POINT('Ctrl Pts',(44.1315543545951,0.,-23.1958189022393));
#12439=CARTESIAN_POINT('Ctrl Pts',(44.0216962600788,-2.,-23.1982772902198));
#12440=CARTESIAN_POINT('Ctrl Pts',(44.0216962600788,0.,-23.1982772902198));
#12441=CARTESIAN_POINT('',(44.6110550666889,-2.,-23.0980043963142));
#12442=CARTESIAN_POINT('Ctrl Pts',(44.6110550666889,-2.,-23.0980043963142));
#12443=CARTESIAN_POINT('Ctrl Pts',(44.52414057265,-2.,-23.1271894696038));
#12444=CARTESIAN_POINT('Ctrl Pts',(44.3331968727025,-2.,-23.1913065761783));
#12445=CARTESIAN_POINT('Ctrl Pts',(44.1315543545951,-2.,-23.1958189022393));
#12446=CARTESIAN_POINT('Ctrl Pts',(44.0216962600788,-2.,-23.1982772902198));
#12447=CARTESIAN_POINT('',(44.6110550666889,0.,-23.0980043963142));
#12448=CARTESIAN_POINT('',(44.6110550666889,-2.,-23.0980043963142));
#12449=CARTESIAN_POINT('Ctrl Pts',(44.6110550666889,0.,-23.0980043963142));
#12450=CARTESIAN_POINT('Ctrl Pts',(44.52414057265,0.,-23.1271894696038));
#12451=CARTESIAN_POINT('Ctrl Pts',(44.3331968727025,0.,-23.1913065761783));
#12452=CARTESIAN_POINT('Ctrl Pts',(44.1315543545951,0.,-23.1958189022393));
#12453=CARTESIAN_POINT('Ctrl Pts',(44.0216962600788,0.,-23.1982772902198));
#12454=CARTESIAN_POINT('Ctrl Pts',(44.9937288070759,-2.,-22.8176491812416));
#12455=CARTESIAN_POINT('Ctrl Pts',(44.9937288070759,0.,-22.8176491812416));
#12456=CARTESIAN_POINT('Ctrl Pts',(44.9396403242164,-2.,-22.8746897631727));
#12457=CARTESIAN_POINT('Ctrl Pts',(44.9396403242164,0.,-22.8746897631727));
#12458=CARTESIAN_POINT('Ctrl Pts',(44.8291073837888,-2.,-22.9912554886513));
#12459=CARTESIAN_POINT('Ctrl Pts',(44.8291073837888,0.,-22.9912554886513));
#12460=CARTESIAN_POINT('Ctrl Pts',(44.6847647118739,-2.,-23.0619193676735));
#12461=CARTESIAN_POINT('Ctrl Pts',(44.6847647118739,0.,-23.0619193676735));
#12462=CARTESIAN_POINT('Ctrl Pts',(44.6110550666889,-2.,-23.0980043963142));
#12463=CARTESIAN_POINT('Ctrl Pts',(44.6110550666889,0.,-23.0980043963142));
#12464=CARTESIAN_POINT('',(44.9937288070759,-2.,-22.8176491812416));
#12465=CARTESIAN_POINT('Ctrl Pts',(44.9937288070759,-2.,-22.8176491812416));
#12466=CARTESIAN_POINT('Ctrl Pts',(44.9396403242164,-2.,-22.8746897631727));
#12467=CARTESIAN_POINT('Ctrl Pts',(44.8291073837888,-2.,-22.9912554886513));
#12468=CARTESIAN_POINT('Ctrl Pts',(44.6847647118739,-2.,-23.0619193676735));
#12469=CARTESIAN_POINT('Ctrl Pts',(44.6110550666889,-2.,-23.0980043963142));
#12470=CARTESIAN_POINT('',(44.9937288070759,0.,-22.8176491812416));
#12471=CARTESIAN_POINT('',(44.9937288070759,-2.,-22.8176491812416));
#12472=CARTESIAN_POINT('Ctrl Pts',(44.9937288070759,0.,-22.8176491812416));
#12473=CARTESIAN_POINT('Ctrl Pts',(44.9396403242164,0.,-22.8746897631727));
#12474=CARTESIAN_POINT('Ctrl Pts',(44.8291073837888,0.,-22.9912554886513));
#12475=CARTESIAN_POINT('Ctrl Pts',(44.6847647118739,0.,-23.0619193676735));
#12476=CARTESIAN_POINT('Ctrl Pts',(44.6110550666889,0.,-23.0980043963142));
#12477=CARTESIAN_POINT('Ctrl Pts',(45.208599379166,-2.,-22.3879092291542));
#12478=CARTESIAN_POINT('Ctrl Pts',(45.208599379166,0.,-22.3879092291542));
#12479=CARTESIAN_POINT('Ctrl Pts',(45.1838350058713,-2.,-22.4670292318139));
#12480=CARTESIAN_POINT('Ctrl Pts',(45.1838350058713,0.,-22.4670292318139));
#12481=CARTESIAN_POINT('Ctrl Pts',(45.1353557625,-2.,-22.6219161663155));
#12482=CARTESIAN_POINT('Ctrl Pts',(45.1353557625,0.,-22.6219161663155));
#12483=CARTESIAN_POINT('Ctrl Pts',(45.040251503828,-2.,-22.7533533155957));
#12484=CARTESIAN_POINT('Ctrl Pts',(45.040251503828,0.,-22.7533533155957));
#12485=CARTESIAN_POINT('Ctrl Pts',(44.9937288070759,-2.,-22.8176491812416));
#12486=CARTESIAN_POINT('Ctrl Pts',(44.9937288070759,0.,-22.8176491812416));
#12487=CARTESIAN_POINT('',(45.208599379166,-2.,-22.3879092291542));
#12488=CARTESIAN_POINT('Ctrl Pts',(45.208599379166,-2.,-22.3879092291542));
#12489=CARTESIAN_POINT('Ctrl Pts',(45.1838350058713,-2.,-22.4670292318139));
#12490=CARTESIAN_POINT('Ctrl Pts',(45.1353557625,-2.,-22.6219161663155));
#12491=CARTESIAN_POINT('Ctrl Pts',(45.040251503828,-2.,-22.7533533155957));
#12492=CARTESIAN_POINT('Ctrl Pts',(44.9937288070759,-2.,-22.8176491812416));
#12493=CARTESIAN_POINT('',(45.208599379166,0.,-22.3879092291542));
#12494=CARTESIAN_POINT('',(45.208599379166,-2.,-22.3879092291542));
#12495=CARTESIAN_POINT('Ctrl Pts',(45.208599379166,0.,-22.3879092291542));
#12496=CARTESIAN_POINT('Ctrl Pts',(45.1838350058713,0.,-22.4670292318139));
#12497=CARTESIAN_POINT('Ctrl Pts',(45.1353557625,0.,-22.6219161663155));
#12498=CARTESIAN_POINT('Ctrl Pts',(45.040251503828,0.,-22.7533533155957));
#12499=CARTESIAN_POINT('Ctrl Pts',(44.9937288070759,0.,-22.8176491812416));
#12500=CARTESIAN_POINT('Origin',(44.4166485572895,-2.,-22.2978680685707));
#12501=CARTESIAN_POINT('',(44.4166485572895,-2.,-22.2978680685707));
#12502=CARTESIAN_POINT('',(30.8030154636149,-2.,-20.7500606925927));
#12503=CARTESIAN_POINT('',(44.4166485572895,0.,-22.2978680685707));
#12504=CARTESIAN_POINT('',(44.4166485572895,-2.,-22.2978680685707));
#12505=CARTESIAN_POINT('',(44.4166485572895,0.,-22.2978680685707));
#12506=CARTESIAN_POINT('Ctrl Pts',(44.2488447929463,-2.,-22.5557118014045));
#12507=CARTESIAN_POINT('Ctrl Pts',(44.2488447929463,0.,-22.5557118014045));
#12508=CARTESIAN_POINT('Ctrl Pts',(44.2845135019501,-2.,-22.5221922997358));
#12509=CARTESIAN_POINT('Ctrl Pts',(44.2845135019501,0.,-22.5221922997358));
#12510=CARTESIAN_POINT('Ctrl Pts',(44.3612285645471,-2.,-22.4500996801667));
#12511=CARTESIAN_POINT('Ctrl Pts',(44.3612285645471,0.,-22.4500996801667));
#12512=CARTESIAN_POINT('Ctrl Pts',(44.3973316308137,-2.,-22.3509291879065));
#12513=CARTESIAN_POINT('Ctrl Pts',(44.3973316308137,0.,-22.3509291879065));
#12514=CARTESIAN_POINT('Ctrl Pts',(44.4166485572895,-2.,-22.2978680685707));
#12515=CARTESIAN_POINT('Ctrl Pts',(44.4166485572895,0.,-22.2978680685707));
#12516=CARTESIAN_POINT('Ctrl Pts',(44.2488447929463,-2.,-22.5557118014045));
#12517=CARTESIAN_POINT('Ctrl Pts',(44.2845135019501,-2.,-22.5221922997358));
#12518=CARTESIAN_POINT('Ctrl Pts',(44.3612285645471,-2.,-22.4500996801667));
#12519=CARTESIAN_POINT('Ctrl Pts',(44.3973316308137,-2.,-22.3509291879065));
#12520=CARTESIAN_POINT('Ctrl Pts',(44.4166485572895,-2.,-22.2978680685707));
#12521=CARTESIAN_POINT('Ctrl Pts',(44.2488447929463,0.,-22.5557118014045));
#12522=CARTESIAN_POINT('Ctrl Pts',(44.2845135019501,0.,-22.5221922997358));
#12523=CARTESIAN_POINT('Ctrl Pts',(44.3612285645471,0.,-22.4500996801667));
#12524=CARTESIAN_POINT('Ctrl Pts',(44.3973316308137,0.,-22.3509291879065));
#12525=CARTESIAN_POINT('Ctrl Pts',(44.4166485572895,0.,-22.2978680685707));
#12526=CARTESIAN_POINT('Origin',(47.0319274374014,0.,-19.0799278870769));
#12527=CARTESIAN_POINT('Ctrl Pts',(48.6035511995396,-2.,-21.4977317408271));
#12528=CARTESIAN_POINT('Ctrl Pts',(48.6035511995396,0.,-21.4977317408271));
#12529=CARTESIAN_POINT('Ctrl Pts',(48.5454132083628,-2.,-21.5037010426009));
#12530=CARTESIAN_POINT('Ctrl Pts',(48.5454132083628,0.,-21.5037010426009));
#12531=CARTESIAN_POINT('Ctrl Pts',(48.4287092560469,-2.,-21.5156835878431));
#12532=CARTESIAN_POINT('Ctrl Pts',(48.4287092560469,0.,-21.5156835878431));
#12533=CARTESIAN_POINT('Ctrl Pts',(48.344828093337,-2.,-21.5977485932865));
#12534=CARTESIAN_POINT('Ctrl Pts',(48.344828093337,0.,-21.5977485932865));
#12535=CARTESIAN_POINT('Ctrl Pts',(48.3027337099156,-2.,-21.6389315680214));
#12536=CARTESIAN_POINT('Ctrl Pts',(48.3027337099156,0.,-21.6389315680214));
#12537=CARTESIAN_POINT('',(48.6035511995396,-2.,-21.4977317408271));
#12538=CARTESIAN_POINT('',(48.3027337099156,-2.,-21.6389315680214));
#12539=CARTESIAN_POINT('Ctrl Pts',(48.6035511995396,-2.,-21.4977317408271));
#12540=CARTESIAN_POINT('Ctrl Pts',(48.5454132083628,-2.,-21.5037010426009));
#12541=CARTESIAN_POINT('Ctrl Pts',(48.4287092560469,-2.,-21.5156835878431));
#12542=CARTESIAN_POINT('Ctrl Pts',(48.344828093337,-2.,-21.5977485932865));
#12543=CARTESIAN_POINT('Ctrl Pts',(48.3027337099156,-2.,-21.6389315680214));
#12544=CARTESIAN_POINT('',(48.6035511995396,0.,-21.4977317408271));
#12545=CARTESIAN_POINT('',(48.6035511995396,-2.,-21.4977317408271));
#12546=CARTESIAN_POINT('',(48.3027337099156,0.,-21.6389315680214));
#12547=CARTESIAN_POINT('Ctrl Pts',(48.6035511995396,0.,-21.4977317408271));
#12548=CARTESIAN_POINT('Ctrl Pts',(48.5454132083628,0.,-21.5037010426009));
#12549=CARTESIAN_POINT('Ctrl Pts',(48.4287092560469,0.,-21.5156835878431));
#12550=CARTESIAN_POINT('Ctrl Pts',(48.344828093337,0.,-21.5977485932865));
#12551=CARTESIAN_POINT('Ctrl Pts',(48.3027337099156,0.,-21.6389315680214));
#12552=CARTESIAN_POINT('',(48.3027337099156,-2.,-21.6389315680214));
#12553=CARTESIAN_POINT('Ctrl Pts',(48.8920925165257,-2.,-21.6368859366127));
#12554=CARTESIAN_POINT('Ctrl Pts',(48.8920925165257,0.,-21.6368859366127));
#12555=CARTESIAN_POINT('Ctrl Pts',(48.8513750592928,-2.,-21.5963023924091));
#12556=CARTESIAN_POINT('Ctrl Pts',(48.8513750592928,0.,-21.5963023924091));
#12557=CARTESIAN_POINT('Ctrl Pts',(48.7712077033509,-2.,-21.516398693734));
#12558=CARTESIAN_POINT('Ctrl Pts',(48.7712077033509,0.,-21.516398693734));
#12559=CARTESIAN_POINT('Ctrl Pts',(48.6588444940778,-2.,-21.5038881218905));
#12560=CARTESIAN_POINT('Ctrl Pts',(48.6588444940778,0.,-21.5038881218905));
#12561=CARTESIAN_POINT('Ctrl Pts',(48.6035511995396,-2.,-21.4977317408271));
#12562=CARTESIAN_POINT('Ctrl Pts',(48.6035511995396,0.,-21.4977317408271));
#12563=CARTESIAN_POINT('',(48.8920925165257,-2.,-21.6368859366127));
#12564=CARTESIAN_POINT('Ctrl Pts',(48.8920925165257,-2.,-21.6368859366127));
#12565=CARTESIAN_POINT('Ctrl Pts',(48.8513750592928,-2.,-21.5963023924091));
#12566=CARTESIAN_POINT('Ctrl Pts',(48.7712077033509,-2.,-21.516398693734));
#12567=CARTESIAN_POINT('Ctrl Pts',(48.6588444940778,-2.,-21.5038881218905));
#12568=CARTESIAN_POINT('Ctrl Pts',(48.6035511995396,-2.,-21.4977317408271));
#12569=CARTESIAN_POINT('',(48.8920925165257,0.,-21.6368859366127));
#12570=CARTESIAN_POINT('',(48.8920925165257,-2.,-21.6368859366127));
#12571=CARTESIAN_POINT('Ctrl Pts',(48.8920925165257,0.,-21.6368859366127));
#12572=CARTESIAN_POINT('Ctrl Pts',(48.8513750592928,0.,-21.5963023924091));
#12573=CARTESIAN_POINT('Ctrl Pts',(48.7712077033509,0.,-21.516398693734));
#12574=CARTESIAN_POINT('Ctrl Pts',(48.6588444940778,0.,-21.5038881218905));
#12575=CARTESIAN_POINT('Ctrl Pts',(48.6035511995396,0.,-21.4977317408271));
#12576=CARTESIAN_POINT('Ctrl Pts',(49.0087364221653,-2.,-22.0563941553779));
#12577=CARTESIAN_POINT('Ctrl Pts',(49.0087364221653,0.,-22.0563941553779));
#12578=CARTESIAN_POINT('Ctrl Pts',(49.0067185083002,-2.,-21.9720481757843));
#12579=CARTESIAN_POINT('Ctrl Pts',(49.0067185083002,0.,-21.9720481757843));
#12580=CARTESIAN_POINT('Ctrl Pts',(49.0031187877656,-2.,-21.8215848879285));
#12581=CARTESIAN_POINT('Ctrl Pts',(49.0031187877656,0.,-21.8215848879285));
#12582=CARTESIAN_POINT('Ctrl Pts',(48.9259864032928,-2.,-21.6932704776045));
#12583=CARTESIAN_POINT('Ctrl Pts',(48.9259864032928,0.,-21.6932704776045));
#12584=CARTESIAN_POINT('Ctrl Pts',(48.8920925165257,-2.,-21.6368859366127));
#12585=CARTESIAN_POINT('Ctrl Pts',(48.8920925165257,0.,-21.6368859366127));
#12586=CARTESIAN_POINT('',(49.0087364221653,-2.,-22.0563941553779));
#12587=CARTESIAN_POINT('Ctrl Pts',(49.0087364221653,-2.,-22.0563941553779));
#12588=CARTESIAN_POINT('Ctrl Pts',(49.0067185083002,-2.,-21.9720481757843));
#12589=CARTESIAN_POINT('Ctrl Pts',(49.0031187877656,-2.,-21.8215848879285));
#12590=CARTESIAN_POINT('Ctrl Pts',(48.9259864032928,-2.,-21.6932704776045));
#12591=CARTESIAN_POINT('Ctrl Pts',(48.8920925165257,-2.,-21.6368859366127));
#12592=CARTESIAN_POINT('',(49.0087364221653,0.,-22.0563941553779));
#12593=CARTESIAN_POINT('',(49.0087364221653,-2.,-22.0563941553779));
#12594=CARTESIAN_POINT('Ctrl Pts',(49.0087364221653,0.,-22.0563941553779));
#12595=CARTESIAN_POINT('Ctrl Pts',(49.0067185083002,0.,-21.9720481757843));
#12596=CARTESIAN_POINT('Ctrl Pts',(49.0031187877656,0.,-21.8215848879285));
#12597=CARTESIAN_POINT('Ctrl Pts',(48.9259864032928,0.,-21.6932704776045));
#12598=CARTESIAN_POINT('Ctrl Pts',(48.8920925165257,0.,-21.6368859366127));
#12599=CARTESIAN_POINT('Ctrl Pts',(48.8920925165257,-2.,-22.4963670328804));
#12600=CARTESIAN_POINT('Ctrl Pts',(48.8920925165257,0.,-22.4963670328804));
#12601=CARTESIAN_POINT('Ctrl Pts',(48.9259486742058,-2.,-22.4382185109566));
#12602=CARTESIAN_POINT('Ctrl Pts',(48.9259486742058,0.,-22.4382185109566));
#12603=CARTESIAN_POINT('Ctrl Pts',(49.0045963471145,-2.,-22.3031398060547));
#12604=CARTESIAN_POINT('Ctrl Pts',(49.0045963471145,0.,-22.3031398060547));
#12605=CARTESIAN_POINT('Ctrl Pts',(49.0072341420752,-2.,-22.1459290246254));
#12606=CARTESIAN_POINT('Ctrl Pts',(49.0072341420752,0.,-22.1459290246254));
#12607=CARTESIAN_POINT('Ctrl Pts',(49.0087364221653,-2.,-22.0563941553779));
#12608=CARTESIAN_POINT('Ctrl Pts',(49.0087364221653,0.,-22.0563941553779));
#12609=CARTESIAN_POINT('',(48.8920925165257,-2.,-22.4963670328804));
#12610=CARTESIAN_POINT('Ctrl Pts',(48.8920925165257,-2.,-22.4963670328804));
#12611=CARTESIAN_POINT('Ctrl Pts',(48.9259486742058,-2.,-22.4382185109566));
#12612=CARTESIAN_POINT('Ctrl Pts',(49.0045963471145,-2.,-22.3031398060547));
#12613=CARTESIAN_POINT('Ctrl Pts',(49.0072341420752,-2.,-22.1459290246254));
#12614=CARTESIAN_POINT('Ctrl Pts',(49.0087364221653,-2.,-22.0563941553779));
#12615=CARTESIAN_POINT('',(48.8920925165257,0.,-22.4963670328804));
#12616=CARTESIAN_POINT('',(48.8920925165257,-2.,-22.4963670328804));
#12617=CARTESIAN_POINT('Ctrl Pts',(48.8920925165257,0.,-22.4963670328804));
#12618=CARTESIAN_POINT('Ctrl Pts',(48.9259486742058,0.,-22.4382185109566));
#12619=CARTESIAN_POINT('Ctrl Pts',(49.0045963471145,0.,-22.3031398060547));
#12620=CARTESIAN_POINT('Ctrl Pts',(49.0072341420752,0.,-22.1459290246254));
#12621=CARTESIAN_POINT('Ctrl Pts',(49.0087364221653,0.,-22.0563941553779));
#12622=CARTESIAN_POINT('Ctrl Pts',(48.5974131132206,-2.,-22.6334744051643));
#12623=CARTESIAN_POINT('Ctrl Pts',(48.5974131132206,0.,-22.6334744051643));
#12624=CARTESIAN_POINT('Ctrl Pts',(48.654669122641,-2.,-22.6278126897905));
#12625=CARTESIAN_POINT('Ctrl Pts',(48.654669122641,0.,-22.6278126897905));
#12626=CARTESIAN_POINT('Ctrl Pts',(48.7689250534988,-2.,-22.6165145821013));
#12627=CARTESIAN_POINT('Ctrl Pts',(48.7689250534988,0.,-22.6165145821013));
#12628=CARTESIAN_POINT('Ctrl Pts',(48.8510980884691,-2.,-22.5363563282808));
#12629=CARTESIAN_POINT('Ctrl Pts',(48.8510980884691,0.,-22.5363563282808));
#12630=CARTESIAN_POINT('Ctrl Pts',(48.8920925165257,-2.,-22.4963670328804));
#12631=CARTESIAN_POINT('Ctrl Pts',(48.8920925165257,0.,-22.4963670328804));
#12632=CARTESIAN_POINT('',(48.5974131132206,-2.,-22.6334744051643));
#12633=CARTESIAN_POINT('Ctrl Pts',(48.5974131132206,-2.,-22.6334744051643));
#12634=CARTESIAN_POINT('Ctrl Pts',(48.654669122641,-2.,-22.6278126897905));
#12635=CARTESIAN_POINT('Ctrl Pts',(48.7689250534988,-2.,-22.6165145821013));
#12636=CARTESIAN_POINT('Ctrl Pts',(48.8510980884691,-2.,-22.5363563282808));
#12637=CARTESIAN_POINT('Ctrl Pts',(48.8920925165257,-2.,-22.4963670328804));
#12638=CARTESIAN_POINT('',(48.5974131132206,0.,-22.6334744051643));
#12639=CARTESIAN_POINT('',(48.5974131132206,-2.,-22.6334744051643));
#12640=CARTESIAN_POINT('Ctrl Pts',(48.5974131132206,0.,-22.6334744051643));
#12641=CARTESIAN_POINT('Ctrl Pts',(48.654669122641,0.,-22.6278126897905));
#12642=CARTESIAN_POINT('Ctrl Pts',(48.7689250534988,0.,-22.6165145821013));
#12643=CARTESIAN_POINT('Ctrl Pts',(48.8510980884691,0.,-22.5363563282808));
#12644=CARTESIAN_POINT('Ctrl Pts',(48.8920925165257,0.,-22.4963670328804));
#12645=CARTESIAN_POINT('Ctrl Pts',(48.300686886414,-2.,-22.4943202093788));
#12646=CARTESIAN_POINT('Ctrl Pts',(48.300686886414,0.,-22.4943202093788));
#12647=CARTESIAN_POINT('Ctrl Pts',(48.342489956291,-2.,-22.5349059966059));
#12648=CARTESIAN_POINT('Ctrl Pts',(48.342489956291,0.,-22.5349059966059));
#12649=CARTESIAN_POINT('Ctrl Pts',(48.425452458992,-2.,-22.615452676368));
#12650=CARTESIAN_POINT('Ctrl Pts',(48.425452458992,0.,-22.615452676368));
#12651=CARTESIAN_POINT('Ctrl Pts',(48.5403901304082,-2.,-22.6274983129238));
#12652=CARTESIAN_POINT('Ctrl Pts',(48.5403901304082,0.,-22.6274983129238));
#12653=CARTESIAN_POINT('Ctrl Pts',(48.5974131132206,-2.,-22.6334744051643));
#12654=CARTESIAN_POINT('Ctrl Pts',(48.5974131132206,0.,-22.6334744051643));
#12655=CARTESIAN_POINT('',(48.300686886414,-2.,-22.4943202093788));
#12656=CARTESIAN_POINT('Ctrl Pts',(48.300686886414,-2.,-22.4943202093788));
#12657=CARTESIAN_POINT('Ctrl Pts',(48.342489956291,-2.,-22.5349059966059));
#12658=CARTESIAN_POINT('Ctrl Pts',(48.425452458992,-2.,-22.615452676368));
#12659=CARTESIAN_POINT('Ctrl Pts',(48.5403901304082,-2.,-22.6274983129238));
#12660=CARTESIAN_POINT('Ctrl Pts',(48.5974131132206,-2.,-22.6334744051643));
#12661=CARTESIAN_POINT('',(48.300686886414,0.,-22.4943202093788));
#12662=CARTESIAN_POINT('',(48.300686886414,-2.,-22.4943202093788));
#12663=CARTESIAN_POINT('Ctrl Pts',(48.300686886414,0.,-22.4943202093788));
#12664=CARTESIAN_POINT('Ctrl Pts',(48.342489956291,0.,-22.5349059966059));
#12665=CARTESIAN_POINT('Ctrl Pts',(48.425452458992,0.,-22.615452676368));
#12666=CARTESIAN_POINT('Ctrl Pts',(48.5403901304082,0.,-22.6274983129238));
#12667=CARTESIAN_POINT('Ctrl Pts',(48.5974131132206,0.,-22.6334744051643));
#12668=CARTESIAN_POINT('Ctrl Pts',(48.1840429807743,-2.,-22.0645802572914));
#12669=CARTESIAN_POINT('Ctrl Pts',(48.1840429807743,0.,-22.0645802572914));
#12670=CARTESIAN_POINT('Ctrl Pts',(48.1859225344179,-2.,-22.1511368056713));
#12671=CARTESIAN_POINT('Ctrl Pts',(48.1859225344179,0.,-22.1511368056713));
#12672=CARTESIAN_POINT('Ctrl Pts',(48.1892608513071,-2.,-22.3048718098876));
#12673=CARTESIAN_POINT('Ctrl Pts',(48.1892608513071,0.,-22.3048718098876));
#12674=CARTESIAN_POINT('Ctrl Pts',(48.2668028986449,-2.,-22.4367100894003));
#12675=CARTESIAN_POINT('Ctrl Pts',(48.2668028986449,0.,-22.4367100894003));
#12676=CARTESIAN_POINT('Ctrl Pts',(48.300686886414,-2.,-22.4943202093788));
#12677=CARTESIAN_POINT('Ctrl Pts',(48.300686886414,0.,-22.4943202093788));
#12678=CARTESIAN_POINT('',(48.1840429807743,-2.,-22.0645802572914));
#12679=CARTESIAN_POINT('Ctrl Pts',(48.1840429807743,-2.,-22.0645802572914));
#12680=CARTESIAN_POINT('Ctrl Pts',(48.1859225344179,-2.,-22.1511368056713));
#12681=CARTESIAN_POINT('Ctrl Pts',(48.1892608513071,-2.,-22.3048718098876));
#12682=CARTESIAN_POINT('Ctrl Pts',(48.2668028986449,-2.,-22.4367100894003));
#12683=CARTESIAN_POINT('Ctrl Pts',(48.300686886414,-2.,-22.4943202093788));
#12684=CARTESIAN_POINT('',(48.1840429807743,0.,-22.0645802572914));
#12685=CARTESIAN_POINT('',(48.1840429807743,-2.,-22.0645802572914));
#12686=CARTESIAN_POINT('Ctrl Pts',(48.1840429807743,0.,-22.0645802572914));
#12687=CARTESIAN_POINT('Ctrl Pts',(48.1859225344179,0.,-22.1511368056713));
#12688=CARTESIAN_POINT('Ctrl Pts',(48.1892608513071,0.,-22.3048718098876));
#12689=CARTESIAN_POINT('Ctrl Pts',(48.2668028986449,0.,-22.4367100894003));
#12690=CARTESIAN_POINT('Ctrl Pts',(48.300686886414,0.,-22.4943202093788));
#12691=CARTESIAN_POINT('Ctrl Pts',(48.3027337099156,-2.,-21.6389315680214));
#12692=CARTESIAN_POINT('Ctrl Pts',(48.3027337099156,0.,-21.6389315680214));
#12693=CARTESIAN_POINT('Ctrl Pts',(48.2682442210662,-2.,-21.6961397964701));
#12694=CARTESIAN_POINT('Ctrl Pts',(48.2682442210662,0.,-21.6961397964701));
#12695=CARTESIAN_POINT('Ctrl Pts',(48.1897876552007,-2.,-21.8262768699115));
#12696=CARTESIAN_POINT('Ctrl Pts',(48.1897876552007,0.,-21.8262768699115));
#12697=CARTESIAN_POINT('Ctrl Pts',(48.186106116105,-2.,-21.9789962709018));
#12698=CARTESIAN_POINT('Ctrl Pts',(48.186106116105,0.,-21.9789962709018));
#12699=CARTESIAN_POINT('Ctrl Pts',(48.1840429807743,-2.,-22.0645802572914));
#12700=CARTESIAN_POINT('Ctrl Pts',(48.1840429807743,0.,-22.0645802572914));
#12701=CARTESIAN_POINT('Ctrl Pts',(48.3027337099156,-2.,-21.6389315680214));
#12702=CARTESIAN_POINT('Ctrl Pts',(48.2682442210662,-2.,-21.6961397964701));
#12703=CARTESIAN_POINT('Ctrl Pts',(48.1897876552007,-2.,-21.8262768699115));
#12704=CARTESIAN_POINT('Ctrl Pts',(48.186106116105,-2.,-21.9789962709018));
#12705=CARTESIAN_POINT('Ctrl Pts',(48.1840429807743,-2.,-22.0645802572914));
#12706=CARTESIAN_POINT('Ctrl Pts',(48.3027337099156,0.,-21.6389315680214));
#12707=CARTESIAN_POINT('Ctrl Pts',(48.2682442210662,0.,-21.6961397964701));
#12708=CARTESIAN_POINT('Ctrl Pts',(48.1897876552007,0.,-21.8262768699115));
#12709=CARTESIAN_POINT('Ctrl Pts',(48.186106116105,0.,-21.9789962709018));
#12710=CARTESIAN_POINT('Ctrl Pts',(48.1840429807743,0.,-22.0645802572914));
#12711=CARTESIAN_POINT('Ctrl Pts',(48.5933194662174,-2.,-23.1962304667183));
#12712=CARTESIAN_POINT('Ctrl Pts',(48.5933194662174,0.,-23.1962304667183));
#12713=CARTESIAN_POINT('Ctrl Pts',(48.4308275619626,-2.,-23.1881115649397));
#12714=CARTESIAN_POINT('Ctrl Pts',(48.4308275619626,0.,-23.1881115649397));
#12715=CARTESIAN_POINT('Ctrl Pts',(48.1245127173587,-2.,-23.1728065554497));
#12716=CARTESIAN_POINT('Ctrl Pts',(48.1245127173587,0.,-23.1728065554497));
#12717=CARTESIAN_POINT('Ctrl Pts',(47.8670176754706,-2.,-23.0077153361953));
#12718=CARTESIAN_POINT('Ctrl Pts',(47.8670176754706,0.,-23.0077153361953));
#12719=CARTESIAN_POINT('Ctrl Pts',(47.7461169267735,-2.,-22.9302006319709));
#12720=CARTESIAN_POINT('Ctrl Pts',(47.7461169267735,0.,-22.9302006319709));
#12721=CARTESIAN_POINT('',(48.5933194662174,-2.,-23.1962304667183));
#12722=CARTESIAN_POINT('',(47.7461169267735,-2.,-22.9302006319709));
#12723=CARTESIAN_POINT('Ctrl Pts',(48.5933194662174,-2.,-23.1962304667183));
#12724=CARTESIAN_POINT('Ctrl Pts',(48.4308275619626,-2.,-23.1881115649397));
#12725=CARTESIAN_POINT('Ctrl Pts',(48.1245127173587,-2.,-23.1728065554497));
#12726=CARTESIAN_POINT('Ctrl Pts',(47.8670176754706,-2.,-23.0077153361953));
#12727=CARTESIAN_POINT('Ctrl Pts',(47.7461169267735,-2.,-22.9302006319709));
#12728=CARTESIAN_POINT('',(48.5933194662174,0.,-23.1962304667183));
#12729=CARTESIAN_POINT('',(48.5933194662174,-2.,-23.1962304667183));
#12730=CARTESIAN_POINT('',(47.7461169267735,0.,-22.9302006319709));
#12731=CARTESIAN_POINT('Ctrl Pts',(48.5933194662174,0.,-23.1962304667183));
#12732=CARTESIAN_POINT('Ctrl Pts',(48.4308275619626,0.,-23.1881115649397));
#12733=CARTESIAN_POINT('Ctrl Pts',(48.1245127173587,0.,-23.1728065554497));
#12734=CARTESIAN_POINT('Ctrl Pts',(47.8670176754706,0.,-23.0077153361953));
#12735=CARTESIAN_POINT('Ctrl Pts',(47.7461169267735,0.,-22.9302006319709));
#12736=CARTESIAN_POINT('',(47.7461169267735,-2.,-22.9302006319709));
#12737=CARTESIAN_POINT('Ctrl Pts',(49.5121465231022,-2.,-22.8769951418586));
#12738=CARTESIAN_POINT('Ctrl Pts',(49.5121465231022,0.,-22.8769951418586));
#12739=CARTESIAN_POINT('Ctrl Pts',(49.3851071344443,-2.,-22.9699910264722));
#12740=CARTESIAN_POINT('Ctrl Pts',(49.3851071344443,0.,-22.9699910264722));
#12741=CARTESIAN_POINT('Ctrl Pts',(49.1125839412966,-2.,-23.1694845512147));
#12742=CARTESIAN_POINT('Ctrl Pts',(49.1125839412966,0.,-23.1694845512147));
#12743=CARTESIAN_POINT('Ctrl Pts',(48.7740450803767,-2.,-23.1869217767585));
#12744=CARTESIAN_POINT('Ctrl Pts',(48.7740450803767,0.,-23.1869217767585));
#12745=CARTESIAN_POINT('Ctrl Pts',(48.5933194662174,-2.,-23.1962304667183));
#12746=CARTESIAN_POINT('Ctrl Pts',(48.5933194662174,0.,-23.1962304667183));
#12747=CARTESIAN_POINT('',(49.5121465231022,-2.,-22.8769951418586));
#12748=CARTESIAN_POINT('Ctrl Pts',(49.5121465231022,-2.,-22.8769951418586));
#12749=CARTESIAN_POINT('Ctrl Pts',(49.3851071344443,-2.,-22.9699910264722));
#12750=CARTESIAN_POINT('Ctrl Pts',(49.1125839412966,-2.,-23.1694845512147));
#12751=CARTESIAN_POINT('Ctrl Pts',(48.7740450803767,-2.,-23.1869217767585));
#12752=CARTESIAN_POINT('Ctrl Pts',(48.5933194662174,-2.,-23.1962304667183));
#12753=CARTESIAN_POINT('',(49.5121465231022,0.,-22.8769951418586));
#12754=CARTESIAN_POINT('',(49.5121465231022,-2.,-22.8769951418586));
#12755=CARTESIAN_POINT('Ctrl Pts',(49.5121465231022,0.,-22.8769951418586));
#12756=CARTESIAN_POINT('Ctrl Pts',(49.3851071344443,0.,-22.9699910264722));
#12757=CARTESIAN_POINT('Ctrl Pts',(49.1125839412966,0.,-23.1694845512147));
#12758=CARTESIAN_POINT('Ctrl Pts',(48.7740450803767,0.,-23.1869217767585));
#12759=CARTESIAN_POINT('Ctrl Pts',(48.5933194662174,0.,-23.1962304667183));
#12760=CARTESIAN_POINT('Ctrl Pts',(49.8457072282871,-2.,-22.0543485239692));
#12761=CARTESIAN_POINT('Ctrl Pts',(49.8457072282871,0.,-22.0543485239692));
#12762=CARTESIAN_POINT('Ctrl Pts',(49.8330963772456,-2.,-22.2127048903647));
#12763=CARTESIAN_POINT('Ctrl Pts',(49.8330963772456,0.,-22.2127048903647));
#12764=CARTESIAN_POINT('Ctrl Pts',(49.8084270884397,-2.,-22.5224808859734));
#12765=CARTESIAN_POINT('Ctrl Pts',(49.8084270884397,0.,-22.5224808859734));
#12766=CARTESIAN_POINT('Ctrl Pts',(49.6094212822975,-2.,-22.7606011123236));
#12767=CARTESIAN_POINT('Ctrl Pts',(49.6094212822975,0.,-22.7606011123236));
#12768=CARTESIAN_POINT('Ctrl Pts',(49.5121465231022,-2.,-22.8769951418586));
#12769=CARTESIAN_POINT('Ctrl Pts',(49.5121465231022,0.,-22.8769951418586));
#12770=CARTESIAN_POINT('',(49.8457072282871,-2.,-22.0543485239692));
#12771=CARTESIAN_POINT('Ctrl Pts',(49.8457072282871,-2.,-22.0543485239692));
#12772=CARTESIAN_POINT('Ctrl Pts',(49.8330963772456,-2.,-22.2127048903647));
#12773=CARTESIAN_POINT('Ctrl Pts',(49.8084270884397,-2.,-22.5224808859734));
#12774=CARTESIAN_POINT('Ctrl Pts',(49.6094212822975,-2.,-22.7606011123236));
#12775=CARTESIAN_POINT('Ctrl Pts',(49.5121465231022,-2.,-22.8769951418586));
#12776=CARTESIAN_POINT('',(49.8457072282871,0.,-22.0543485239692));
#12777=CARTESIAN_POINT('',(49.8457072282871,-2.,-22.0543485239692));
#12778=CARTESIAN_POINT('Ctrl Pts',(49.8457072282871,0.,-22.0543485239692));
#12779=CARTESIAN_POINT('Ctrl Pts',(49.8330963772456,0.,-22.2127048903647));
#12780=CARTESIAN_POINT('Ctrl Pts',(49.8084270884397,0.,-22.5224808859734));
#12781=CARTESIAN_POINT('Ctrl Pts',(49.6094212822975,0.,-22.7606011123236));
#12782=CARTESIAN_POINT('Ctrl Pts',(49.5121465231022,0.,-22.8769951418586));
#12783=CARTESIAN_POINT('Ctrl Pts',(49.5776305700382,-2.,-21.3033252314277));
#12784=CARTESIAN_POINT('Ctrl Pts',(49.5776305700382,0.,-21.3033252314277));
#12785=CARTESIAN_POINT('Ctrl Pts',(49.6558047780315,-2.,-21.4126856730633));
#12786=CARTESIAN_POINT('Ctrl Pts',(49.6558047780315,0.,-21.4126856730633));
#12787=CARTESIAN_POINT('Ctrl Pts',(49.8163196649831,-2.,-21.6372351680533));
#12788=CARTESIAN_POINT('Ctrl Pts',(49.8163196649831,0.,-21.6372351680533));
#12789=CARTESIAN_POINT('Ctrl Pts',(49.835743314525,-2.,-21.9129253830169));
#12790=CARTESIAN_POINT('Ctrl Pts',(49.835743314525,0.,-21.9129253830169));
#12791=CARTESIAN_POINT('Ctrl Pts',(49.8457072282871,-2.,-22.0543485239692));
#12792=CARTESIAN_POINT('Ctrl Pts',(49.8457072282871,0.,-22.0543485239692));
#12793=CARTESIAN_POINT('',(49.5776305700382,-2.,-21.3033252314277));
#12794=CARTESIAN_POINT('Ctrl Pts',(49.5776305700382,-2.,-21.3033252314277));
#12795=CARTESIAN_POINT('Ctrl Pts',(49.6558047780315,-2.,-21.4126856730633));
#12796=CARTESIAN_POINT('Ctrl Pts',(49.8163196649831,-2.,-21.6372351680533));
#12797=CARTESIAN_POINT('Ctrl Pts',(49.835743314525,-2.,-21.9129253830169));
#12798=CARTESIAN_POINT('Ctrl Pts',(49.8457072282871,-2.,-22.0543485239692));
#12799=CARTESIAN_POINT('',(49.5776305700382,0.,-21.3033252314277));
#12800=CARTESIAN_POINT('',(49.5776305700382,-2.,-21.3033252314277));
#12801=CARTESIAN_POINT('Ctrl Pts',(49.5776305700382,0.,-21.3033252314277));
#12802=CARTESIAN_POINT('Ctrl Pts',(49.6558047780315,0.,-21.4126856730633));
#12803=CARTESIAN_POINT('Ctrl Pts',(49.8163196649831,0.,-21.6372351680533));
#12804=CARTESIAN_POINT('Ctrl Pts',(49.835743314525,0.,-21.9129253830169));
#12805=CARTESIAN_POINT('Ctrl Pts',(49.8457072282871,0.,-22.0543485239692));
#12806=CARTESIAN_POINT('Ctrl Pts',(48.5912738348087,-2.,-20.9247439459511));
#12807=CARTESIAN_POINT('Ctrl Pts',(48.5912738348087,0.,-20.9247439459511));
#12808=CARTESIAN_POINT('Ctrl Pts',(48.7907019129949,-2.,-20.9353493682218));
#12809=CARTESIAN_POINT('Ctrl Pts',(48.7907019129949,0.,-20.9353493682218));
#12810=CARTESIAN_POINT('Ctrl Pts',(49.1623410288363,-2.,-20.9551128327834));
#12811=CARTESIAN_POINT('Ctrl Pts',(49.1623410288363,0.,-20.9551128327834));
#12812=CARTESIAN_POINT('Ctrl Pts',(49.4461284598376,-2.,-21.1930632077629));
#12813=CARTESIAN_POINT('Ctrl Pts',(49.4461284598376,0.,-21.1930632077629));
#12814=CARTESIAN_POINT('Ctrl Pts',(49.5776305700382,-2.,-21.3033252314277));
#12815=CARTESIAN_POINT('Ctrl Pts',(49.5776305700382,0.,-21.3033252314277));
#12816=CARTESIAN_POINT('',(48.5912738348087,-2.,-20.9247439459511));
#12817=CARTESIAN_POINT('Ctrl Pts',(48.5912738348087,-2.,-20.9247439459511));
#12818=CARTESIAN_POINT('Ctrl Pts',(48.7907019129949,-2.,-20.9353493682218));
#12819=CARTESIAN_POINT('Ctrl Pts',(49.1623410288363,-2.,-20.9551128327834));
#12820=CARTESIAN_POINT('Ctrl Pts',(49.4461284598376,-2.,-21.1930632077629));
#12821=CARTESIAN_POINT('Ctrl Pts',(49.5776305700382,-2.,-21.3033252314277));
#12822=CARTESIAN_POINT('',(48.5912738348087,0.,-20.9247439459511));
#12823=CARTESIAN_POINT('',(48.5912738348087,-2.,-20.9247439459511));
#12824=CARTESIAN_POINT('Ctrl Pts',(48.5912738348087,0.,-20.9247439459511));
#12825=CARTESIAN_POINT('Ctrl Pts',(48.7907019129949,0.,-20.9353493682218));
#12826=CARTESIAN_POINT('Ctrl Pts',(49.1623410288363,0.,-20.9551128327834));
#12827=CARTESIAN_POINT('Ctrl Pts',(49.4461284598376,0.,-21.1930632077629));
#12828=CARTESIAN_POINT('Ctrl Pts',(49.5776305700382,0.,-21.3033252314277));
#12829=CARTESIAN_POINT('Ctrl Pts',(47.6847253347477,-2.,-21.2480729178138));
#12830=CARTESIAN_POINT('Ctrl Pts',(47.6847253347477,0.,-21.2480729178138));
#12831=CARTESIAN_POINT('Ctrl Pts',(47.8112581914115,-2.,-21.1538499785896));
#12832=CARTESIAN_POINT('Ctrl Pts',(47.8112581914115,0.,-21.1538499785896));
#12833=CARTESIAN_POINT('Ctrl Pts',(48.0794714292717,-2.,-20.9541244663679));
#12834=CARTESIAN_POINT('Ctrl Pts',(48.0794714292717,0.,-20.9541244663679));
#12835=CARTESIAN_POINT('Ctrl Pts',(48.4143685195208,-2.,-20.9348993695509));
#12836=CARTESIAN_POINT('Ctrl Pts',(48.4143685195208,0.,-20.9348993695509));
#12837=CARTESIAN_POINT('Ctrl Pts',(48.5912738348087,-2.,-20.9247439459511));
#12838=CARTESIAN_POINT('Ctrl Pts',(48.5912738348087,0.,-20.9247439459511));
#12839=CARTESIAN_POINT('',(47.6847253347477,-2.,-21.2480729178138));
#12840=CARTESIAN_POINT('Ctrl Pts',(47.6847253347477,-2.,-21.2480729178138));
#12841=CARTESIAN_POINT('Ctrl Pts',(47.8112581914115,-2.,-21.1538499785896));
#12842=CARTESIAN_POINT('Ctrl Pts',(48.0794714292717,-2.,-20.9541244663679));
#12843=CARTESIAN_POINT('Ctrl Pts',(48.4143685195208,-2.,-20.9348993695509));
#12844=CARTESIAN_POINT('Ctrl Pts',(48.5912738348087,-2.,-20.9247439459511));
#12845=CARTESIAN_POINT('',(47.6847253347477,0.,-21.2480729178138));
#12846=CARTESIAN_POINT('',(47.6847253347477,-2.,-21.2480729178138));
#12847=CARTESIAN_POINT('Ctrl Pts',(47.6847253347477,0.,-21.2480729178138));
#12848=CARTESIAN_POINT('Ctrl Pts',(47.8112581914115,0.,-21.1538499785896));
#12849=CARTESIAN_POINT('Ctrl Pts',(48.0794714292717,0.,-20.9541244663679));
#12850=CARTESIAN_POINT('Ctrl Pts',(48.4143685195208,0.,-20.9348993695509));
#12851=CARTESIAN_POINT('Ctrl Pts',(48.5912738348087,0.,-20.9247439459511));
#12852=CARTESIAN_POINT('Ctrl Pts',(47.3491178060612,-2.,-22.0666258887001));
#12853=CARTESIAN_POINT('Ctrl Pts',(47.3491178060612,0.,-22.0666258887001));
#12854=CARTESIAN_POINT('Ctrl Pts',(47.361995815745,-2.,-21.9092755302504));
#12855=CARTESIAN_POINT('Ctrl Pts',(47.361995815745,0.,-21.9092755302504));
#12856=CARTESIAN_POINT('Ctrl Pts',(47.3872665691791,-2.,-21.6005040501238));
#12857=CARTESIAN_POINT('Ctrl Pts',(47.3872665691791,0.,-21.6005040501238));
#12858=CARTESIAN_POINT('Ctrl Pts',(47.5868499239773,-2.,-21.3640363582496));
#12859=CARTESIAN_POINT('Ctrl Pts',(47.5868499239773,0.,-21.3640363582496));
#12860=CARTESIAN_POINT('Ctrl Pts',(47.6847253347477,-2.,-21.2480729178138));
#12861=CARTESIAN_POINT('Ctrl Pts',(47.6847253347477,0.,-21.2480729178138));
#12862=CARTESIAN_POINT('',(47.3491178060612,-2.,-22.0666258887001));
#12863=CARTESIAN_POINT('Ctrl Pts',(47.3491178060612,-2.,-22.0666258887001));
#12864=CARTESIAN_POINT('Ctrl Pts',(47.361995815745,-2.,-21.9092755302504));
#12865=CARTESIAN_POINT('Ctrl Pts',(47.3872665691791,-2.,-21.6005040501238));
#12866=CARTESIAN_POINT('Ctrl Pts',(47.5868499239773,-2.,-21.3640363582496));
#12867=CARTESIAN_POINT('Ctrl Pts',(47.6847253347477,-2.,-21.2480729178138));
#12868=CARTESIAN_POINT('',(47.3491178060612,0.,-22.0666258887001));
#12869=CARTESIAN_POINT('',(47.3491178060612,-2.,-22.0666258887001));
#12870=CARTESIAN_POINT('Ctrl Pts',(47.3491178060612,0.,-22.0666258887001));
#12871=CARTESIAN_POINT('Ctrl Pts',(47.361995815745,0.,-21.9092755302504));
#12872=CARTESIAN_POINT('Ctrl Pts',(47.3872665691791,0.,-21.6005040501238));
#12873=CARTESIAN_POINT('Ctrl Pts',(47.5868499239773,0.,-21.3640363582496));
#12874=CARTESIAN_POINT('Ctrl Pts',(47.6847253347477,0.,-21.2480729178138));
#12875=CARTESIAN_POINT('Ctrl Pts',(47.7461169267735,-2.,-22.9302006319709));
#12876=CARTESIAN_POINT('Ctrl Pts',(47.7461169267735,0.,-22.9302006319709));
#12877=CARTESIAN_POINT('Ctrl Pts',(47.6303289568238,-2.,-22.8109747103485));
#12878=CARTESIAN_POINT('Ctrl Pts',(47.6303289568238,0.,-22.8109747103485));
#12879=CARTESIAN_POINT('Ctrl Pts',(47.3964078340379,-2.,-22.5701080515479));
#12880=CARTESIAN_POINT('Ctrl Pts',(47.3964078340379,0.,-22.5701080515479));
#12881=CARTESIAN_POINT('Ctrl Pts',(47.364986155033,-2.,-22.2355712457445));
#12882=CARTESIAN_POINT('Ctrl Pts',(47.364986155033,0.,-22.2355712457445));
#12883=CARTESIAN_POINT('Ctrl Pts',(47.3491178060612,-2.,-22.0666258887001));
#12884=CARTESIAN_POINT('Ctrl Pts',(47.3491178060612,0.,-22.0666258887001));
#12885=CARTESIAN_POINT('Ctrl Pts',(47.7461169267735,-2.,-22.9302006319709));
#12886=CARTESIAN_POINT('Ctrl Pts',(47.6303289568238,-2.,-22.8109747103485));
#12887=CARTESIAN_POINT('Ctrl Pts',(47.3964078340379,-2.,-22.5701080515479));
#12888=CARTESIAN_POINT('Ctrl Pts',(47.364986155033,-2.,-22.2355712457445));
#12889=CARTESIAN_POINT('Ctrl Pts',(47.3491178060612,-2.,-22.0666258887001));
#12890=CARTESIAN_POINT('Ctrl Pts',(47.7461169267735,0.,-22.9302006319709));
#12891=CARTESIAN_POINT('Ctrl Pts',(47.6303289568238,0.,-22.8109747103485));
#12892=CARTESIAN_POINT('Ctrl Pts',(47.3964078340379,0.,-22.5701080515479));
#12893=CARTESIAN_POINT('Ctrl Pts',(47.364986155033,0.,-22.2355712457445));
#12894=CARTESIAN_POINT('Ctrl Pts',(47.3491178060612,0.,-22.0666258887001));
#12895=CARTESIAN_POINT('Origin',(47.0319274374014,0.,-19.0799278870769));
#12896=CARTESIAN_POINT('Ctrl Pts',(54.4725833440861,-2.,-22.5025063112922));
#12897=CARTESIAN_POINT('Ctrl Pts',(54.4725833440861,0.,-22.5025063112922));
#12898=CARTESIAN_POINT('Ctrl Pts',(54.4874743254599,-2.,-22.4654358297211));
#12899=CARTESIAN_POINT('Ctrl Pts',(54.4874743254599,0.,-22.4654358297211));
#12900=CARTESIAN_POINT('Ctrl Pts',(54.5201197632638,-2.,-22.3841663639885));
#12901=CARTESIAN_POINT('Ctrl Pts',(54.5201197632638,0.,-22.3841663639885));
#12902=CARTESIAN_POINT('Ctrl Pts',(54.5224659954352,-2.,-22.296456613028));
#12903=CARTESIAN_POINT('Ctrl Pts',(54.5224659954352,0.,-22.296456613028));
#12904=CARTESIAN_POINT('Ctrl Pts',(54.5237420106968,-2.,-22.2487550333687));
#12905=CARTESIAN_POINT('Ctrl Pts',(54.5237420106968,0.,-22.2487550333687));
#12906=CARTESIAN_POINT('',(54.4725833440861,-2.,-22.5025063112922));
#12907=CARTESIAN_POINT('',(54.5237420106968,-2.,-22.2487550333687));
#12908=CARTESIAN_POINT('Ctrl Pts',(54.4725833440861,-2.,-22.5025063112922));
#12909=CARTESIAN_POINT('Ctrl Pts',(54.4874743254599,-2.,-22.4654358297211));
#12910=CARTESIAN_POINT('Ctrl Pts',(54.5201197632638,-2.,-22.3841663639885));
#12911=CARTESIAN_POINT('Ctrl Pts',(54.5224659954352,-2.,-22.296456613028));
#12912=CARTESIAN_POINT('Ctrl Pts',(54.5237420106968,-2.,-22.2487550333687));
#12913=CARTESIAN_POINT('',(54.4725833440861,0.,-22.5025063112922));
#12914=CARTESIAN_POINT('',(54.4725833440861,-2.,-22.5025063112922));
#12915=CARTESIAN_POINT('',(54.5237420106968,0.,-22.2487550333687));
#12916=CARTESIAN_POINT('Ctrl Pts',(54.4725833440861,0.,-22.5025063112922));
#12917=CARTESIAN_POINT('Ctrl Pts',(54.4874743254599,0.,-22.4654358297211));
#12918=CARTESIAN_POINT('Ctrl Pts',(54.5201197632638,0.,-22.3841663639885));
#12919=CARTESIAN_POINT('Ctrl Pts',(54.5224659954352,0.,-22.296456613028));
#12920=CARTESIAN_POINT('Ctrl Pts',(54.5237420106968,0.,-22.2487550333687));
#12921=CARTESIAN_POINT('',(54.5237420106968,-2.,-22.2487550333687));
#12922=CARTESIAN_POINT('Ctrl Pts',(54.3027327562412,-2.,-22.6662176207252));
#12923=CARTESIAN_POINT('Ctrl Pts',(54.3027327562412,0.,-22.6662176207252));
#12924=CARTESIAN_POINT('Ctrl Pts',(54.3393526449541,-2.,-22.6437037155139));
#12925=CARTESIAN_POINT('Ctrl Pts',(54.3393526449541,0.,-22.6437037155139));
#12926=CARTESIAN_POINT('Ctrl Pts',(54.4080781794265,-2.,-22.6014512613668));
#12927=CARTESIAN_POINT('Ctrl Pts',(54.4080781794265,0.,-22.6014512613668));
#12928=CARTESIAN_POINT('Ctrl Pts',(54.4520442612205,-2.,-22.5340113627007));
#12929=CARTESIAN_POINT('Ctrl Pts',(54.4520442612205,0.,-22.5340113627007));
#12930=CARTESIAN_POINT('Ctrl Pts',(54.4725833440861,-2.,-22.5025063112922));
#12931=CARTESIAN_POINT('Ctrl Pts',(54.4725833440861,0.,-22.5025063112922));
#12932=CARTESIAN_POINT('',(54.3027327562412,-2.,-22.6662176207252));
#12933=CARTESIAN_POINT('Ctrl Pts',(54.3027327562412,-2.,-22.6662176207252));
#12934=CARTESIAN_POINT('Ctrl Pts',(54.3393526449541,-2.,-22.6437037155139));
#12935=CARTESIAN_POINT('Ctrl Pts',(54.4080781794265,-2.,-22.6014512613668));
#12936=CARTESIAN_POINT('Ctrl Pts',(54.4520442612205,-2.,-22.5340113627007));
#12937=CARTESIAN_POINT('Ctrl Pts',(54.4725833440861,-2.,-22.5025063112922));
#12938=CARTESIAN_POINT('',(54.3027327562412,0.,-22.6662176207252));
#12939=CARTESIAN_POINT('',(54.3027327562412,-2.,-22.6662176207252));
#12940=CARTESIAN_POINT('Ctrl Pts',(54.3027327562412,0.,-22.6662176207252));
#12941=CARTESIAN_POINT('Ctrl Pts',(54.3393526449541,0.,-22.6437037155139));
#12942=CARTESIAN_POINT('Ctrl Pts',(54.4080781794265,0.,-22.6014512613668));
#12943=CARTESIAN_POINT('Ctrl Pts',(54.4520442612205,0.,-22.5340113627007));
#12944=CARTESIAN_POINT('Ctrl Pts',(54.4725833440861,0.,-22.5025063112922));
#12945=CARTESIAN_POINT('Ctrl Pts',(54.0448878313145,-2.,-22.7337472990699));
#12946=CARTESIAN_POINT('Ctrl Pts',(54.0448878313145,0.,-22.7337472990699));
#12947=CARTESIAN_POINT('Ctrl Pts',(54.0903211260833,-2.,-22.7309897782304));
#12948=CARTESIAN_POINT('Ctrl Pts',(54.0903211260833,0.,-22.7309897782304));
#12949=CARTESIAN_POINT('Ctrl Pts',(54.1807394479657,-2.,-22.725501943634));
#12950=CARTESIAN_POINT('Ctrl Pts',(54.1807394479657,0.,-22.725501943634));
#12951=CARTESIAN_POINT('Ctrl Pts',(54.2622029442303,-2.,-22.6859136392745));
#12952=CARTESIAN_POINT('Ctrl Pts',(54.2622029442303,0.,-22.6859136392745));
#12953=CARTESIAN_POINT('Ctrl Pts',(54.3027327562412,-2.,-22.6662176207252));
#12954=CARTESIAN_POINT('Ctrl Pts',(54.3027327562412,0.,-22.6662176207252));
#12955=CARTESIAN_POINT('',(54.0448878313145,-2.,-22.7337472990699));
#12956=CARTESIAN_POINT('Ctrl Pts',(54.0448878313145,-2.,-22.7337472990699));
#12957=CARTESIAN_POINT('Ctrl Pts',(54.0903211260833,-2.,-22.7309897782304));
#12958=CARTESIAN_POINT('Ctrl Pts',(54.1807394479657,-2.,-22.725501943634));
#12959=CARTESIAN_POINT('Ctrl Pts',(54.2622029442303,-2.,-22.6859136392745));
#12960=CARTESIAN_POINT('Ctrl Pts',(54.3027327562412,-2.,-22.6662176207252));
#12961=CARTESIAN_POINT('',(54.0448878313145,0.,-22.7337472990699));
#12962=CARTESIAN_POINT('',(54.0448878313145,-2.,-22.7337472990699));
#12963=CARTESIAN_POINT('Ctrl Pts',(54.0448878313145,0.,-22.7337472990699));
#12964=CARTESIAN_POINT('Ctrl Pts',(54.0903211260833,0.,-22.7309897782304));
#12965=CARTESIAN_POINT('Ctrl Pts',(54.1807394479657,0.,-22.725501943634));
#12966=CARTESIAN_POINT('Ctrl Pts',(54.2622029442303,0.,-22.6859136392745));
#12967=CARTESIAN_POINT('Ctrl Pts',(54.3027327562412,0.,-22.6662176207252));
#12968=CARTESIAN_POINT('Ctrl Pts',(53.8422964120945,-2.,-22.6723557070442));
#12969=CARTESIAN_POINT('Ctrl Pts',(53.8422964120945,0.,-22.6723557070442));
#12970=CARTESIAN_POINT('Ctrl Pts',(53.8699637029441,-2.,-22.6902172118066));
#12971=CARTESIAN_POINT('Ctrl Pts',(53.8699637029441,0.,-22.6902172118066));
#12972=CARTESIAN_POINT('Ctrl Pts',(53.9313140080647,-2.,-22.7298238640461));
#12973=CARTESIAN_POINT('Ctrl Pts',(53.9313140080647,0.,-22.7298238640461));
#12974=CARTESIAN_POINT('Ctrl Pts',(54.004633437026,-2.,-22.7323567013433));
#12975=CARTESIAN_POINT('Ctrl Pts',(54.004633437026,0.,-22.7323567013433));
#12976=CARTESIAN_POINT('Ctrl Pts',(54.0448878313145,-2.,-22.7337472990699));
#12977=CARTESIAN_POINT('Ctrl Pts',(54.0448878313145,0.,-22.7337472990699));
#12978=CARTESIAN_POINT('',(53.8422964120945,-2.,-22.6723557070442));
#12979=CARTESIAN_POINT('Ctrl Pts',(53.8422964120945,-2.,-22.6723557070442));
#12980=CARTESIAN_POINT('Ctrl Pts',(53.8699637029441,-2.,-22.6902172118066));
#12981=CARTESIAN_POINT('Ctrl Pts',(53.9313140080647,-2.,-22.7298238640461));
#12982=CARTESIAN_POINT('Ctrl Pts',(54.004633437026,-2.,-22.7323567013433));
#12983=CARTESIAN_POINT('Ctrl Pts',(54.0448878313145,-2.,-22.7337472990699));
#12984=CARTESIAN_POINT('',(53.8422964120945,0.,-22.6723557070442));
#12985=CARTESIAN_POINT('',(53.8422964120945,-2.,-22.6723557070442));
#12986=CARTESIAN_POINT('Ctrl Pts',(53.8422964120945,0.,-22.6723557070442));
#12987=CARTESIAN_POINT('Ctrl Pts',(53.8699637029441,0.,-22.6902172118066));
#12988=CARTESIAN_POINT('Ctrl Pts',(53.9313140080647,0.,-22.7298238640461));
#12989=CARTESIAN_POINT('Ctrl Pts',(54.004633437026,0.,-22.7323567013433));
#12990=CARTESIAN_POINT('Ctrl Pts',(54.0448878313145,0.,-22.7337472990699));
#12991=CARTESIAN_POINT('Ctrl Pts',(53.7747655416569,-2.,-22.5106912211128));
#12992=CARTESIAN_POINT('Ctrl Pts',(53.7747655416569,0.,-22.5106912211128));
#12993=CARTESIAN_POINT('Ctrl Pts',(53.7773886860851,-2.,-22.5418022644034));
#12994=CARTESIAN_POINT('Ctrl Pts',(53.7773886860851,0.,-22.5418022644034));
#12995=CARTESIAN_POINT('Ctrl Pts',(53.7825495112743,-2.,-22.603010733959));
#12996=CARTESIAN_POINT('Ctrl Pts',(53.7825495112743,0.,-22.603010733959));
#12997=CARTESIAN_POINT('Ctrl Pts',(53.8226018685402,-2.,-22.6494973231959));
#12998=CARTESIAN_POINT('Ctrl Pts',(53.8226018685402,0.,-22.6494973231959));
#12999=CARTESIAN_POINT('Ctrl Pts',(53.8422964120945,-2.,-22.6723557070442));
#13000=CARTESIAN_POINT('Ctrl Pts',(53.8422964120945,0.,-22.6723557070442));
#13001=CARTESIAN_POINT('',(53.7747655416569,-2.,-22.5106912211128));
#13002=CARTESIAN_POINT('Ctrl Pts',(53.7747655416569,-2.,-22.5106912211128));
#13003=CARTESIAN_POINT('Ctrl Pts',(53.7773886860851,-2.,-22.5418022644034));
#13004=CARTESIAN_POINT('Ctrl Pts',(53.7825495112743,-2.,-22.603010733959));
#13005=CARTESIAN_POINT('Ctrl Pts',(53.8226018685402,-2.,-22.6494973231959));
#13006=CARTESIAN_POINT('Ctrl Pts',(53.8422964120945,-2.,-22.6723557070442));
#13007=CARTESIAN_POINT('',(53.7747655416569,0.,-22.5106912211128));
#13008=CARTESIAN_POINT('',(53.7747655416569,-2.,-22.5106912211128));
#13009=CARTESIAN_POINT('Ctrl Pts',(53.7747655416569,0.,-22.5106912211128));
#13010=CARTESIAN_POINT('Ctrl Pts',(53.7773886860851,0.,-22.5418022644034));
#13011=CARTESIAN_POINT('Ctrl Pts',(53.7825495112743,0.,-22.603010733959));
#13012=CARTESIAN_POINT('Ctrl Pts',(53.8226018685402,0.,-22.6494973231959));
#13013=CARTESIAN_POINT('Ctrl Pts',(53.8422964120945,0.,-22.6723557070442));
#13014=CARTESIAN_POINT('Ctrl Pts',(53.8443420435032,-2.,-22.3572128370948));
#13015=CARTESIAN_POINT('Ctrl Pts',(53.8443420435032,0.,-22.3572128370948));
#13016=CARTESIAN_POINT('Ctrl Pts',(53.8240556657988,-2.,-22.3799715283155));
#13017=CARTESIAN_POINT('Ctrl Pts',(53.8240556657988,0.,-22.3799715283155));
#13018=CARTESIAN_POINT('Ctrl Pts',(53.7848154449513,-2.,-22.4239939793767));
#13019=CARTESIAN_POINT('Ctrl Pts',(53.7848154449513,0.,-22.4239939793767));
#13020=CARTESIAN_POINT('Ctrl Pts',(53.7780388014635,-2.,-22.4824538750998));
#13021=CARTESIAN_POINT('Ctrl Pts',(53.7780388014635,0.,-22.4824538750998));
#13022=CARTESIAN_POINT('Ctrl Pts',(53.7747655416569,-2.,-22.5106912211128));
#13023=CARTESIAN_POINT('Ctrl Pts',(53.7747655416569,0.,-22.5106912211128));
#13024=CARTESIAN_POINT('',(53.8443420435032,-2.,-22.3572128370948));
#13025=CARTESIAN_POINT('Ctrl Pts',(53.8443420435032,-2.,-22.3572128370948));
#13026=CARTESIAN_POINT('Ctrl Pts',(53.8240556657988,-2.,-22.3799715283155));
#13027=CARTESIAN_POINT('Ctrl Pts',(53.7848154449513,-2.,-22.4239939793767));
#13028=CARTESIAN_POINT('Ctrl Pts',(53.7780388014635,-2.,-22.4824538750998));
#13029=CARTESIAN_POINT('Ctrl Pts',(53.7747655416569,-2.,-22.5106912211128));
#13030=CARTESIAN_POINT('',(53.8443420435032,0.,-22.3572128370948));
#13031=CARTESIAN_POINT('',(53.8443420435032,-2.,-22.3572128370948));
#13032=CARTESIAN_POINT('Ctrl Pts',(53.8443420435032,0.,-22.3572128370948));
#13033=CARTESIAN_POINT('Ctrl Pts',(53.8240556657988,0.,-22.3799715283155));
#13034=CARTESIAN_POINT('Ctrl Pts',(53.7848154449513,0.,-22.4239939793767));
#13035=CARTESIAN_POINT('Ctrl Pts',(53.7780388014635,0.,-22.4824538750998));
#13036=CARTESIAN_POINT('Ctrl Pts',(53.7747655416569,0.,-22.5106912211128));
#13037=CARTESIAN_POINT('Ctrl Pts',(54.1656253839573,-2.,-22.2241979197212));
#13038=CARTESIAN_POINT('Ctrl Pts',(54.1656253839573,0.,-22.2241979197212));
#13039=CARTESIAN_POINT('Ctrl Pts',(54.0946180587754,-2.,-22.2421739885353));
#13040=CARTESIAN_POINT('Ctrl Pts',(54.0946180587754,0.,-22.2421739885353));
#13041=CARTESIAN_POINT('Ctrl Pts',(53.9806347931234,-2.,-22.2710297582995));
#13042=CARTESIAN_POINT('Ctrl Pts',(53.9806347931234,0.,-22.2710297582995));
#13043=CARTESIAN_POINT('Ctrl Pts',(53.8816594410545,-2.,-22.3336156301813));
#13044=CARTESIAN_POINT('Ctrl Pts',(53.8816594410545,0.,-22.3336156301813));
#13045=CARTESIAN_POINT('Ctrl Pts',(53.8443420435032,-2.,-22.3572128370948));
#13046=CARTESIAN_POINT('Ctrl Pts',(53.8443420435032,0.,-22.3572128370948));
#13047=CARTESIAN_POINT('',(54.1656253839573,-2.,-22.2241979197212));
#13048=CARTESIAN_POINT('Ctrl Pts',(54.1656253839573,-2.,-22.2241979197212));
#13049=CARTESIAN_POINT('Ctrl Pts',(54.0946180587754,-2.,-22.2421739885353));
#13050=CARTESIAN_POINT('Ctrl Pts',(53.9806347931234,-2.,-22.2710297582995));
#13051=CARTESIAN_POINT('Ctrl Pts',(53.8816594410545,-2.,-22.3336156301813));
#13052=CARTESIAN_POINT('Ctrl Pts',(53.8443420435032,-2.,-22.3572128370948));
#13053=CARTESIAN_POINT('',(54.1656253839573,0.,-22.2241979197212));
#13054=CARTESIAN_POINT('',(54.1656253839573,-2.,-22.2241979197212));
#13055=CARTESIAN_POINT('Ctrl Pts',(54.1656253839573,0.,-22.2241979197212));
#13056=CARTESIAN_POINT('Ctrl Pts',(54.0946180587754,0.,-22.2421739885353));
#13057=CARTESIAN_POINT('Ctrl Pts',(53.9806347931234,0.,-22.2710297582995));
#13058=CARTESIAN_POINT('Ctrl Pts',(53.8816594410545,0.,-22.3336156301813));
#13059=CARTESIAN_POINT('Ctrl Pts',(53.8443420435032,0.,-22.3572128370948));
#13060=CARTESIAN_POINT('Ctrl Pts',(54.5237420106968,-2.,-22.115740115995));
#13061=CARTESIAN_POINT('Ctrl Pts',(54.5237420106968,0.,-22.115740115995));
#13062=CARTESIAN_POINT('Ctrl Pts',(54.4654596389936,-2.,-22.1357040154235));
#13063=CARTESIAN_POINT('Ctrl Pts',(54.4654596389936,0.,-22.1357040154235));
#13064=CARTESIAN_POINT('Ctrl Pts',(54.3473884738894,-2.,-22.1761478202424));
#13065=CARTESIAN_POINT('Ctrl Pts',(54.3473884738894,0.,-22.1761478202424));
#13066=CARTESIAN_POINT('Ctrl Pts',(54.2267262406268,-2.,-22.2080455631437));
#13067=CARTESIAN_POINT('Ctrl Pts',(54.2267262406268,0.,-22.2080455631437));
#13068=CARTESIAN_POINT('Ctrl Pts',(54.1656253839573,-2.,-22.2241979197212));
#13069=CARTESIAN_POINT('Ctrl Pts',(54.1656253839573,0.,-22.2241979197212));
#13070=CARTESIAN_POINT('',(54.5237420106968,-2.,-22.115740115995));
#13071=CARTESIAN_POINT('Ctrl Pts',(54.5237420106968,-2.,-22.115740115995));
#13072=CARTESIAN_POINT('Ctrl Pts',(54.4654596389936,-2.,-22.1357040154235));
#13073=CARTESIAN_POINT('Ctrl Pts',(54.3473884738894,-2.,-22.1761478202424));
#13074=CARTESIAN_POINT('Ctrl Pts',(54.2267262406268,-2.,-22.2080455631437));
#13075=CARTESIAN_POINT('Ctrl Pts',(54.1656253839573,-2.,-22.2241979197212));
#13076=CARTESIAN_POINT('',(54.5237420106968,0.,-22.115740115995));
#13077=CARTESIAN_POINT('',(54.5237420106968,-2.,-22.115740115995));
#13078=CARTESIAN_POINT('Ctrl Pts',(54.5237420106968,0.,-22.115740115995));
#13079=CARTESIAN_POINT('Ctrl Pts',(54.4654596389936,0.,-22.1357040154235));
#13080=CARTESIAN_POINT('Ctrl Pts',(54.3473884738894,0.,-22.1761478202424));
#13081=CARTESIAN_POINT('Ctrl Pts',(54.2267262406268,0.,-22.2080455631437));
#13082=CARTESIAN_POINT('Ctrl Pts',(54.1656253839573,0.,-22.2241979197212));
#13083=CARTESIAN_POINT('Origin',(54.5237420106968,-2.,-22.2487550333687));
#13084=CARTESIAN_POINT('',(54.5237420106968,-2.,-14.4991665645652));
#13085=CARTESIAN_POINT('',(54.5237420106968,0.,-22.2487550333687));
#13086=CARTESIAN_POINT('Ctrl Pts',(54.2372487093052,-2.,-21.4199691370674));
#13087=CARTESIAN_POINT('Ctrl Pts',(54.2372487093052,0.,-21.4199691370674));
#13088=CARTESIAN_POINT('Ctrl Pts',(54.1765028787295,-2.,-21.4208777342127));
#13089=CARTESIAN_POINT('Ctrl Pts',(54.1765028787295,0.,-21.4208777342127));
#13090=CARTESIAN_POINT('Ctrl Pts',(54.0694708786313,-2.,-21.4224786501739));
#13091=CARTESIAN_POINT('Ctrl Pts',(54.0694708786313,0.,-21.4224786501739));
#13092=CARTESIAN_POINT('Ctrl Pts',(53.9723086983996,-2.,-21.4664414128895));
#13093=CARTESIAN_POINT('Ctrl Pts',(53.9723086983996,0.,-21.4664414128895));
#13094=CARTESIAN_POINT('Ctrl Pts',(53.9302907491764,-2.,-21.4854531840034));
#13095=CARTESIAN_POINT('Ctrl Pts',(53.9302907491764,0.,-21.4854531840034));
#13096=CARTESIAN_POINT('',(54.2372487093052,-2.,-21.4199691370674));
#13097=CARTESIAN_POINT('',(53.9302907491764,-2.,-21.4854531840034));
#13098=CARTESIAN_POINT('Ctrl Pts',(54.2372487093052,-2.,-21.4199691370674));
#13099=CARTESIAN_POINT('Ctrl Pts',(54.1765028787295,-2.,-21.4208777342127));
#13100=CARTESIAN_POINT('Ctrl Pts',(54.0694708786313,-2.,-21.4224786501739));
#13101=CARTESIAN_POINT('Ctrl Pts',(53.9723086983996,-2.,-21.4664414128895));
#13102=CARTESIAN_POINT('Ctrl Pts',(53.9302907491764,-2.,-21.4854531840034));
#13103=CARTESIAN_POINT('',(54.2372487093052,0.,-21.4199691370674));
#13104=CARTESIAN_POINT('',(54.2372487093052,-2.,-21.4199691370674));
#13105=CARTESIAN_POINT('',(53.9302907491764,0.,-21.4854531840034));
#13106=CARTESIAN_POINT('Ctrl Pts',(54.2372487093052,0.,-21.4199691370674));
#13107=CARTESIAN_POINT('Ctrl Pts',(54.1765028787295,0.,-21.4208777342127));
#13108=CARTESIAN_POINT('Ctrl Pts',(54.0694708786313,0.,-21.4224786501739));
#13109=CARTESIAN_POINT('Ctrl Pts',(53.9723086983996,0.,-21.4664414128895));
#13110=CARTESIAN_POINT('Ctrl Pts',(53.9302907491764,0.,-21.4854531840034));
#13111=CARTESIAN_POINT('',(53.9302907491764,-2.,-21.4854531840034));
#13112=CARTESIAN_POINT('Ctrl Pts',(54.4603047872624,-2.,-21.4813607290931));
#13113=CARTESIAN_POINT('Ctrl Pts',(54.4603047872624,0.,-21.4813607290931));
#13114=CARTESIAN_POINT('Ctrl Pts',(54.4318965271103,-2.,-21.4635675055139));
#13115=CARTESIAN_POINT('Ctrl Pts',(54.4318965271103,0.,-21.4635675055139));
#13116=CARTESIAN_POINT('Ctrl Pts',(54.3642812297236,-2.,-21.4212173546305));
#13117=CARTESIAN_POINT('Ctrl Pts',(54.3642812297236,0.,-21.4212173546305));
#13118=CARTESIAN_POINT('Ctrl Pts',(54.2838734977982,-2.,-21.4204272707774));
#13119=CARTESIAN_POINT('Ctrl Pts',(54.2838734977982,0.,-21.4204272707774));
#13120=CARTESIAN_POINT('Ctrl Pts',(54.2372487093052,-2.,-21.4199691370674));
#13121=CARTESIAN_POINT('Ctrl Pts',(54.2372487093052,0.,-21.4199691370674));
#13122=CARTESIAN_POINT('',(54.4603047872624,-2.,-21.4813607290931));
#13123=CARTESIAN_POINT('Ctrl Pts',(54.4603047872624,-2.,-21.4813607290931));
#13124=CARTESIAN_POINT('Ctrl Pts',(54.4318965271103,-2.,-21.4635675055139));
#13125=CARTESIAN_POINT('Ctrl Pts',(54.3642812297236,-2.,-21.4212173546305));
#13126=CARTESIAN_POINT('Ctrl Pts',(54.2838734977982,-2.,-21.4204272707774));
#13127=CARTESIAN_POINT('Ctrl Pts',(54.2372487093052,-2.,-21.4199691370674));
#13128=CARTESIAN_POINT('',(54.4603047872624,0.,-21.4813607290931));
#13129=CARTESIAN_POINT('',(54.4603047872624,-2.,-21.4813607290931));
#13130=CARTESIAN_POINT('Ctrl Pts',(54.4603047872624,0.,-21.4813607290931));
#13131=CARTESIAN_POINT('Ctrl Pts',(54.4318965271103,0.,-21.4635675055139));
#13132=CARTESIAN_POINT('Ctrl Pts',(54.3642812297236,0.,-21.4212173546305));
#13133=CARTESIAN_POINT('Ctrl Pts',(54.2838734977982,0.,-21.4204272707774));
#13134=CARTESIAN_POINT('Ctrl Pts',(54.2372487093052,0.,-21.4199691370674));
#13135=CARTESIAN_POINT('Ctrl Pts',(54.5237420106968,-2.,-21.6962307051368));
#13136=CARTESIAN_POINT('Ctrl Pts',(54.5237420106968,0.,-21.6962307051368));
#13137=CARTESIAN_POINT('Ctrl Pts',(54.5231244003749,-2.,-21.6512124577832));
#13138=CARTESIAN_POINT('Ctrl Pts',(54.5231244003749,0.,-21.6512124577832));
#13139=CARTESIAN_POINT('Ctrl Pts',(54.52205141533,-2.,-21.5730014816316));
#13140=CARTESIAN_POINT('Ctrl Pts',(54.52205141533,0.,-21.5730014816316));
#13141=CARTESIAN_POINT('Ctrl Pts',(54.4787021922729,-2.,-21.5086650871235));
#13142=CARTESIAN_POINT('Ctrl Pts',(54.4787021922729,0.,-21.5086650871235));
#13143=CARTESIAN_POINT('Ctrl Pts',(54.4603047872624,-2.,-21.4813607290931));
#13144=CARTESIAN_POINT('Ctrl Pts',(54.4603047872624,0.,-21.4813607290931));
#13145=CARTESIAN_POINT('',(54.5237420106968,-2.,-21.6962307051368));
#13146=CARTESIAN_POINT('Ctrl Pts',(54.5237420106968,-2.,-21.6962307051368));
#13147=CARTESIAN_POINT('Ctrl Pts',(54.5231244003749,-2.,-21.6512124577832));
#13148=CARTESIAN_POINT('Ctrl Pts',(54.52205141533,-2.,-21.5730014816316));
#13149=CARTESIAN_POINT('Ctrl Pts',(54.4787021922729,-2.,-21.5086650871235));
#13150=CARTESIAN_POINT('Ctrl Pts',(54.4603047872624,-2.,-21.4813607290931));
#13151=CARTESIAN_POINT('',(54.5237420106968,0.,-21.6962307051368));
#13152=CARTESIAN_POINT('',(54.5237420106968,-2.,-21.6962307051368));
#13153=CARTESIAN_POINT('Ctrl Pts',(54.5237420106968,0.,-21.6962307051368));
#13154=CARTESIAN_POINT('Ctrl Pts',(54.5231244003749,0.,-21.6512124577832));
#13155=CARTESIAN_POINT('Ctrl Pts',(54.52205141533,0.,-21.5730014816316));
#13156=CARTESIAN_POINT('Ctrl Pts',(54.4787021922729,0.,-21.5086650871235));
#13157=CARTESIAN_POINT('Ctrl Pts',(54.4603047872624,0.,-21.4813607290931));
#13158=CARTESIAN_POINT('Ctrl Pts',(54.2290626073918,-2.,-21.7965035990425));
#13159=CARTESIAN_POINT('Ctrl Pts',(54.2290626073918,0.,-21.7965035990425));
#13160=CARTESIAN_POINT('Ctrl Pts',(54.2770110004905,-2.,-21.7822553376262));
#13161=CARTESIAN_POINT('Ctrl Pts',(54.2770110004905,0.,-21.7822553376262));
#13162=CARTESIAN_POINT('Ctrl Pts',(54.376542690467,-2.,-21.7526786730846));
#13163=CARTESIAN_POINT('Ctrl Pts',(54.376542690467,0.,-21.7526786730846));
#13164=CARTESIAN_POINT('Ctrl Pts',(54.473495331703,-2.,-21.7154992922532));
#13165=CARTESIAN_POINT('Ctrl Pts',(54.473495331703,0.,-21.7154992922532));
#13166=CARTESIAN_POINT('Ctrl Pts',(54.5237420106968,-2.,-21.6962307051368));
#13167=CARTESIAN_POINT('Ctrl Pts',(54.5237420106968,0.,-21.6962307051368));
#13168=CARTESIAN_POINT('',(54.2290626073918,-2.,-21.7965035990425));
#13169=CARTESIAN_POINT('Ctrl Pts',(54.2290626073918,-2.,-21.7965035990425));
#13170=CARTESIAN_POINT('Ctrl Pts',(54.2770110004905,-2.,-21.7822553376262));
#13171=CARTESIAN_POINT('Ctrl Pts',(54.376542690467,-2.,-21.7526786730846));
#13172=CARTESIAN_POINT('Ctrl Pts',(54.473495331703,-2.,-21.7154992922532));
#13173=CARTESIAN_POINT('Ctrl Pts',(54.5237420106968,-2.,-21.6962307051368));
#13174=CARTESIAN_POINT('',(54.2290626073918,0.,-21.7965035990425));
#13175=CARTESIAN_POINT('',(54.2290626073918,-2.,-21.7965035990425));
#13176=CARTESIAN_POINT('Ctrl Pts',(54.2290626073918,0.,-21.7965035990425));
#13177=CARTESIAN_POINT('Ctrl Pts',(54.2770110004905,0.,-21.7822553376262));
#13178=CARTESIAN_POINT('Ctrl Pts',(54.376542690467,0.,-21.7526786730846));
#13179=CARTESIAN_POINT('Ctrl Pts',(54.473495331703,0.,-21.7154992922532));
#13180=CARTESIAN_POINT('Ctrl Pts',(54.5237420106968,0.,-21.6962307051368));
#13181=CARTESIAN_POINT('Ctrl Pts',(53.6212871576389,-2.,-21.9274716929146));
#13182=CARTESIAN_POINT('Ctrl Pts',(53.6212871576389,0.,-21.9274716929146));
#13183=CARTESIAN_POINT('Ctrl Pts',(53.7502455525562,-2.,-21.9018139066996));
#13184=CARTESIAN_POINT('Ctrl Pts',(53.7502455525562,0.,-21.9018139066996));
#13185=CARTESIAN_POINT('Ctrl Pts',(53.953539208852,-2.,-21.8613662477826));
#13186=CARTESIAN_POINT('Ctrl Pts',(53.953539208852,0.,-21.8613662477826));
#13187=CARTESIAN_POINT('Ctrl Pts',(54.1552910996615,-2.,-21.8138706009679));
#13188=CARTESIAN_POINT('Ctrl Pts',(54.1552910996615,0.,-21.8138706009679));
#13189=CARTESIAN_POINT('Ctrl Pts',(54.2290626073918,-2.,-21.7965035990425));
#13190=CARTESIAN_POINT('Ctrl Pts',(54.2290626073918,0.,-21.7965035990425));
#13191=CARTESIAN_POINT('',(53.6212871576389,-2.,-21.9274716929146));
#13192=CARTESIAN_POINT('Ctrl Pts',(53.6212871576389,-2.,-21.9274716929146));
#13193=CARTESIAN_POINT('Ctrl Pts',(53.7502455525562,-2.,-21.9018139066996));
#13194=CARTESIAN_POINT('Ctrl Pts',(53.953539208852,-2.,-21.8613662477826));
#13195=CARTESIAN_POINT('Ctrl Pts',(54.1552910996615,-2.,-21.8138706009679));
#13196=CARTESIAN_POINT('Ctrl Pts',(54.2290626073918,-2.,-21.7965035990425));
#13197=CARTESIAN_POINT('',(53.6212871576389,0.,-21.9274716929146));
#13198=CARTESIAN_POINT('',(53.6212871576389,-2.,-21.9274716929146));
#13199=CARTESIAN_POINT('Ctrl Pts',(53.6212871576389,0.,-21.9274716929146));
#13200=CARTESIAN_POINT('Ctrl Pts',(53.7502455525562,0.,-21.9018139066996));
#13201=CARTESIAN_POINT('Ctrl Pts',(53.953539208852,0.,-21.8613662477826));
#13202=CARTESIAN_POINT('Ctrl Pts',(54.1552910996615,0.,-21.8138706009679));
#13203=CARTESIAN_POINT('Ctrl Pts',(54.2290626073918,0.,-21.7965035990425));
#13204=CARTESIAN_POINT('Ctrl Pts',(53.0851338411411,-2.,-22.164853151197));
#13205=CARTESIAN_POINT('Ctrl Pts',(53.0851338411411,0.,-22.164853151197));
#13206=CARTESIAN_POINT('Ctrl Pts',(53.1517812420402,-2.,-22.1137080335863));
#13207=CARTESIAN_POINT('Ctrl Pts',(53.1517812420402,0.,-22.1137080335863));
#13208=CARTESIAN_POINT('Ctrl Pts',(53.3103891965969,-2.,-21.9919925220979));
#13209=CARTESIAN_POINT('Ctrl Pts',(53.3103891965969,0.,-21.9919925220979));
#13210=CARTESIAN_POINT('Ctrl Pts',(53.5071852346471,-2.,-21.9511513293399));
#13211=CARTESIAN_POINT('Ctrl Pts',(53.5071852346471,0.,-21.9511513293399));
#13212=CARTESIAN_POINT('Ctrl Pts',(53.6212871576389,-2.,-21.9274716929146));
#13213=CARTESIAN_POINT('Ctrl Pts',(53.6212871576389,0.,-21.9274716929146));
#13214=CARTESIAN_POINT('',(53.0851338411411,-2.,-22.164853151197));
#13215=CARTESIAN_POINT('Ctrl Pts',(53.0851338411411,-2.,-22.164853151197));
#13216=CARTESIAN_POINT('Ctrl Pts',(53.1517812420402,-2.,-22.1137080335863));
#13217=CARTESIAN_POINT('Ctrl Pts',(53.3103891965969,-2.,-21.9919925220979));
#13218=CARTESIAN_POINT('Ctrl Pts',(53.5071852346471,-2.,-21.9511513293399));
#13219=CARTESIAN_POINT('Ctrl Pts',(53.6212871576389,-2.,-21.9274716929146));
#13220=CARTESIAN_POINT('',(53.0851338411411,0.,-22.164853151197));
#13221=CARTESIAN_POINT('',(53.0851338411411,-2.,-22.164853151197));
#13222=CARTESIAN_POINT('Ctrl Pts',(53.0851338411411,0.,-22.164853151197));
#13223=CARTESIAN_POINT('Ctrl Pts',(53.1517812420402,0.,-22.1137080335863));
#13224=CARTESIAN_POINT('Ctrl Pts',(53.3103891965969,0.,-21.9919925220979));
#13225=CARTESIAN_POINT('Ctrl Pts',(53.5071852346471,0.,-21.9511513293399));
#13226=CARTESIAN_POINT('Ctrl Pts',(53.6212871576389,0.,-21.9274716929146));
#13227=CARTESIAN_POINT('Ctrl Pts',(52.9398403669438,-2.,-22.5720828131386));
#13228=CARTESIAN_POINT('Ctrl Pts',(52.9398403669438,0.,-22.5720828131386));
#13229=CARTESIAN_POINT('Ctrl Pts',(52.9449202219078,-2.,-22.4943128862589));
#13230=CARTESIAN_POINT('Ctrl Pts',(52.9449202219078,0.,-22.4943128862589));
#13231=CARTESIAN_POINT('Ctrl Pts',(52.9547082840684,-2.,-22.3444627657494));
#13232=CARTESIAN_POINT('Ctrl Pts',(52.9547082840684,0.,-22.3444627657494));
#13233=CARTESIAN_POINT('Ctrl Pts',(53.0427732495089,-2.,-22.2231881102806));
#13234=CARTESIAN_POINT('Ctrl Pts',(53.0427732495089,0.,-22.2231881102806));
#13235=CARTESIAN_POINT('Ctrl Pts',(53.0851338411411,-2.,-22.164853151197));
#13236=CARTESIAN_POINT('Ctrl Pts',(53.0851338411411,0.,-22.164853151197));
#13237=CARTESIAN_POINT('',(52.9398403669438,-2.,-22.5720828131386));
#13238=CARTESIAN_POINT('Ctrl Pts',(52.9398403669438,-2.,-22.5720828131386));
#13239=CARTESIAN_POINT('Ctrl Pts',(52.9449202219078,-2.,-22.4943128862589));
#13240=CARTESIAN_POINT('Ctrl Pts',(52.9547082840684,-2.,-22.3444627657494));
#13241=CARTESIAN_POINT('Ctrl Pts',(53.0427732495089,-2.,-22.2231881102806));
#13242=CARTESIAN_POINT('Ctrl Pts',(53.0851338411411,-2.,-22.164853151197));
#13243=CARTESIAN_POINT('',(52.9398403669438,0.,-22.5720828131386));
#13244=CARTESIAN_POINT('',(52.9398403669438,-2.,-22.5720828131386));
#13245=CARTESIAN_POINT('Ctrl Pts',(52.9398403669438,0.,-22.5720828131386));
#13246=CARTESIAN_POINT('Ctrl Pts',(52.9449202219078,0.,-22.4943128862589));
#13247=CARTESIAN_POINT('Ctrl Pts',(52.9547082840684,0.,-22.3444627657494));
#13248=CARTESIAN_POINT('Ctrl Pts',(53.0427732495089,0.,-22.2231881102806));
#13249=CARTESIAN_POINT('Ctrl Pts',(53.0851338411411,0.,-22.164853151197));
#13250=CARTESIAN_POINT('Ctrl Pts',(53.140386154755,-2.,-23.0161493376442));
#13251=CARTESIAN_POINT('Ctrl Pts',(53.140386154755,0.,-23.0161493376442));
#13252=CARTESIAN_POINT('Ctrl Pts',(53.0818945258913,-2.,-22.952889946724));
#13253=CARTESIAN_POINT('Ctrl Pts',(53.0818945258913,0.,-22.952889946724));
#13254=CARTESIAN_POINT('Ctrl Pts',(52.9656021507021,-2.,-22.8271183625495));
#13255=CARTESIAN_POINT('Ctrl Pts',(52.9656021507021,0.,-22.8271183625495));
#13256=CARTESIAN_POINT('Ctrl Pts',(52.9483935499469,-2.,-22.6567572963533));
#13257=CARTESIAN_POINT('Ctrl Pts',(52.9483935499469,0.,-22.6567572963533));
#13258=CARTESIAN_POINT('Ctrl Pts',(52.9398403669438,-2.,-22.5720828131386));
#13259=CARTESIAN_POINT('Ctrl Pts',(52.9398403669438,0.,-22.5720828131386));
#13260=CARTESIAN_POINT('',(53.140386154755,-2.,-23.0161493376442));
#13261=CARTESIAN_POINT('Ctrl Pts',(53.140386154755,-2.,-23.0161493376442));
#13262=CARTESIAN_POINT('Ctrl Pts',(53.0818945258913,-2.,-22.952889946724));
#13263=CARTESIAN_POINT('Ctrl Pts',(52.9656021507021,-2.,-22.8271183625495));
#13264=CARTESIAN_POINT('Ctrl Pts',(52.9483935499469,-2.,-22.6567572963533));
#13265=CARTESIAN_POINT('Ctrl Pts',(52.9398403669438,-2.,-22.5720828131386));
#13266=CARTESIAN_POINT('',(53.140386154755,0.,-23.0161493376442));
#13267=CARTESIAN_POINT('',(53.140386154755,-2.,-23.0161493376442));
#13268=CARTESIAN_POINT('Ctrl Pts',(53.140386154755,0.,-23.0161493376442));
#13269=CARTESIAN_POINT('Ctrl Pts',(53.0818945258913,0.,-22.952889946724));
#13270=CARTESIAN_POINT('Ctrl Pts',(52.9656021507021,0.,-22.8271183625495));
#13271=CARTESIAN_POINT('Ctrl Pts',(52.9483935499469,0.,-22.6567572963533));
#13272=CARTESIAN_POINT('Ctrl Pts',(52.9398403669438,0.,-22.5720828131386));
#13273=CARTESIAN_POINT('Ctrl Pts',(53.7317917848667,-2.,-23.1962304667183));
#13274=CARTESIAN_POINT('Ctrl Pts',(53.7317917848667,0.,-23.1962304667183));
#13275=CARTESIAN_POINT('Ctrl Pts',(53.6141567099175,-2.,-23.1921611995643));
#13276=CARTESIAN_POINT('Ctrl Pts',(53.6141567099175,0.,-23.1921611995643));
#13277=CARTESIAN_POINT('Ctrl Pts',(53.3999478231827,-2.,-23.1847512226739));
#13278=CARTESIAN_POINT('Ctrl Pts',(53.3999478231827,0.,-23.1847512226739));
#13279=CARTESIAN_POINT('Ctrl Pts',(53.2210433465255,-2.,-23.0685413362627));
#13280=CARTESIAN_POINT('Ctrl Pts',(53.2210433465255,0.,-23.0685413362627));
#13281=CARTESIAN_POINT('Ctrl Pts',(53.140386154755,-2.,-23.0161493376442));
#13282=CARTESIAN_POINT('Ctrl Pts',(53.140386154755,0.,-23.0161493376442));
#13283=CARTESIAN_POINT('',(53.7317917848667,-2.,-23.1962304667183));
#13284=CARTESIAN_POINT('Ctrl Pts',(53.7317917848667,-2.,-23.1962304667183));
#13285=CARTESIAN_POINT('Ctrl Pts',(53.6141567099175,-2.,-23.1921611995643));
#13286=CARTESIAN_POINT('Ctrl Pts',(53.3999478231827,-2.,-23.1847512226739));
#13287=CARTESIAN_POINT('Ctrl Pts',(53.2210433465255,-2.,-23.0685413362627));
#13288=CARTESIAN_POINT('Ctrl Pts',(53.140386154755,-2.,-23.0161493376442));
#13289=CARTESIAN_POINT('',(53.7317917848667,0.,-23.1962304667183));
#13290=CARTESIAN_POINT('',(53.7317917848667,-2.,-23.1962304667183));
#13291=CARTESIAN_POINT('Ctrl Pts',(53.7317917848667,0.,-23.1962304667183));
#13292=CARTESIAN_POINT('Ctrl Pts',(53.6141567099175,0.,-23.1921611995643));
#13293=CARTESIAN_POINT('Ctrl Pts',(53.3999478231827,0.,-23.1847512226739));
#13294=CARTESIAN_POINT('Ctrl Pts',(53.2210433465255,0.,-23.0685413362627));
#13295=CARTESIAN_POINT('Ctrl Pts',(53.140386154755,0.,-23.0161493376442));
#13296=CARTESIAN_POINT('Ctrl Pts',(54.2454336191258,-2.,-23.1061893061348));
#13297=CARTESIAN_POINT('Ctrl Pts',(54.2454336191258,0.,-23.1061893061348));
#13298=CARTESIAN_POINT('Ctrl Pts',(54.1664688646845,-2.,-23.1324318498411));
#13299=CARTESIAN_POINT('Ctrl Pts',(54.1664688646845,0.,-23.1324318498411));
#13300=CARTESIAN_POINT('Ctrl Pts',(53.9998341080479,-2.,-23.1878099728399));
#13301=CARTESIAN_POINT('Ctrl Pts',(53.9998341080479,0.,-23.1878099728399));
#13302=CARTESIAN_POINT('Ctrl Pts',(53.8241977279158,-2.,-23.1933275532211));
#13303=CARTESIAN_POINT('Ctrl Pts',(53.8241977279158,0.,-23.1933275532211));
#13304=CARTESIAN_POINT('Ctrl Pts',(53.7317917848667,-2.,-23.1962304667183));
#13305=CARTESIAN_POINT('Ctrl Pts',(53.7317917848667,0.,-23.1962304667183));
#13306=CARTESIAN_POINT('',(54.2454336191258,-2.,-23.1061893061348));
#13307=CARTESIAN_POINT('Ctrl Pts',(54.2454336191258,-2.,-23.1061893061348));
#13308=CARTESIAN_POINT('Ctrl Pts',(54.1664688646845,-2.,-23.1324318498411));
#13309=CARTESIAN_POINT('Ctrl Pts',(53.9998341080479,-2.,-23.1878099728399));
#13310=CARTESIAN_POINT('Ctrl Pts',(53.8241977279158,-2.,-23.1933275532211));
#13311=CARTESIAN_POINT('Ctrl Pts',(53.7317917848667,-2.,-23.1962304667183));
#13312=CARTESIAN_POINT('',(54.2454336191258,0.,-23.1061893061348));
#13313=CARTESIAN_POINT('',(54.2454336191258,-2.,-23.1061893061348));
#13314=CARTESIAN_POINT('Ctrl Pts',(54.2454336191258,0.,-23.1061893061348));
#13315=CARTESIAN_POINT('Ctrl Pts',(54.1664688646845,0.,-23.1324318498411));
#13316=CARTESIAN_POINT('Ctrl Pts',(53.9998341080479,0.,-23.1878099728399));
#13317=CARTESIAN_POINT('Ctrl Pts',(53.8241977279158,0.,-23.1933275532211));
#13318=CARTESIAN_POINT('Ctrl Pts',(53.7317917848667,0.,-23.1962304667183));
#13319=CARTESIAN_POINT('Ctrl Pts',(54.5708094144901,-2.,-22.8810875967689));
#13320=CARTESIAN_POINT('Ctrl Pts',(54.5708094144901,0.,-22.8810875967689));
#13321=CARTESIAN_POINT('Ctrl Pts',(54.5183654670009,-2.,-22.9289719430325));
#13322=CARTESIAN_POINT('Ctrl Pts',(54.5183654670009,0.,-22.9289719430325));
#13323=CARTESIAN_POINT('Ctrl Pts',(54.4199988428879,-2.,-23.018786339456));
#13324=CARTESIAN_POINT('Ctrl Pts',(54.4199988428879,0.,-23.018786339456));
#13325=CARTESIAN_POINT('Ctrl Pts',(54.3009921552034,-2.,-23.0783717330073));
#13326=CARTESIAN_POINT('Ctrl Pts',(54.3009921552034,0.,-23.0783717330073));
#13327=CARTESIAN_POINT('Ctrl Pts',(54.2454336191258,-2.,-23.1061893061348));
#13328=CARTESIAN_POINT('Ctrl Pts',(54.2454336191258,0.,-23.1061893061348));
#13329=CARTESIAN_POINT('',(54.5708094144901,-2.,-22.8810875967689));
#13330=CARTESIAN_POINT('Ctrl Pts',(54.5708094144901,-2.,-22.8810875967689));
#13331=CARTESIAN_POINT('Ctrl Pts',(54.5183654670009,-2.,-22.9289719430325));
#13332=CARTESIAN_POINT('Ctrl Pts',(54.4199988428879,-2.,-23.018786339456));
#13333=CARTESIAN_POINT('Ctrl Pts',(54.3009921552034,-2.,-23.0783717330073));
#13334=CARTESIAN_POINT('Ctrl Pts',(54.2454336191258,-2.,-23.1061893061348));
#13335=CARTESIAN_POINT('',(54.5708094144901,0.,-22.8810875967689));
#13336=CARTESIAN_POINT('',(54.5708094144901,-2.,-22.8810875967689));
#13337=CARTESIAN_POINT('Ctrl Pts',(54.5708094144901,0.,-22.8810875967689));
#13338=CARTESIAN_POINT('Ctrl Pts',(54.5183654670009,0.,-22.9289719430325));
#13339=CARTESIAN_POINT('Ctrl Pts',(54.4199988428879,0.,-23.018786339456));
#13340=CARTESIAN_POINT('Ctrl Pts',(54.3009921552034,0.,-23.0783717330073));
#13341=CARTESIAN_POINT('Ctrl Pts',(54.2454336191258,0.,-23.1061893061348));
#13342=CARTESIAN_POINT('Ctrl Pts',(54.5994589830479,-2.,-23.0202417925544));
#13343=CARTESIAN_POINT('Ctrl Pts',(54.5994589830479,0.,-23.0202417925544));
#13344=CARTESIAN_POINT('Ctrl Pts',(54.5943974152856,-2.,-23.001202951282));
#13345=CARTESIAN_POINT('Ctrl Pts',(54.5943974152856,0.,-23.001202951282));
#13346=CARTESIAN_POINT('Ctrl Pts',(54.5822143701462,-2.,-22.955377018781));
#13347=CARTESIAN_POINT('Ctrl Pts',(54.5822143701462,0.,-22.955377018781));
#13348=CARTESIAN_POINT('Ctrl Pts',(54.5750167256848,-2.,-22.9084931147125));
#13349=CARTESIAN_POINT('Ctrl Pts',(54.5750167256848,0.,-22.9084931147125));
#13350=CARTESIAN_POINT('Ctrl Pts',(54.5708094144901,-2.,-22.8810875967689));
#13351=CARTESIAN_POINT('Ctrl Pts',(54.5708094144901,0.,-22.8810875967689));
#13352=CARTESIAN_POINT('',(54.5994589830479,-2.,-23.0202417925544));
#13353=CARTESIAN_POINT('Ctrl Pts',(54.5994589830479,-2.,-23.0202417925544));
#13354=CARTESIAN_POINT('Ctrl Pts',(54.5943974152856,-2.,-23.001202951282));
#13355=CARTESIAN_POINT('Ctrl Pts',(54.5822143701462,-2.,-22.955377018781));
#13356=CARTESIAN_POINT('Ctrl Pts',(54.5750167256848,-2.,-22.9084931147125));
#13357=CARTESIAN_POINT('Ctrl Pts',(54.5708094144901,-2.,-22.8810875967689));
#13358=CARTESIAN_POINT('',(54.5994589830479,0.,-23.0202417925544));
#13359=CARTESIAN_POINT('',(54.5994589830479,-2.,-23.0202417925544));
#13360=CARTESIAN_POINT('Ctrl Pts',(54.5994589830479,0.,-23.0202417925544));
#13361=CARTESIAN_POINT('Ctrl Pts',(54.5943974152856,0.,-23.001202951282));
#13362=CARTESIAN_POINT('Ctrl Pts',(54.5822143701462,0.,-22.955377018781));
#13363=CARTESIAN_POINT('Ctrl Pts',(54.5750167256848,0.,-22.9084931147125));
#13364=CARTESIAN_POINT('Ctrl Pts',(54.5708094144901,0.,-22.8810875967689));
#13365=CARTESIAN_POINT('Ctrl Pts',(54.6608505750736,-2.,-23.1471174315162));
#13366=CARTESIAN_POINT('Ctrl Pts',(54.6608505750736,0.,-23.1471174315162));
#13367=CARTESIAN_POINT('Ctrl Pts',(54.6472579703542,-2.,-23.1228605969158));
#13368=CARTESIAN_POINT('Ctrl Pts',(54.6472579703542,0.,-23.1228605969158));
#13369=CARTESIAN_POINT('Ctrl Pts',(54.624238531704,-2.,-23.0817810005135));
#13370=CARTESIAN_POINT('Ctrl Pts',(54.624238531704,0.,-23.0817810005135));
#13371=CARTESIAN_POINT('Ctrl Pts',(54.606658352081,-2.,-23.038121192791));
#13372=CARTESIAN_POINT('Ctrl Pts',(54.606658352081,0.,-23.038121192791));
#13373=CARTESIAN_POINT('Ctrl Pts',(54.5994589830479,-2.,-23.0202417925544));
#13374=CARTESIAN_POINT('Ctrl Pts',(54.5994589830479,0.,-23.0202417925544));
#13375=CARTESIAN_POINT('',(54.6608505750736,-2.,-23.1471174315162));
#13376=CARTESIAN_POINT('Ctrl Pts',(54.6608505750736,-2.,-23.1471174315162));
#13377=CARTESIAN_POINT('Ctrl Pts',(54.6472579703542,-2.,-23.1228605969158));
#13378=CARTESIAN_POINT('Ctrl Pts',(54.624238531704,-2.,-23.0817810005135));
#13379=CARTESIAN_POINT('Ctrl Pts',(54.606658352081,-2.,-23.038121192791));
#13380=CARTESIAN_POINT('Ctrl Pts',(54.5994589830479,-2.,-23.0202417925544));
#13381=CARTESIAN_POINT('',(54.6608505750736,0.,-23.1471174315162));
#13382=CARTESIAN_POINT('',(54.6608505750736,-2.,-23.1471174315162));
#13383=CARTESIAN_POINT('Ctrl Pts',(54.6608505750736,0.,-23.1471174315162));
#13384=CARTESIAN_POINT('Ctrl Pts',(54.6472579703542,0.,-23.1228605969158));
#13385=CARTESIAN_POINT('Ctrl Pts',(54.624238531704,0.,-23.0817810005135));
#13386=CARTESIAN_POINT('Ctrl Pts',(54.606658352081,0.,-23.038121192791));
#13387=CARTESIAN_POINT('Ctrl Pts',(54.5994589830479,0.,-23.0202417925544));
#13388=CARTESIAN_POINT('Origin',(55.4425690675816,-2.,-23.1471174315162));
#13389=CARTESIAN_POINT('',(55.4425690675816,-2.,-23.1471174315162));
#13390=CARTESIAN_POINT('',(37.0238816254675,-2.,-23.1471174315162));
#13391=CARTESIAN_POINT('',(55.4425690675816,0.,-23.1471174315162));
#13392=CARTESIAN_POINT('',(55.4425690675816,-2.,-23.1471174315162));
#13393=CARTESIAN_POINT('',(55.4425690675816,0.,-23.1471174315162));
#13394=CARTESIAN_POINT('Ctrl Pts',(55.3566215540013,-2.,-22.9261081770607));
#13395=CARTESIAN_POINT('Ctrl Pts',(55.3566215540013,0.,-22.9261081770607));
#13396=CARTESIAN_POINT('Ctrl Pts',(55.3664708188284,-2.,-22.9591259022599));
#13397=CARTESIAN_POINT('Ctrl Pts',(55.3664708188284,0.,-22.9591259022599));
#13398=CARTESIAN_POINT('Ctrl Pts',(55.3891279046895,-2.,-23.0350793310599));
#13399=CARTESIAN_POINT('Ctrl Pts',(55.3891279046895,0.,-23.0350793310599));
#13400=CARTESIAN_POINT('Ctrl Pts',(55.423269289009,-2.,-23.1066559143359));
#13401=CARTESIAN_POINT('Ctrl Pts',(55.423269289009,0.,-23.1066559143359));
#13402=CARTESIAN_POINT('Ctrl Pts',(55.4425690675816,-2.,-23.1471174315162));
#13403=CARTESIAN_POINT('Ctrl Pts',(55.4425690675816,0.,-23.1471174315162));
#13404=CARTESIAN_POINT('',(55.3566215540013,-2.,-22.9261081770607));
#13405=CARTESIAN_POINT('Ctrl Pts',(55.3566215540013,-2.,-22.9261081770607));
#13406=CARTESIAN_POINT('Ctrl Pts',(55.3664708188284,-2.,-22.9591259022599));
#13407=CARTESIAN_POINT('Ctrl Pts',(55.3891279046895,-2.,-23.0350793310599));
#13408=CARTESIAN_POINT('Ctrl Pts',(55.423269289009,-2.,-23.1066559143359));
#13409=CARTESIAN_POINT('Ctrl Pts',(55.4425690675816,-2.,-23.1471174315162));
#13410=CARTESIAN_POINT('',(55.3566215540013,0.,-22.9261081770607));
#13411=CARTESIAN_POINT('',(55.3566215540013,-2.,-22.9261081770607));
#13412=CARTESIAN_POINT('Ctrl Pts',(55.3566215540013,0.,-22.9261081770607));
#13413=CARTESIAN_POINT('Ctrl Pts',(55.3664708188284,0.,-22.9591259022599));
#13414=CARTESIAN_POINT('Ctrl Pts',(55.3891279046895,0.,-23.0350793310599));
#13415=CARTESIAN_POINT('Ctrl Pts',(55.423269289009,0.,-23.1066559143359));
#13416=CARTESIAN_POINT('Ctrl Pts',(55.4425690675816,0.,-23.1471174315162));
#13417=CARTESIAN_POINT('Ctrl Pts',(55.3382037187657,-2.,-22.6846342638679));
#13418=CARTESIAN_POINT('Ctrl Pts',(55.3382037187657,0.,-22.6846342638679));
#13419=CARTESIAN_POINT('Ctrl Pts',(55.3384749652794,-2.,-22.7304416874146));
#13420=CARTESIAN_POINT('Ctrl Pts',(55.3384749652794,0.,-22.7304416874146));
#13421=CARTESIAN_POINT('Ctrl Pts',(55.3389543647622,-2.,-22.8114014566525));
#13422=CARTESIAN_POINT('Ctrl Pts',(55.3389543647622,0.,-22.8114014566525));
#13423=CARTESIAN_POINT('Ctrl Pts',(55.3512729033122,-2.,-22.8913813073335));
#13424=CARTESIAN_POINT('Ctrl Pts',(55.3512729033122,0.,-22.8913813073335));
#13425=CARTESIAN_POINT('Ctrl Pts',(55.3566215540013,-2.,-22.9261081770607));
#13426=CARTESIAN_POINT('Ctrl Pts',(55.3566215540013,0.,-22.9261081770607));
#13427=CARTESIAN_POINT('',(55.3382037187657,-2.,-22.6846342638679));
#13428=CARTESIAN_POINT('Ctrl Pts',(55.3382037187657,-2.,-22.6846342638679));
#13429=CARTESIAN_POINT('Ctrl Pts',(55.3384749652794,-2.,-22.7304416874146));
#13430=CARTESIAN_POINT('Ctrl Pts',(55.3389543647622,-2.,-22.8114014566525));
#13431=CARTESIAN_POINT('Ctrl Pts',(55.3512729033122,-2.,-22.8913813073335));
#13432=CARTESIAN_POINT('Ctrl Pts',(55.3566215540013,-2.,-22.9261081770607));
#13433=CARTESIAN_POINT('',(55.3382037187657,0.,-22.6846342638679));
#13434=CARTESIAN_POINT('',(55.3382037187657,-2.,-22.6846342638679));
#13435=CARTESIAN_POINT('Ctrl Pts',(55.3382037187657,0.,-22.6846342638679));
#13436=CARTESIAN_POINT('Ctrl Pts',(55.3384749652794,0.,-22.7304416874146));
#13437=CARTESIAN_POINT('Ctrl Pts',(55.3389543647622,0.,-22.8114014566525));
#13438=CARTESIAN_POINT('Ctrl Pts',(55.3512729033122,0.,-22.8913813073335));
#13439=CARTESIAN_POINT('Ctrl Pts',(55.3566215540013,0.,-22.9261081770607));
#13440=CARTESIAN_POINT('Origin',(55.3382037187657,-2.,-21.7248802736946));
#13441=CARTESIAN_POINT('',(55.3382037187657,-2.,-21.7248802736946));
#13442=CARTESIAN_POINT('',(55.3382037187657,-2.,-14.2372291847282));
#13443=CARTESIAN_POINT('',(55.3382037187657,0.,-21.7248802736946));
#13444=CARTESIAN_POINT('',(55.3382037187657,-2.,-21.7248802736946));
#13445=CARTESIAN_POINT('',(55.3382037187657,0.,-21.7248802736946));
#13446=CARTESIAN_POINT('Ctrl Pts',(55.2768121267399,-2.,-21.4035981253334));
#13447=CARTESIAN_POINT('Ctrl Pts',(55.2768121267399,0.,-21.4035981253334));
#13448=CARTESIAN_POINT('Ctrl Pts',(55.2947098358115,-2.,-21.4578604311895));
#13449=CARTESIAN_POINT('Ctrl Pts',(55.2947098358115,0.,-21.4578604311895));
#13450=CARTESIAN_POINT('Ctrl Pts',(55.3291677756053,-2.,-21.5623300736886));
#13451=CARTESIAN_POINT('Ctrl Pts',(55.3291677756053,0.,-21.5623300736886));
#13452=CARTESIAN_POINT('Ctrl Pts',(55.3352706989805,-2.,-21.672117330829));
#13453=CARTESIAN_POINT('Ctrl Pts',(55.3352706989805,0.,-21.672117330829));
#13454=CARTESIAN_POINT('Ctrl Pts',(55.3382037187657,-2.,-21.7248802736946));
#13455=CARTESIAN_POINT('Ctrl Pts',(55.3382037187657,0.,-21.7248802736946));
#13456=CARTESIAN_POINT('',(55.2768121267399,-2.,-21.4035981253334));
#13457=CARTESIAN_POINT('Ctrl Pts',(55.2768121267399,-2.,-21.4035981253334));
#13458=CARTESIAN_POINT('Ctrl Pts',(55.2947098358115,-2.,-21.4578604311895));
#13459=CARTESIAN_POINT('Ctrl Pts',(55.3291677756053,-2.,-21.5623300736886));
#13460=CARTESIAN_POINT('Ctrl Pts',(55.3352706989805,-2.,-21.672117330829));
#13461=CARTESIAN_POINT('Ctrl Pts',(55.3382037187657,-2.,-21.7248802736946));
#13462=CARTESIAN_POINT('',(55.2768121267399,0.,-21.4035981253334));
#13463=CARTESIAN_POINT('',(55.2768121267399,-2.,-21.4035981253334));
#13464=CARTESIAN_POINT('Ctrl Pts',(55.2768121267399,0.,-21.4035981253334));
#13465=CARTESIAN_POINT('Ctrl Pts',(55.2947098358115,0.,-21.4578604311895));
#13466=CARTESIAN_POINT('Ctrl Pts',(55.3291677756053,0.,-21.5623300736886));
#13467=CARTESIAN_POINT('Ctrl Pts',(55.3352706989805,0.,-21.672117330829));
#13468=CARTESIAN_POINT('Ctrl Pts',(55.3382037187657,0.,-21.7248802736946));
#13469=CARTESIAN_POINT('Ctrl Pts',(55.1090083623966,-2.,-21.1416607454963));
#13470=CARTESIAN_POINT('Ctrl Pts',(55.1090083623966,0.,-21.1416607454963));
#13471=CARTESIAN_POINT('Ctrl Pts',(55.1431729694724,-2.,-21.1772405979574));
#13472=CARTESIAN_POINT('Ctrl Pts',(55.1431729694724,0.,-21.1772405979574));
#13473=CARTESIAN_POINT('Ctrl Pts',(55.2162631423663,-2.,-21.2533584810681));
#13474=CARTESIAN_POINT('Ctrl Pts',(55.2162631423663,0.,-21.2533584810681));
#13475=CARTESIAN_POINT('Ctrl Pts',(55.2557713024454,-2.,-21.3513897193667));
#13476=CARTESIAN_POINT('Ctrl Pts',(55.2557713024454,0.,-21.3513897193667));
#13477=CARTESIAN_POINT('Ctrl Pts',(55.2768121267399,-2.,-21.4035981253334));
#13478=CARTESIAN_POINT('Ctrl Pts',(55.2768121267399,0.,-21.4035981253334));
#13479=CARTESIAN_POINT('',(55.1090083623966,-2.,-21.1416607454963));
#13480=CARTESIAN_POINT('Ctrl Pts',(55.1090083623966,-2.,-21.1416607454963));
#13481=CARTESIAN_POINT('Ctrl Pts',(55.1431729694724,-2.,-21.1772405979574));
#13482=CARTESIAN_POINT('Ctrl Pts',(55.2162631423663,-2.,-21.2533584810681));
#13483=CARTESIAN_POINT('Ctrl Pts',(55.2557713024454,-2.,-21.3513897193667));
#13484=CARTESIAN_POINT('Ctrl Pts',(55.2768121267399,-2.,-21.4035981253334));
#13485=CARTESIAN_POINT('',(55.1090083623966,0.,-21.1416607454963));
#13486=CARTESIAN_POINT('',(55.1090083623966,-2.,-21.1416607454963));
#13487=CARTESIAN_POINT('Ctrl Pts',(55.1090083623966,0.,-21.1416607454963));
#13488=CARTESIAN_POINT('Ctrl Pts',(55.1431729694724,0.,-21.1772405979574));
#13489=CARTESIAN_POINT('Ctrl Pts',(55.2162631423663,0.,-21.2533584810681));
#13490=CARTESIAN_POINT('Ctrl Pts',(55.2557713024454,0.,-21.3513897193667));
#13491=CARTESIAN_POINT('Ctrl Pts',(55.2768121267399,0.,-21.4035981253334));
#13492=CARTESIAN_POINT('Ctrl Pts',(54.73042707692,-2.,-20.9677177027412));
#13493=CARTESIAN_POINT('Ctrl Pts',(54.73042707692,0.,-20.9677177027412));
#13494=CARTESIAN_POINT('Ctrl Pts',(54.8020109385887,-2.,-20.9843563995263));
#13495=CARTESIAN_POINT('Ctrl Pts',(54.8020109385887,0.,-20.9843563995263));
#13496=CARTESIAN_POINT('Ctrl Pts',(54.9402380547067,-2.,-21.0164854160246));
#13497=CARTESIAN_POINT('Ctrl Pts',(54.9402380547067,0.,-21.0164854160246));
#13498=CARTESIAN_POINT('Ctrl Pts',(55.054108268607,-2.,-21.1009418689226));
#13499=CARTESIAN_POINT('Ctrl Pts',(55.054108268607,0.,-21.1009418689226));
#13500=CARTESIAN_POINT('Ctrl Pts',(55.1090083623966,-2.,-21.1416607454963));
#13501=CARTESIAN_POINT('Ctrl Pts',(55.1090083623966,0.,-21.1416607454963));
#13502=CARTESIAN_POINT('',(54.73042707692,-2.,-20.9677177027412));
#13503=CARTESIAN_POINT('Ctrl Pts',(54.73042707692,-2.,-20.9677177027412));
#13504=CARTESIAN_POINT('Ctrl Pts',(54.8020109385887,-2.,-20.9843563995263));
#13505=CARTESIAN_POINT('Ctrl Pts',(54.9402380547067,-2.,-21.0164854160246));
#13506=CARTESIAN_POINT('Ctrl Pts',(55.054108268607,-2.,-21.1009418689226));
#13507=CARTESIAN_POINT('Ctrl Pts',(55.1090083623966,-2.,-21.1416607454963));
#13508=CARTESIAN_POINT('',(54.73042707692,0.,-20.9677177027412));
#13509=CARTESIAN_POINT('',(54.73042707692,-2.,-20.9677177027412));
#13510=CARTESIAN_POINT('Ctrl Pts',(54.73042707692,0.,-20.9677177027412));
#13511=CARTESIAN_POINT('Ctrl Pts',(54.8020109385887,0.,-20.9843563995263));
#13512=CARTESIAN_POINT('Ctrl Pts',(54.9402380547067,0.,-21.0164854160246));
#13513=CARTESIAN_POINT('Ctrl Pts',(55.054108268607,0.,-21.1009418689226));
#13514=CARTESIAN_POINT('Ctrl Pts',(55.1090083623966,0.,-21.1416607454963));
#13515=CARTESIAN_POINT('Ctrl Pts',(54.1287897134861,-2.,-20.9247439459511));
#13516=CARTESIAN_POINT('Ctrl Pts',(54.1287897134861,0.,-20.9247439459511));
#13517=CARTESIAN_POINT('Ctrl Pts',(54.2415570468515,-2.,-20.925508827963));
#13518=CARTESIAN_POINT('Ctrl Pts',(54.2415570468515,0.,-20.925508827963));
#13519=CARTESIAN_POINT('Ctrl Pts',(54.4430979690315,-2.,-20.92687584642));
#13520=CARTESIAN_POINT('Ctrl Pts',(54.4430979690315,0.,-20.92687584642));
#13521=CARTESIAN_POINT('Ctrl Pts',(54.6425663771886,-2.,-20.9552289086156));
#13522=CARTESIAN_POINT('Ctrl Pts',(54.6425663771886,0.,-20.9552289086156));
#13523=CARTESIAN_POINT('Ctrl Pts',(54.73042707692,-2.,-20.9677177027412));
#13524=CARTESIAN_POINT('Ctrl Pts',(54.73042707692,0.,-20.9677177027412));
#13525=CARTESIAN_POINT('',(54.1287897134861,-2.,-20.9247439459511));
#13526=CARTESIAN_POINT('Ctrl Pts',(54.1287897134861,-2.,-20.9247439459511));
#13527=CARTESIAN_POINT('Ctrl Pts',(54.2415570468515,-2.,-20.925508827963));
#13528=CARTESIAN_POINT('Ctrl Pts',(54.4430979690315,-2.,-20.92687584642));
#13529=CARTESIAN_POINT('Ctrl Pts',(54.6425663771886,-2.,-20.9552289086156));
#13530=CARTESIAN_POINT('Ctrl Pts',(54.73042707692,-2.,-20.9677177027412));
#13531=CARTESIAN_POINT('',(54.1287897134861,0.,-20.9247439459511));
#13532=CARTESIAN_POINT('',(54.1287897134861,-2.,-20.9247439459511));
#13533=CARTESIAN_POINT('Ctrl Pts',(54.1287897134861,0.,-20.9247439459511));
#13534=CARTESIAN_POINT('Ctrl Pts',(54.2415570468515,0.,-20.925508827963));
#13535=CARTESIAN_POINT('Ctrl Pts',(54.4430979690315,0.,-20.92687584642));
#13536=CARTESIAN_POINT('Ctrl Pts',(54.6425663771886,0.,-20.9552289086156));
#13537=CARTESIAN_POINT('Ctrl Pts',(54.73042707692,0.,-20.9677177027412));
#13538=CARTESIAN_POINT('Ctrl Pts',(53.6949561143955,-2.,-20.9595316008278));
#13539=CARTESIAN_POINT('Ctrl Pts',(53.6949561143955,0.,-20.9595316008278));
#13540=CARTESIAN_POINT('Ctrl Pts',(53.7644149174999,-2.,-20.9493887791483));
#13541=CARTESIAN_POINT('Ctrl Pts',(53.7644149174999,0.,-20.9493887791483));
#13542=CARTESIAN_POINT('Ctrl Pts',(53.9082577349593,-2.,-20.9283839247286));
#13543=CARTESIAN_POINT('Ctrl Pts',(53.9082577349593,0.,-20.9283839247286));
#13544=CARTESIAN_POINT('Ctrl Pts',(54.0536199750992,-2.,-20.9259846560479));
#13545=CARTESIAN_POINT('Ctrl Pts',(54.0536199750992,0.,-20.9259846560479));
#13546=CARTESIAN_POINT('Ctrl Pts',(54.1287897134861,-2.,-20.9247439459511));
#13547=CARTESIAN_POINT('Ctrl Pts',(54.1287897134861,0.,-20.9247439459511));
#13548=CARTESIAN_POINT('',(53.6949561143955,-2.,-20.9595316008278));
#13549=CARTESIAN_POINT('Ctrl Pts',(53.6949561143955,-2.,-20.9595316008278));
#13550=CARTESIAN_POINT('Ctrl Pts',(53.7644149174999,-2.,-20.9493887791483));
#13551=CARTESIAN_POINT('Ctrl Pts',(53.9082577349593,-2.,-20.9283839247286));
#13552=CARTESIAN_POINT('Ctrl Pts',(54.0536199750992,-2.,-20.9259846560479));
#13553=CARTESIAN_POINT('Ctrl Pts',(54.1287897134861,-2.,-20.9247439459511));
#13554=CARTESIAN_POINT('',(53.6949561143955,0.,-20.9595316008278));
#13555=CARTESIAN_POINT('',(53.6949561143955,-2.,-20.9595316008278));
#13556=CARTESIAN_POINT('Ctrl Pts',(53.6949561143955,0.,-20.9595316008278));
#13557=CARTESIAN_POINT('Ctrl Pts',(53.7644149174999,0.,-20.9493887791483));
#13558=CARTESIAN_POINT('Ctrl Pts',(53.9082577349593,0.,-20.9283839247286));
#13559=CARTESIAN_POINT('Ctrl Pts',(54.0536199750992,0.,-20.9259846560479));
#13560=CARTESIAN_POINT('Ctrl Pts',(54.1287897134861,0.,-20.9247439459511));
#13561=CARTESIAN_POINT('Ctrl Pts',(53.3798132444462,-2.,-21.0577588633247));
#13562=CARTESIAN_POINT('Ctrl Pts',(53.3798132444462,0.,-21.0577588633247));
#13563=CARTESIAN_POINT('Ctrl Pts',(53.424634185002,-2.,-21.037319441986));
#13564=CARTESIAN_POINT('Ctrl Pts',(53.424634185002,0.,-21.037319441986));
#13565=CARTESIAN_POINT('Ctrl Pts',(53.5254297288,-2.,-20.9913542622463));
#13566=CARTESIAN_POINT('Ctrl Pts',(53.5254297288,0.,-20.9913542622463));
#13567=CARTESIAN_POINT('Ctrl Pts',(53.6344269106412,-2.,-20.9708938460042));
#13568=CARTESIAN_POINT('Ctrl Pts',(53.6344269106412,0.,-20.9708938460042));
#13569=CARTESIAN_POINT('Ctrl Pts',(53.6949561143955,-2.,-20.9595316008278));
#13570=CARTESIAN_POINT('Ctrl Pts',(53.6949561143955,0.,-20.9595316008278));
#13571=CARTESIAN_POINT('',(53.3798132444462,-2.,-21.0577588633247));
#13572=CARTESIAN_POINT('Ctrl Pts',(53.3798132444462,-2.,-21.0577588633247));
#13573=CARTESIAN_POINT('Ctrl Pts',(53.424634185002,-2.,-21.037319441986));
#13574=CARTESIAN_POINT('Ctrl Pts',(53.5254297288,-2.,-20.9913542622463));
#13575=CARTESIAN_POINT('Ctrl Pts',(53.6344269106412,-2.,-20.9708938460042));
#13576=CARTESIAN_POINT('Ctrl Pts',(53.6949561143955,-2.,-20.9595316008278));
#13577=CARTESIAN_POINT('',(53.3798132444462,0.,-21.0577588633247));
#13578=CARTESIAN_POINT('',(53.3798132444462,-2.,-21.0577588633247));
#13579=CARTESIAN_POINT('Ctrl Pts',(53.3798132444462,0.,-21.0577588633247));
#13580=CARTESIAN_POINT('Ctrl Pts',(53.424634185002,0.,-21.037319441986));
#13581=CARTESIAN_POINT('Ctrl Pts',(53.5254297288,0.,-20.9913542622463));
#13582=CARTESIAN_POINT('Ctrl Pts',(53.6344269106412,0.,-20.9708938460042));
#13583=CARTESIAN_POINT('Ctrl Pts',(53.6949561143955,0.,-20.9595316008278));
#13584=CARTESIAN_POINT('Ctrl Pts',(53.1342468763432,-2.,-21.2664895609565));
#13585=CARTESIAN_POINT('Ctrl Pts',(53.1342468763432,0.,-21.2664895609565));
#13586=CARTESIAN_POINT('Ctrl Pts',(53.1672615922115,-2.,-21.226910590512));
#13587=CARTESIAN_POINT('Ctrl Pts',(53.1672615922115,0.,-21.226910590512));
#13588=CARTESIAN_POINT('Ctrl Pts',(53.2370230644889,-2.,-21.1432785744002));
#13589=CARTESIAN_POINT('Ctrl Pts',(53.2370230644889,0.,-21.1432785744002));
#13590=CARTESIAN_POINT('Ctrl Pts',(53.3305487319742,-2.,-21.0872643018229));
#13591=CARTESIAN_POINT('Ctrl Pts',(53.3305487319742,0.,-21.0872643018229));
#13592=CARTESIAN_POINT('Ctrl Pts',(53.3798132444462,-2.,-21.0577588633247));
#13593=CARTESIAN_POINT('Ctrl Pts',(53.3798132444462,0.,-21.0577588633247));
#13594=CARTESIAN_POINT('',(53.1342468763432,-2.,-21.2664895609565));
#13595=CARTESIAN_POINT('Ctrl Pts',(53.1342468763432,-2.,-21.2664895609565));
#13596=CARTESIAN_POINT('Ctrl Pts',(53.1672615922115,-2.,-21.226910590512));
#13597=CARTESIAN_POINT('Ctrl Pts',(53.2370230644889,-2.,-21.1432785744002));
#13598=CARTESIAN_POINT('Ctrl Pts',(53.3305487319742,-2.,-21.0872643018229));
#13599=CARTESIAN_POINT('Ctrl Pts',(53.3798132444462,-2.,-21.0577588633247));
#13600=CARTESIAN_POINT('',(53.1342468763432,0.,-21.2664895609565));
#13601=CARTESIAN_POINT('',(53.1342468763432,-2.,-21.2664895609565));
#13602=CARTESIAN_POINT('Ctrl Pts',(53.1342468763432,0.,-21.2664895609565));
#13603=CARTESIAN_POINT('Ctrl Pts',(53.1672615922115,0.,-21.226910590512));
#13604=CARTESIAN_POINT('Ctrl Pts',(53.2370230644889,0.,-21.1432785744002));
#13605=CARTESIAN_POINT('Ctrl Pts',(53.3305487319742,0.,-21.0872643018229));
#13606=CARTESIAN_POINT('Ctrl Pts',(53.3798132444462,0.,-21.0577588633247));
#13607=CARTESIAN_POINT('Ctrl Pts',(53.0053244138798,-2.,-21.5939109877296));
#13608=CARTESIAN_POINT('Ctrl Pts',(53.0053244138798,0.,-21.5939109877296));
#13609=CARTESIAN_POINT('Ctrl Pts',(53.0203206816166,-2.,-21.53052095481));
#13610=CARTESIAN_POINT('Ctrl Pts',(53.0203206816166,0.,-21.53052095481));
#13611=CARTESIAN_POINT('Ctrl Pts',(53.047640128492,-2.,-21.4150401787153));
#13612=CARTESIAN_POINT('Ctrl Pts',(53.047640128492,0.,-21.4150401787153));
#13613=CARTESIAN_POINT('Ctrl Pts',(53.1073245814376,-2.,-21.312667527904));
#13614=CARTESIAN_POINT('Ctrl Pts',(53.1073245814376,0.,-21.312667527904));
#13615=CARTESIAN_POINT('Ctrl Pts',(53.1342468763432,-2.,-21.2664895609565));
#13616=CARTESIAN_POINT('Ctrl Pts',(53.1342468763432,0.,-21.2664895609565));
#13617=CARTESIAN_POINT('',(53.0053244138798,-2.,-21.5939109877296));
#13618=CARTESIAN_POINT('Ctrl Pts',(53.0053244138798,-2.,-21.5939109877296));
#13619=CARTESIAN_POINT('Ctrl Pts',(53.0203206816166,-2.,-21.53052095481));
#13620=CARTESIAN_POINT('Ctrl Pts',(53.047640128492,-2.,-21.4150401787153));
#13621=CARTESIAN_POINT('Ctrl Pts',(53.1073245814376,-2.,-21.312667527904));
#13622=CARTESIAN_POINT('Ctrl Pts',(53.1342468763432,-2.,-21.2664895609565));
#13623=CARTESIAN_POINT('',(53.0053244138798,0.,-21.5939109877296));
#13624=CARTESIAN_POINT('',(53.0053244138798,-2.,-21.5939109877296));
#13625=CARTESIAN_POINT('Ctrl Pts',(53.0053244138798,0.,-21.5939109877296));
#13626=CARTESIAN_POINT('Ctrl Pts',(53.0203206816166,0.,-21.53052095481));
#13627=CARTESIAN_POINT('Ctrl Pts',(53.047640128492,0.,-21.4150401787153));
#13628=CARTESIAN_POINT('Ctrl Pts',(53.1073245814376,0.,-21.312667527904));
#13629=CARTESIAN_POINT('Ctrl Pts',(53.1342468763432,0.,-21.2664895609565));
#13630=CARTESIAN_POINT('Origin',(53.801368286713,-2.,-21.6778128699012));
#13631=CARTESIAN_POINT('',(53.801368286713,-2.,-21.6778128699012));
#13632=CARTESIAN_POINT('',(35.6185641522394,-2.,-19.7613713996457));
#13633=CARTESIAN_POINT('',(53.801368286713,0.,-21.6778128699012));
#13634=CARTESIAN_POINT('',(53.801368286713,-2.,-21.6778128699012));
#13635=CARTESIAN_POINT('',(53.801368286713,0.,-21.6778128699012));
#13636=CARTESIAN_POINT('Ctrl Pts',(53.9302907491764,-2.,-21.4854531840034));
#13637=CARTESIAN_POINT('Ctrl Pts',(53.9302907491764,0.,-21.4854531840034));
#13638=CARTESIAN_POINT('Ctrl Pts',(53.9042217985865,-2.,-21.5085938324162));
#13639=CARTESIAN_POINT('Ctrl Pts',(53.9042217985865,0.,-21.5085938324162));
#13640=CARTESIAN_POINT('Ctrl Pts',(53.8448860141088,-2.,-21.5612644806711));
#13641=CARTESIAN_POINT('Ctrl Pts',(53.8448860141088,0.,-21.5612644806711));
#13642=CARTESIAN_POINT('Ctrl Pts',(53.8170017216418,-2.,-21.6359436876595));
#13643=CARTESIAN_POINT('Ctrl Pts',(53.8170017216418,0.,-21.6359436876595));
#13644=CARTESIAN_POINT('Ctrl Pts',(53.801368286713,-2.,-21.6778128699012));
#13645=CARTESIAN_POINT('Ctrl Pts',(53.801368286713,0.,-21.6778128699012));
#13646=CARTESIAN_POINT('Ctrl Pts',(53.9302907491764,-2.,-21.4854531840034));
#13647=CARTESIAN_POINT('Ctrl Pts',(53.9042217985865,-2.,-21.5085938324162));
#13648=CARTESIAN_POINT('Ctrl Pts',(53.8448860141088,-2.,-21.5612644806711));
#13649=CARTESIAN_POINT('Ctrl Pts',(53.8170017216418,-2.,-21.6359436876595));
#13650=CARTESIAN_POINT('Ctrl Pts',(53.801368286713,-2.,-21.6778128699012));
#13651=CARTESIAN_POINT('Ctrl Pts',(53.9302907491764,0.,-21.4854531840034));
#13652=CARTESIAN_POINT('Ctrl Pts',(53.9042217985865,0.,-21.5085938324162));
#13653=CARTESIAN_POINT('Ctrl Pts',(53.8448860141088,0.,-21.5612644806711));
#13654=CARTESIAN_POINT('Ctrl Pts',(53.8170017216418,0.,-21.6359436876595));
#13655=CARTESIAN_POINT('Ctrl Pts',(53.801368286713,0.,-21.6778128699012));
#13656=CARTESIAN_POINT('Origin',(47.0319274374014,0.,-19.0799278870769));
#13657=CARTESIAN_POINT('Ctrl Pts',(51.4582584405979,-2.,-21.536613042707));
#13658=CARTESIAN_POINT('Ctrl Pts',(51.4582584405979,0.,-21.536613042707));
#13659=CARTESIAN_POINT('Ctrl Pts',(51.4071326895826,-2.,-21.5419759212211));
#13660=CARTESIAN_POINT('Ctrl Pts',(51.4071326895826,0.,-21.5419759212211));
#13661=CARTESIAN_POINT('Ctrl Pts',(51.3040723066646,-2.,-21.552786526488));
#13662=CARTESIAN_POINT('Ctrl Pts',(51.3040723066646,0.,-21.552786526488));
#13663=CARTESIAN_POINT('Ctrl Pts',(51.2297044010504,-2.,-21.6250343991173));
#13664=CARTESIAN_POINT('Ctrl Pts',(51.2297044010504,0.,-21.6250343991173));
#13665=CARTESIAN_POINT('Ctrl Pts',(51.1922286058506,-2.,-21.6614418581672));
#13666=CARTESIAN_POINT('Ctrl Pts',(51.1922286058506,0.,-21.6614418581672));
#13667=CARTESIAN_POINT('',(51.4582584405979,-2.,-21.536613042707));
#13668=CARTESIAN_POINT('',(51.1922286058506,-2.,-21.6614418581672));
#13669=CARTESIAN_POINT('Ctrl Pts',(51.4582584405979,-2.,-21.536613042707));
#13670=CARTESIAN_POINT('Ctrl Pts',(51.4071326895826,-2.,-21.5419759212211));
#13671=CARTESIAN_POINT('Ctrl Pts',(51.3040723066646,-2.,-21.552786526488));
#13672=CARTESIAN_POINT('Ctrl Pts',(51.2297044010504,-2.,-21.6250343991173));
#13673=CARTESIAN_POINT('Ctrl Pts',(51.1922286058506,-2.,-21.6614418581672));
#13674=CARTESIAN_POINT('',(51.4582584405979,0.,-21.536613042707));
#13675=CARTESIAN_POINT('',(51.4582584405979,-2.,-21.536613042707));
#13676=CARTESIAN_POINT('',(51.1922286058506,0.,-21.6614418581672));
#13677=CARTESIAN_POINT('Ctrl Pts',(51.4582584405979,0.,-21.536613042707));
#13678=CARTESIAN_POINT('Ctrl Pts',(51.4071326895826,0.,-21.5419759212211));
#13679=CARTESIAN_POINT('Ctrl Pts',(51.3040723066646,0.,-21.552786526488));
#13680=CARTESIAN_POINT('Ctrl Pts',(51.2297044010504,0.,-21.6250343991173));
#13681=CARTESIAN_POINT('Ctrl Pts',(51.1922286058506,0.,-21.6614418581672));
#13682=CARTESIAN_POINT('',(51.1922286058506,-2.,-21.6614418581672));
#13683=CARTESIAN_POINT('Ctrl Pts',(51.7079172636112,-2.,-21.6614418581672));
#13684=CARTESIAN_POINT('Ctrl Pts',(51.7079172636112,0.,-21.6614418581672));
#13685=CARTESIAN_POINT('Ctrl Pts',(51.6726157309294,-2.,-21.625040595449));
#13686=CARTESIAN_POINT('Ctrl Pts',(51.6726157309294,0.,-21.625040595449));
#13687=CARTESIAN_POINT('Ctrl Pts',(51.6038284749136,-2.,-21.5541104463118));
#13688=CARTESIAN_POINT('Ctrl Pts',(51.6038284749136,0.,-21.5541104463118));
#13689=CARTESIAN_POINT('Ctrl Pts',(51.5059202758724,-2.,-21.5423419578115));
#13690=CARTESIAN_POINT('Ctrl Pts',(51.5059202758724,0.,-21.5423419578115));
#13691=CARTESIAN_POINT('Ctrl Pts',(51.4582584405979,-2.,-21.536613042707));
#13692=CARTESIAN_POINT('Ctrl Pts',(51.4582584405979,0.,-21.536613042707));
#13693=CARTESIAN_POINT('',(51.7079172636112,-2.,-21.6614418581672));
#13694=CARTESIAN_POINT('Ctrl Pts',(51.7079172636112,-2.,-21.6614418581672));
#13695=CARTESIAN_POINT('Ctrl Pts',(51.6726157309294,-2.,-21.625040595449));
#13696=CARTESIAN_POINT('Ctrl Pts',(51.6038284749136,-2.,-21.5541104463118));
#13697=CARTESIAN_POINT('Ctrl Pts',(51.5059202758724,-2.,-21.5423419578115));
#13698=CARTESIAN_POINT('Ctrl Pts',(51.4582584405979,-2.,-21.536613042707));
#13699=CARTESIAN_POINT('',(51.7079172636112,0.,-21.6614418581672));
#13700=CARTESIAN_POINT('',(51.7079172636112,-2.,-21.6614418581672));
#13701=CARTESIAN_POINT('Ctrl Pts',(51.7079172636112,0.,-21.6614418581672));
#13702=CARTESIAN_POINT('Ctrl Pts',(51.6726157309294,0.,-21.625040595449));
#13703=CARTESIAN_POINT('Ctrl Pts',(51.6038284749136,0.,-21.5541104463118));
#13704=CARTESIAN_POINT('Ctrl Pts',(51.5059202758724,0.,-21.5423419578115));
#13705=CARTESIAN_POINT('Ctrl Pts',(51.4582584405979,0.,-21.536613042707));
#13706=CARTESIAN_POINT('Ctrl Pts',(51.8102369810185,-2.,-22.0482092455574));
#13707=CARTESIAN_POINT('Ctrl Pts',(51.8102369810185,0.,-22.0482092455574));
#13708=CARTESIAN_POINT('Ctrl Pts',(51.8087893698773,-2.,-21.9699329091694));
#13709=CARTESIAN_POINT('Ctrl Pts',(51.8087893698773,0.,-21.9699329091694));
#13710=CARTESIAN_POINT('Ctrl Pts',(51.8062362801151,-2.,-21.8318802875958));
#13711=CARTESIAN_POINT('Ctrl Pts',(51.8062362801151,0.,-21.8318802875958));
#13712=CARTESIAN_POINT('Ctrl Pts',(51.7376254880865,-2.,-21.7129417948095));
#13713=CARTESIAN_POINT('Ctrl Pts',(51.7376254880865,0.,-21.7129417948095));
#13714=CARTESIAN_POINT('Ctrl Pts',(51.7079172636112,-2.,-21.6614418581672));
#13715=CARTESIAN_POINT('Ctrl Pts',(51.7079172636112,0.,-21.6614418581672));
#13716=CARTESIAN_POINT('',(51.8102369810185,-2.,-22.0482092455574));
#13717=CARTESIAN_POINT('Ctrl Pts',(51.8102369810185,-2.,-22.0482092455574));
#13718=CARTESIAN_POINT('Ctrl Pts',(51.8087893698773,-2.,-21.9699329091694));
#13719=CARTESIAN_POINT('Ctrl Pts',(51.8062362801151,-2.,-21.8318802875958));
#13720=CARTESIAN_POINT('Ctrl Pts',(51.7376254880865,-2.,-21.7129417948095));
#13721=CARTESIAN_POINT('Ctrl Pts',(51.7079172636112,-2.,-21.6614418581672));
#13722=CARTESIAN_POINT('',(51.8102369810185,0.,-22.0482092455574));
#13723=CARTESIAN_POINT('',(51.8102369810185,-2.,-22.0482092455574));
#13724=CARTESIAN_POINT('Ctrl Pts',(51.8102369810185,0.,-22.0482092455574));
#13725=CARTESIAN_POINT('Ctrl Pts',(51.8087893698773,0.,-21.9699329091694));
#13726=CARTESIAN_POINT('Ctrl Pts',(51.8062362801151,0.,-21.8318802875958));
#13727=CARTESIAN_POINT('Ctrl Pts',(51.7376254880865,0.,-21.7129417948095));
#13728=CARTESIAN_POINT('Ctrl Pts',(51.7079172636112,0.,-21.6614418581672));
#13729=CARTESIAN_POINT('Ctrl Pts',(51.7120097185215,-2.,-22.4554389074989));
#13730=CARTESIAN_POINT('Ctrl Pts',(51.7120097185215,0.,-22.4554389074989));
#13731=CARTESIAN_POINT('Ctrl Pts',(51.7404778487432,-2.,-22.4024338316709));
#13732=CARTESIAN_POINT('Ctrl Pts',(51.7404778487432,0.,-22.4024338316709));
#13733=CARTESIAN_POINT('Ctrl Pts',(51.8083068963699,-2.,-22.2761422984792));
#13734=CARTESIAN_POINT('Ctrl Pts',(51.8083068963699,0.,-22.2761422984792));
#13735=CARTESIAN_POINT('Ctrl Pts',(51.8095282402104,-2.,-22.1319078834595));
#13736=CARTESIAN_POINT('Ctrl Pts',(51.8095282402104,0.,-22.1319078834595));
#13737=CARTESIAN_POINT('Ctrl Pts',(51.8102369810185,-2.,-22.0482092455574));
#13738=CARTESIAN_POINT('Ctrl Pts',(51.8102369810185,0.,-22.0482092455574));
#13739=CARTESIAN_POINT('',(51.7120097185215,-2.,-22.4554389074989));
#13740=CARTESIAN_POINT('Ctrl Pts',(51.7120097185215,-2.,-22.4554389074989));
#13741=CARTESIAN_POINT('Ctrl Pts',(51.7404778487432,-2.,-22.4024338316709));
#13742=CARTESIAN_POINT('Ctrl Pts',(51.8083068963699,-2.,-22.2761422984792));
#13743=CARTESIAN_POINT('Ctrl Pts',(51.8095282402104,-2.,-22.1319078834595));
#13744=CARTESIAN_POINT('Ctrl Pts',(51.8102369810185,-2.,-22.0482092455574));
#13745=CARTESIAN_POINT('',(51.7120097185215,0.,-22.4554389074989));
#13746=CARTESIAN_POINT('',(51.7120097185215,-2.,-22.4554389074989));
#13747=CARTESIAN_POINT('Ctrl Pts',(51.7120097185215,0.,-22.4554389074989));
#13748=CARTESIAN_POINT('Ctrl Pts',(51.7404778487432,0.,-22.4024338316709));
#13749=CARTESIAN_POINT('Ctrl Pts',(51.8083068963699,0.,-22.2761422984792));
#13750=CARTESIAN_POINT('Ctrl Pts',(51.8095282402104,0.,-22.1319078834595));
#13751=CARTESIAN_POINT('Ctrl Pts',(51.8102369810185,0.,-22.0482092455574));
#13752=CARTESIAN_POINT('Ctrl Pts',(51.4684901739201,-2.,-22.5741296366401));
#13753=CARTESIAN_POINT('Ctrl Pts',(51.4684901739201,0.,-22.5741296366401));
#13754=CARTESIAN_POINT('Ctrl Pts',(51.5152272495372,-2.,-22.5688573240032));
#13755=CARTESIAN_POINT('Ctrl Pts',(51.5152272495372,0.,-22.5688573240032));
#13756=CARTESIAN_POINT('Ctrl Pts',(51.6103135926319,-2.,-22.5581308307069));
#13757=CARTESIAN_POINT('Ctrl Pts',(51.6103135926319,0.,-22.5581308307069));
#13758=CARTESIAN_POINT('Ctrl Pts',(51.6777299941737,-2.,-22.4900542951503));
#13759=CARTESIAN_POINT('Ctrl Pts',(51.6777299941737,0.,-22.4900542951503));
#13760=CARTESIAN_POINT('Ctrl Pts',(51.7120097185215,-2.,-22.4554389074989));
#13761=CARTESIAN_POINT('Ctrl Pts',(51.7120097185215,0.,-22.4554389074989));
#13762=CARTESIAN_POINT('',(51.4684901739201,-2.,-22.5741296366401));
#13763=CARTESIAN_POINT('Ctrl Pts',(51.4684901739201,-2.,-22.5741296366401));
#13764=CARTESIAN_POINT('Ctrl Pts',(51.5152272495372,-2.,-22.5688573240032));
#13765=CARTESIAN_POINT('Ctrl Pts',(51.6103135926319,-2.,-22.5581308307069));
#13766=CARTESIAN_POINT('Ctrl Pts',(51.6777299941737,-2.,-22.4900542951503));
#13767=CARTESIAN_POINT('Ctrl Pts',(51.7120097185215,-2.,-22.4554389074989));
#13768=CARTESIAN_POINT('',(51.4684901739201,0.,-22.5741296366401));
#13769=CARTESIAN_POINT('',(51.4684901739201,-2.,-22.5741296366401));
#13770=CARTESIAN_POINT('Ctrl Pts',(51.4684901739201,0.,-22.5741296366401));
#13771=CARTESIAN_POINT('Ctrl Pts',(51.5152272495372,0.,-22.5688573240032));
#13772=CARTESIAN_POINT('Ctrl Pts',(51.6103135926319,0.,-22.5581308307069));
#13773=CARTESIAN_POINT('Ctrl Pts',(51.6777299941737,0.,-22.4900542951503));
#13774=CARTESIAN_POINT('Ctrl Pts',(51.7120097185215,0.,-22.4554389074989));
#13775=CARTESIAN_POINT('Ctrl Pts',(51.1942754293522,-2.,-22.4493008211799));
#13776=CARTESIAN_POINT('Ctrl Pts',(51.1942754293522,0.,-22.4493008211799));
#13777=CARTESIAN_POINT('Ctrl Pts',(51.2328341204019,-2.,-22.4857089229123));
#13778=CARTESIAN_POINT('Ctrl Pts',(51.2328341204019,0.,-22.4857089229123));
#13779=CARTESIAN_POINT('Ctrl Pts',(51.3100044296915,-2.,-22.558575101583));
#13780=CARTESIAN_POINT('Ctrl Pts',(51.3100044296915,0.,-22.558575101583));
#13781=CARTESIAN_POINT('Ctrl Pts',(51.4156374430734,-2.,-22.568942421482));
#13782=CARTESIAN_POINT('Ctrl Pts',(51.4156374430734,0.,-22.568942421482));
#13783=CARTESIAN_POINT('Ctrl Pts',(51.4684901739201,-2.,-22.5741296366401));
#13784=CARTESIAN_POINT('Ctrl Pts',(51.4684901739201,0.,-22.5741296366401));
#13785=CARTESIAN_POINT('',(51.1942754293522,-2.,-22.4493008211799));
#13786=CARTESIAN_POINT('Ctrl Pts',(51.1942754293522,-2.,-22.4493008211799));
#13787=CARTESIAN_POINT('Ctrl Pts',(51.2328341204019,-2.,-22.4857089229123));
#13788=CARTESIAN_POINT('Ctrl Pts',(51.3100044296915,-2.,-22.558575101583));
#13789=CARTESIAN_POINT('Ctrl Pts',(51.4156374430734,-2.,-22.568942421482));
#13790=CARTESIAN_POINT('Ctrl Pts',(51.4684901739201,-2.,-22.5741296366401));
#13791=CARTESIAN_POINT('',(51.1942754293522,0.,-22.4493008211799));
#13792=CARTESIAN_POINT('',(51.1942754293522,-2.,-22.4493008211799));
#13793=CARTESIAN_POINT('Ctrl Pts',(51.1942754293522,0.,-22.4493008211799));
#13794=CARTESIAN_POINT('Ctrl Pts',(51.2328341204019,0.,-22.4857089229123));
#13795=CARTESIAN_POINT('Ctrl Pts',(51.3100044296915,0.,-22.558575101583));
#13796=CARTESIAN_POINT('Ctrl Pts',(51.4156374430734,0.,-22.568942421482));
#13797=CARTESIAN_POINT('Ctrl Pts',(51.4684901739201,0.,-22.5741296366401));
#13798=CARTESIAN_POINT('Ctrl Pts',(51.0858164335331,-2.,-22.0666258887001));
#13799=CARTESIAN_POINT('Ctrl Pts',(51.0858164335331,0.,-22.0666258887001));
#13800=CARTESIAN_POINT('Ctrl Pts',(51.0877251301219,-2.,-22.1436770553327));
#13801=CARTESIAN_POINT('Ctrl Pts',(51.0877251301219,0.,-22.1436770553327));
#13802=CARTESIAN_POINT('Ctrl Pts',(51.0911338418057,-2.,-22.2812815407644));
#13803=CARTESIAN_POINT('Ctrl Pts',(51.0911338418057,0.,-22.2812815407644));
#13804=CARTESIAN_POINT('Ctrl Pts',(51.1627572892699,-2.,-22.3979572715736));
#13805=CARTESIAN_POINT('Ctrl Pts',(51.1627572892699,0.,-22.3979572715736));
#13806=CARTESIAN_POINT('Ctrl Pts',(51.1942754293522,-2.,-22.4493008211799));
#13807=CARTESIAN_POINT('Ctrl Pts',(51.1942754293522,0.,-22.4493008211799));
#13808=CARTESIAN_POINT('',(51.0858164335331,-2.,-22.0666258887001));
#13809=CARTESIAN_POINT('Ctrl Pts',(51.0858164335331,-2.,-22.0666258887001));
#13810=CARTESIAN_POINT('Ctrl Pts',(51.0877251301219,-2.,-22.1436770553327));
#13811=CARTESIAN_POINT('Ctrl Pts',(51.0911338418057,-2.,-22.2812815407644));
#13812=CARTESIAN_POINT('Ctrl Pts',(51.1627572892699,-2.,-22.3979572715736));
#13813=CARTESIAN_POINT('Ctrl Pts',(51.1942754293522,-2.,-22.4493008211799));
#13814=CARTESIAN_POINT('',(51.0858164335331,0.,-22.0666258887001));
#13815=CARTESIAN_POINT('',(51.0858164335331,-2.,-22.0666258887001));
#13816=CARTESIAN_POINT('Ctrl Pts',(51.0858164335331,0.,-22.0666258887001));
#13817=CARTESIAN_POINT('Ctrl Pts',(51.0877251301219,0.,-22.1436770553327));
#13818=CARTESIAN_POINT('Ctrl Pts',(51.0911338418057,0.,-22.2812815407644));
#13819=CARTESIAN_POINT('Ctrl Pts',(51.1627572892699,0.,-22.3979572715736));
#13820=CARTESIAN_POINT('Ctrl Pts',(51.1942754293522,0.,-22.4493008211799));
#13821=CARTESIAN_POINT('Ctrl Pts',(51.1922286058506,-2.,-21.6614418581672));
#13822=CARTESIAN_POINT('Ctrl Pts',(51.1922286058506,0.,-21.6614418581672));
#13823=CARTESIAN_POINT('Ctrl Pts',(51.1613508859459,-2.,-21.714775311539));
#13824=CARTESIAN_POINT('Ctrl Pts',(51.1613508859459,0.,-21.714775311539));
#13825=CARTESIAN_POINT('Ctrl Pts',(51.089286599569,-2.,-21.8392481440251));
#13826=CARTESIAN_POINT('Ctrl Pts',(51.089286599569,0.,-21.8392481440251));
#13827=CARTESIAN_POINT('Ctrl Pts',(51.0870784480832,-2.,-21.9839341617968));
#13828=CARTESIAN_POINT('Ctrl Pts',(51.0870784480832,0.,-21.9839341617968));
#13829=CARTESIAN_POINT('Ctrl Pts',(51.0858164335331,-2.,-22.0666258887001));
#13830=CARTESIAN_POINT('Ctrl Pts',(51.0858164335331,0.,-22.0666258887001));
#13831=CARTESIAN_POINT('Ctrl Pts',(51.1922286058506,-2.,-21.6614418581672));
#13832=CARTESIAN_POINT('Ctrl Pts',(51.1613508859459,-2.,-21.714775311539));
#13833=CARTESIAN_POINT('Ctrl Pts',(51.089286599569,-2.,-21.8392481440251));
#13834=CARTESIAN_POINT('Ctrl Pts',(51.0870784480832,-2.,-21.9839341617968));
#13835=CARTESIAN_POINT('Ctrl Pts',(51.0858164335331,-2.,-22.0666258887001));
#13836=CARTESIAN_POINT('Ctrl Pts',(51.1922286058506,0.,-21.6614418581672));
#13837=CARTESIAN_POINT('Ctrl Pts',(51.1613508859459,0.,-21.714775311539));
#13838=CARTESIAN_POINT('Ctrl Pts',(51.089286599569,0.,-21.8392481440251));
#13839=CARTESIAN_POINT('Ctrl Pts',(51.0870784480832,0.,-21.9839341617968));
#13840=CARTESIAN_POINT('Ctrl Pts',(51.0858164335331,0.,-22.0666258887001));
#13841=CARTESIAN_POINT('Origin',(51.091955711945,-2.,-22.9363399103828));
#13842=CARTESIAN_POINT('',(51.091955711945,-2.,-22.9363399103828));
#13843=CARTESIAN_POINT('',(51.091955711945,-2.,-23.9738565043159));
#13844=CARTESIAN_POINT('',(51.091955711945,-2.,-14.8429590030723));
#13845=CARTESIAN_POINT('',(51.091955711945,0.,-22.9363399103828));
#13846=CARTESIAN_POINT('',(51.091955711945,-2.,-22.9363399103828));
#13847=CARTESIAN_POINT('',(51.091955711945,0.,-23.9738565043159));
#13848=CARTESIAN_POINT('',(51.091955711945,0.,-22.9363399103828));
#13849=CARTESIAN_POINT('',(51.091955711945,-2.,-23.9738565043159));
#13850=CARTESIAN_POINT('Ctrl Pts',(51.3743565584263,-2.,-23.1307464197822));
#13851=CARTESIAN_POINT('Ctrl Pts',(51.3743565584263,0.,-23.1307464197822));
#13852=CARTESIAN_POINT('Ctrl Pts',(51.3229336412108,-2.,-23.1060024064573));
#13853=CARTESIAN_POINT('Ctrl Pts',(51.3229336412108,0.,-23.1060024064573));
#13854=CARTESIAN_POINT('Ctrl Pts',(51.218734816861,-2.,-23.0558633393299));
#13855=CARTESIAN_POINT('Ctrl Pts',(51.218734816861,0.,-23.0558633393299));
#13856=CARTESIAN_POINT('Ctrl Pts',(51.1345796566038,-2.,-22.9765244504476));
#13857=CARTESIAN_POINT('Ctrl Pts',(51.1345796566038,0.,-22.9765244504476));
#13858=CARTESIAN_POINT('Ctrl Pts',(51.091955711945,-2.,-22.9363399103828));
#13859=CARTESIAN_POINT('Ctrl Pts',(51.091955711945,0.,-22.9363399103828));
#13860=CARTESIAN_POINT('',(51.3743565584263,-2.,-23.1307464197822));
#13861=CARTESIAN_POINT('Ctrl Pts',(51.3743565584263,-2.,-23.1307464197822));
#13862=CARTESIAN_POINT('Ctrl Pts',(51.3229336412108,-2.,-23.1060024064573));
#13863=CARTESIAN_POINT('Ctrl Pts',(51.218734816861,-2.,-23.0558633393299));
#13864=CARTESIAN_POINT('Ctrl Pts',(51.1345796566038,-2.,-22.9765244504476));
#13865=CARTESIAN_POINT('Ctrl Pts',(51.091955711945,-2.,-22.9363399103828));
#13866=CARTESIAN_POINT('',(51.3743565584263,0.,-23.1307464197822));
#13867=CARTESIAN_POINT('',(51.3743565584263,-2.,-23.1307464197822));
#13868=CARTESIAN_POINT('Ctrl Pts',(51.3743565584263,0.,-23.1307464197822));
#13869=CARTESIAN_POINT('Ctrl Pts',(51.3229336412108,0.,-23.1060024064573));
#13870=CARTESIAN_POINT('Ctrl Pts',(51.218734816861,0.,-23.0558633393299));
#13871=CARTESIAN_POINT('Ctrl Pts',(51.1345796566038,0.,-22.9765244504476));
#13872=CARTESIAN_POINT('Ctrl Pts',(51.091955711945,0.,-22.9363399103828));
#13873=CARTESIAN_POINT('Ctrl Pts',(51.7263350988468,-2.,-23.1962304667183));
#13874=CARTESIAN_POINT('Ctrl Pts',(51.7263350988468,0.,-23.1962304667183));
#13875=CARTESIAN_POINT('Ctrl Pts',(51.664367991773,-2.,-23.1938202587811));
#13876=CARTESIAN_POINT('Ctrl Pts',(51.664367991773,0.,-23.1938202587811));
#13877=CARTESIAN_POINT('Ctrl Pts',(51.5438044498455,-2.,-23.1891309450563));
#13878=CARTESIAN_POINT('Ctrl Pts',(51.5438044498455,0.,-23.1891309450563));
#13879=CARTESIAN_POINT('Ctrl Pts',(51.4297765384297,-2.,-23.1498417841217));
#13880=CARTESIAN_POINT('Ctrl Pts',(51.4297765384297,0.,-23.1498417841217));
#13881=CARTESIAN_POINT('Ctrl Pts',(51.3743565584263,-2.,-23.1307464197822));
#13882=CARTESIAN_POINT('Ctrl Pts',(51.3743565584263,0.,-23.1307464197822));
#13883=CARTESIAN_POINT('',(51.7263350988468,-2.,-23.1962304667183));
#13884=CARTESIAN_POINT('Ctrl Pts',(51.7263350988468,-2.,-23.1962304667183));
#13885=CARTESIAN_POINT('Ctrl Pts',(51.664367991773,-2.,-23.1938202587811));
#13886=CARTESIAN_POINT('Ctrl Pts',(51.5438044498455,-2.,-23.1891309450563));
#13887=CARTESIAN_POINT('Ctrl Pts',(51.4297765384297,-2.,-23.1498417841217));
#13888=CARTESIAN_POINT('Ctrl Pts',(51.3743565584263,-2.,-23.1307464197822));
#13889=CARTESIAN_POINT('',(51.7263350988468,0.,-23.1962304667183));
#13890=CARTESIAN_POINT('',(51.7263350988468,-2.,-23.1962304667183));
#13891=CARTESIAN_POINT('Ctrl Pts',(51.7263350988468,0.,-23.1962304667183));
#13892=CARTESIAN_POINT('Ctrl Pts',(51.664367991773,0.,-23.1938202587811));
#13893=CARTESIAN_POINT('Ctrl Pts',(51.5438044498455,0.,-23.1891309450563));
#13894=CARTESIAN_POINT('Ctrl Pts',(51.4297765384297,0.,-23.1498417841217));
#13895=CARTESIAN_POINT('Ctrl Pts',(51.3743565584263,0.,-23.1307464197822));
#13896=CARTESIAN_POINT('Ctrl Pts',(52.3832247758946,-2.,-22.9117827967354));
#13897=CARTESIAN_POINT('Ctrl Pts',(52.3832247758946,0.,-22.9117827967354));
#13898=CARTESIAN_POINT('Ctrl Pts',(52.290326650611,-2.,-22.9947449949662));
#13899=CARTESIAN_POINT('Ctrl Pts',(52.290326650611,0.,-22.9947449949662));
#13900=CARTESIAN_POINT('Ctrl Pts',(52.1029341118102,-2.,-23.162094948515));
#13901=CARTESIAN_POINT('Ctrl Pts',(52.1029341118102,0.,-23.162094948515));
#13902=CARTESIAN_POINT('Ctrl Pts',(51.8525789798371,-2.,-23.1847875256875));
#13903=CARTESIAN_POINT('Ctrl Pts',(51.8525789798371,0.,-23.1847875256875));
#13904=CARTESIAN_POINT('Ctrl Pts',(51.7263350988468,-2.,-23.1962304667183));
#13905=CARTESIAN_POINT('Ctrl Pts',(51.7263350988468,0.,-23.1962304667183));
#13906=CARTESIAN_POINT('',(52.3832247758946,-2.,-22.9117827967354));
#13907=CARTESIAN_POINT('Ctrl Pts',(52.3832247758946,-2.,-22.9117827967354));
#13908=CARTESIAN_POINT('Ctrl Pts',(52.290326650611,-2.,-22.9947449949662));
#13909=CARTESIAN_POINT('Ctrl Pts',(52.1029341118102,-2.,-23.162094948515));
#13910=CARTESIAN_POINT('Ctrl Pts',(51.8525789798371,-2.,-23.1847875256875));
#13911=CARTESIAN_POINT('Ctrl Pts',(51.7263350988468,-2.,-23.1962304667183));
#13912=CARTESIAN_POINT('',(52.3832247758946,0.,-22.9117827967354));
#13913=CARTESIAN_POINT('',(52.3832247758946,-2.,-22.9117827967354));
#13914=CARTESIAN_POINT('Ctrl Pts',(52.3832247758946,0.,-22.9117827967354));
#13915=CARTESIAN_POINT('Ctrl Pts',(52.290326650611,0.,-22.9947449949662));
#13916=CARTESIAN_POINT('Ctrl Pts',(52.1029341118102,0.,-23.162094948515));
#13917=CARTESIAN_POINT('Ctrl Pts',(51.8525789798371,0.,-23.1847875256875));
#13918=CARTESIAN_POINT('Ctrl Pts',(51.7263350988468,0.,-23.1962304667183));
#13919=CARTESIAN_POINT('Ctrl Pts',(52.64311533223,-2.,-22.0829969004341));
#13920=CARTESIAN_POINT('Ctrl Pts',(52.64311533223,0.,-22.0829969004341));
#13921=CARTESIAN_POINT('Ctrl Pts',(52.636904912888,-2.,-22.2475857705961));
#13922=CARTESIAN_POINT('Ctrl Pts',(52.636904912888,0.,-22.2475857705961));
#13923=CARTESIAN_POINT('Ctrl Pts',(52.6255355644032,-2.,-22.5488968606449));
#13924=CARTESIAN_POINT('Ctrl Pts',(52.6255355644032,0.,-22.5488968606449));
#13925=CARTESIAN_POINT('Ctrl Pts',(52.4588566243316,-2.,-22.7985161349938));
#13926=CARTESIAN_POINT('Ctrl Pts',(52.4588566243316,0.,-22.7985161349938));
#13927=CARTESIAN_POINT('Ctrl Pts',(52.3832247758946,-2.,-22.9117827967354));
#13928=CARTESIAN_POINT('Ctrl Pts',(52.3832247758946,0.,-22.9117827967354));
#13929=CARTESIAN_POINT('',(52.64311533223,-2.,-22.0829969004341));
#13930=CARTESIAN_POINT('Ctrl Pts',(52.64311533223,-2.,-22.0829969004341));
#13931=CARTESIAN_POINT('Ctrl Pts',(52.636904912888,-2.,-22.2475857705961));
#13932=CARTESIAN_POINT('Ctrl Pts',(52.6255355644032,-2.,-22.5488968606449));
#13933=CARTESIAN_POINT('Ctrl Pts',(52.4588566243316,-2.,-22.7985161349938));
#13934=CARTESIAN_POINT('Ctrl Pts',(52.3832247758946,-2.,-22.9117827967354));
#13935=CARTESIAN_POINT('',(52.64311533223,0.,-22.0829969004341));
#13936=CARTESIAN_POINT('',(52.64311533223,-2.,-22.0829969004341));
#13937=CARTESIAN_POINT('Ctrl Pts',(52.64311533223,0.,-22.0829969004341));
#13938=CARTESIAN_POINT('Ctrl Pts',(52.636904912888,0.,-22.2475857705961));
#13939=CARTESIAN_POINT('Ctrl Pts',(52.6255355644032,0.,-22.5488968606449));
#13940=CARTESIAN_POINT('Ctrl Pts',(52.4588566243316,0.,-22.7985161349938));
#13941=CARTESIAN_POINT('Ctrl Pts',(52.3832247758946,0.,-22.9117827967354));
#13942=CARTESIAN_POINT('Ctrl Pts',(52.4036882425388,-2.,-21.258304651136));
#13943=CARTESIAN_POINT('Ctrl Pts',(52.4036882425388,0.,-21.258304651136));
#13944=CARTESIAN_POINT('Ctrl Pts',(52.4734775413011,-2.,-21.3796560380574));
#13945=CARTESIAN_POINT('Ctrl Pts',(52.4734775413011,0.,-21.3796560380574));
#13946=CARTESIAN_POINT('Ctrl Pts',(52.6200960272207,-2.,-21.6345999467971));
#13947=CARTESIAN_POINT('Ctrl Pts',(52.6200960272207,0.,-21.6345999467971));
#13948=CARTESIAN_POINT('Ctrl Pts',(52.6352004836731,-2.,-21.9288222205309));
#13949=CARTESIAN_POINT('Ctrl Pts',(52.6352004836731,0.,-21.9288222205309));
#13950=CARTESIAN_POINT('Ctrl Pts',(52.64311533223,-2.,-22.0829969004341));
#13951=CARTESIAN_POINT('Ctrl Pts',(52.64311533223,0.,-22.0829969004341));
#13952=CARTESIAN_POINT('',(52.4036882425388,-2.,-21.258304651136));
#13953=CARTESIAN_POINT('Ctrl Pts',(52.4036882425388,-2.,-21.258304651136));
#13954=CARTESIAN_POINT('Ctrl Pts',(52.4734775413011,-2.,-21.3796560380574));
#13955=CARTESIAN_POINT('Ctrl Pts',(52.6200960272207,-2.,-21.6345999467971));
#13956=CARTESIAN_POINT('Ctrl Pts',(52.6352004836731,-2.,-21.9288222205309));
#13957=CARTESIAN_POINT('Ctrl Pts',(52.64311533223,-2.,-22.0829969004341));
#13958=CARTESIAN_POINT('',(52.4036882425388,0.,-21.258304651136));
#13959=CARTESIAN_POINT('',(52.4036882425388,-2.,-21.258304651136));
#13960=CARTESIAN_POINT('Ctrl Pts',(52.4036882425388,0.,-21.258304651136));
#13961=CARTESIAN_POINT('Ctrl Pts',(52.4734775413011,0.,-21.3796560380574));
#13962=CARTESIAN_POINT('Ctrl Pts',(52.6200960272207,0.,-21.6345999467971));
#13963=CARTESIAN_POINT('Ctrl Pts',(52.6352004836731,0.,-21.9288222205309));
#13964=CARTESIAN_POINT('Ctrl Pts',(52.64311533223,0.,-22.0829969004341));
#13965=CARTESIAN_POINT('Ctrl Pts',(51.7304275537571,-2.,-20.9247439459511));
#13966=CARTESIAN_POINT('Ctrl Pts',(51.7304275537571,0.,-20.9247439459511));
#13967=CARTESIAN_POINT('Ctrl Pts',(51.8666808578778,-2.,-20.9375798070966));
#13968=CARTESIAN_POINT('Ctrl Pts',(51.8666808578778,0.,-20.9375798070966));
#13969=CARTESIAN_POINT('Ctrl Pts',(52.134214892846,-2.,-20.9627830837929));
#13970=CARTESIAN_POINT('Ctrl Pts',(52.134214892846,0.,-20.9627830837929));
#13971=CARTESIAN_POINT('Ctrl Pts',(52.3149837578409,-2.,-21.1610256868964));
#13972=CARTESIAN_POINT('Ctrl Pts',(52.3149837578409,0.,-21.1610256868964));
#13973=CARTESIAN_POINT('Ctrl Pts',(52.4036882425388,-2.,-21.258304651136));
#13974=CARTESIAN_POINT('Ctrl Pts',(52.4036882425388,0.,-21.258304651136));
#13975=CARTESIAN_POINT('',(51.7304275537571,-2.,-20.9247439459511));
#13976=CARTESIAN_POINT('Ctrl Pts',(51.7304275537571,-2.,-20.9247439459511));
#13977=CARTESIAN_POINT('Ctrl Pts',(51.8666808578778,-2.,-20.9375798070966));
#13978=CARTESIAN_POINT('Ctrl Pts',(52.134214892846,-2.,-20.9627830837929));
#13979=CARTESIAN_POINT('Ctrl Pts',(52.3149837578409,-2.,-21.1610256868964));
#13980=CARTESIAN_POINT('Ctrl Pts',(52.4036882425388,-2.,-21.258304651136));
#13981=CARTESIAN_POINT('',(51.7304275537571,0.,-20.9247439459511));
#13982=CARTESIAN_POINT('',(51.7304275537571,-2.,-20.9247439459511));
#13983=CARTESIAN_POINT('Ctrl Pts',(51.7304275537571,0.,-20.9247439459511));
#13984=CARTESIAN_POINT('Ctrl Pts',(51.8666808578778,0.,-20.9375798070966));
#13985=CARTESIAN_POINT('Ctrl Pts',(52.134214892846,0.,-20.9627830837929));
#13986=CARTESIAN_POINT('Ctrl Pts',(52.3149837578409,0.,-21.1610256868964));
#13987=CARTESIAN_POINT('Ctrl Pts',(52.4036882425388,0.,-21.258304651136));
#13988=CARTESIAN_POINT('Ctrl Pts',(51.3272903467259,-2.,-21.0209243849464));
#13989=CARTESIAN_POINT('Ctrl Pts',(51.3272903467259,0.,-21.0209243849464));
#13990=CARTESIAN_POINT('Ctrl Pts',(51.3902746177174,-2.,-20.9928741316327));
#13991=CARTESIAN_POINT('Ctrl Pts',(51.3902746177174,0.,-20.9928741316327));
#13992=CARTESIAN_POINT('Ctrl Pts',(51.5186065290205,-2.,-20.9357210906653));
#13993=CARTESIAN_POINT('Ctrl Pts',(51.5186065290205,0.,-20.9357210906653));
#13994=CARTESIAN_POINT('Ctrl Pts',(51.6589589654652,-2.,-20.9284476436231));
#13995=CARTESIAN_POINT('Ctrl Pts',(51.6589589654652,0.,-20.9284476436231));
#13996=CARTESIAN_POINT('Ctrl Pts',(51.7304275537571,-2.,-20.9247439459511));
#13997=CARTESIAN_POINT('Ctrl Pts',(51.7304275537571,0.,-20.9247439459511));
#13998=CARTESIAN_POINT('',(51.3272903467259,-2.,-21.0209243849464));
#13999=CARTESIAN_POINT('Ctrl Pts',(51.3272903467259,-2.,-21.0209243849464));
#14000=CARTESIAN_POINT('Ctrl Pts',(51.3902746177174,-2.,-20.9928741316327));
#14001=CARTESIAN_POINT('Ctrl Pts',(51.5186065290205,-2.,-20.9357210906653));
#14002=CARTESIAN_POINT('Ctrl Pts',(51.6589589654652,-2.,-20.9284476436231));
#14003=CARTESIAN_POINT('Ctrl Pts',(51.7304275537571,-2.,-20.9247439459511));
#14004=CARTESIAN_POINT('',(51.3272903467259,0.,-21.0209243849464));
#14005=CARTESIAN_POINT('',(51.3272903467259,-2.,-21.0209243849464));
#14006=CARTESIAN_POINT('Ctrl Pts',(51.3272903467259,0.,-21.0209243849464));
#14007=CARTESIAN_POINT('Ctrl Pts',(51.3902746177174,0.,-20.9928741316327));
#14008=CARTESIAN_POINT('Ctrl Pts',(51.5186065290205,0.,-20.9357210906653));
#14009=CARTESIAN_POINT('Ctrl Pts',(51.6589589654652,0.,-20.9284476436231));
#14010=CARTESIAN_POINT('Ctrl Pts',(51.7304275537571,0.,-20.9247439459511));
#14011=CARTESIAN_POINT('Ctrl Pts',(51.0305641199192,-2.,-21.2951391295143));
#14012=CARTESIAN_POINT('Ctrl Pts',(51.0305641199192,0.,-21.2951391295143));
#14013=CARTESIAN_POINT('Ctrl Pts',(51.0793889583234,-2.,-21.2353609848217));
#14014=CARTESIAN_POINT('Ctrl Pts',(51.0793889583234,0.,-21.2353609848217));
#14015=CARTESIAN_POINT('Ctrl Pts',(51.1655826024338,-2.,-21.1298307609107));
#14016=CARTESIAN_POINT('Ctrl Pts',(51.1655826024338,0.,-21.1298307609107));
#14017=CARTESIAN_POINT('Ctrl Pts',(51.2783853170295,-2.,-21.0538607762984));
#14018=CARTESIAN_POINT('Ctrl Pts',(51.2783853170295,0.,-21.0538607762984));
#14019=CARTESIAN_POINT('Ctrl Pts',(51.3272903467259,-2.,-21.0209243849464));
#14020=CARTESIAN_POINT('Ctrl Pts',(51.3272903467259,0.,-21.0209243849464));
#14021=CARTESIAN_POINT('',(51.0305641199192,-2.,-21.2951391295143));
#14022=CARTESIAN_POINT('Ctrl Pts',(51.0305641199192,-2.,-21.2951391295143));
#14023=CARTESIAN_POINT('Ctrl Pts',(51.0793889583234,-2.,-21.2353609848217));
#14024=CARTESIAN_POINT('Ctrl Pts',(51.1655826024338,-2.,-21.1298307609107));
#14025=CARTESIAN_POINT('Ctrl Pts',(51.2783853170295,-2.,-21.0538607762984));
#14026=CARTESIAN_POINT('Ctrl Pts',(51.3272903467259,-2.,-21.0209243849464));
#14027=CARTESIAN_POINT('',(51.0305641199192,0.,-21.2951391295143));
#14028=CARTESIAN_POINT('',(51.0305641199192,-2.,-21.2951391295143));
#14029=CARTESIAN_POINT('Ctrl Pts',(51.0305641199192,0.,-21.2951391295143));
#14030=CARTESIAN_POINT('Ctrl Pts',(51.0793889583234,0.,-21.2353609848217));
#14031=CARTESIAN_POINT('Ctrl Pts',(51.1655826024338,0.,-21.1298307609107));
#14032=CARTESIAN_POINT('Ctrl Pts',(51.2783853170295,0.,-21.0538607762984));
#14033=CARTESIAN_POINT('Ctrl Pts',(51.3272903467259,0.,-21.0209243849464));
#14034=CARTESIAN_POINT('Origin',(51.0305641199192,-2.,-20.9738569811531));
#14035=CARTESIAN_POINT('',(51.0305641199192,-2.,-20.9738569811531));
#14036=CARTESIAN_POINT('',(51.0305641199192,-2.,-13.8617175384574));
#14037=CARTESIAN_POINT('',(51.0305641199192,0.,-20.9738569811531));
#14038=CARTESIAN_POINT('',(51.0305641199192,-2.,-20.9738569811531));
#14039=CARTESIAN_POINT('',(51.0305641199192,0.,-20.9738569811531));
#14040=CARTESIAN_POINT('Origin',(50.25089125882,-2.,-20.9738569811531));
#14041=CARTESIAN_POINT('',(50.25089125882,-2.,-20.9738569811531));
#14042=CARTESIAN_POINT('',(34.4280427210867,-2.,-20.9738569811531));
#14043=CARTESIAN_POINT('',(50.25089125882,0.,-20.9738569811531));
#14044=CARTESIAN_POINT('',(50.25089125882,-2.,-20.9738569811531));
#14045=CARTESIAN_POINT('',(50.25089125882,0.,-20.9738569811531));
#14046=CARTESIAN_POINT('Origin',(50.25089125882,-2.,-23.9738565043159));
#14047=CARTESIAN_POINT('',(50.25089125882,-2.,-23.9738565043159));
#14048=CARTESIAN_POINT('',(50.25089125882,-2.,-15.3617173000388));
#14049=CARTESIAN_POINT('',(50.25089125882,0.,-23.9738565043159));
#14050=CARTESIAN_POINT('',(50.25089125882,-2.,-23.9738565043159));
#14051=CARTESIAN_POINT('',(50.25089125882,0.,-23.9738565043159));
#14052=CARTESIAN_POINT('Origin',(51.091955711945,-2.,-23.9738565043159));
#14053=CARTESIAN_POINT('',(34.8485749476492,-2.,-23.9738565043159));
#14054=CARTESIAN_POINT('',(51.091955711945,0.,-23.9738565043159));
#14055=CARTESIAN_POINT('Origin',(47.0319274374014,0.,-19.0799278870769));
#14056=CARTESIAN_POINT('Origin',(46.4364300275883,-2.,-23.1471174315162));
#14057=CARTESIAN_POINT('',(46.4364300275883,-2.,-23.1471174315162));
#14058=CARTESIAN_POINT('',(45.59945862542,-2.,-23.1471174315162));
#14059=CARTESIAN_POINT('',(32.5208121054708,-2.,-23.1471174315162));
#14060=CARTESIAN_POINT('',(46.4364300275883,0.,-23.1471174315162));
#14061=CARTESIAN_POINT('',(46.4364300275883,-2.,-23.1471174315162));
#14062=CARTESIAN_POINT('',(45.59945862542,0.,-23.1471174315162));
#14063=CARTESIAN_POINT('',(46.4364300275883,0.,-23.1471174315162));
#14064=CARTESIAN_POINT('',(45.59945862542,-2.,-23.1471174315162));
#14065=CARTESIAN_POINT('Origin',(46.4364300275883,-2.,-22.4186044291206));
#14066=CARTESIAN_POINT('',(46.4364300275883,-2.,-22.4186044291206));
#14067=CARTESIAN_POINT('',(46.4364300275883,-2.,-14.5840912624412));
#14068=CARTESIAN_POINT('',(46.4364300275883,0.,-22.4186044291206));
#14069=CARTESIAN_POINT('',(46.4364300275883,-2.,-22.4186044291206));
#14070=CARTESIAN_POINT('',(46.4364300275883,0.,-22.4186044291206));
#14071=CARTESIAN_POINT('Ctrl Pts',(46.5653524900517,-2.,-21.706462438459));
#14072=CARTESIAN_POINT('Ctrl Pts',(46.5653524900517,0.,-21.706462438459));
#14073=CARTESIAN_POINT('Ctrl Pts',(46.5281279937229,-2.,-21.7964790406241));
#14074=CARTESIAN_POINT('Ctrl Pts',(46.5281279937229,0.,-21.7964790406241));
#14075=CARTESIAN_POINT('Ctrl Pts',(46.4343687469132,-2.,-22.0232084702132));
#14076=CARTESIAN_POINT('Ctrl Pts',(46.4343687469132,0.,-22.0232084702132));
#14077=CARTESIAN_POINT('Ctrl Pts',(46.4356546540488,-2.,-22.269871863077));
#14078=CARTESIAN_POINT('Ctrl Pts',(46.4356546540488,0.,-22.269871863077));
#14079=CARTESIAN_POINT('Ctrl Pts',(46.4364300275883,-2.,-22.4186044291206));
#14080=CARTESIAN_POINT('Ctrl Pts',(46.4364300275883,0.,-22.4186044291206));
#14081=CARTESIAN_POINT('',(46.5653524900517,-2.,-21.706462438459));
#14082=CARTESIAN_POINT('Ctrl Pts',(46.5653524900517,-2.,-21.706462438459));
#14083=CARTESIAN_POINT('Ctrl Pts',(46.5281279937229,-2.,-21.7964790406241));
#14084=CARTESIAN_POINT('Ctrl Pts',(46.4343687469132,-2.,-22.0232084702132));
#14085=CARTESIAN_POINT('Ctrl Pts',(46.4356546540488,-2.,-22.269871863077));
#14086=CARTESIAN_POINT('Ctrl Pts',(46.4364300275883,-2.,-22.4186044291206));
#14087=CARTESIAN_POINT('',(46.5653524900517,0.,-21.706462438459));
#14088=CARTESIAN_POINT('',(46.5653524900517,-2.,-21.706462438459));
#14089=CARTESIAN_POINT('Ctrl Pts',(46.5653524900517,0.,-21.706462438459));
#14090=CARTESIAN_POINT('Ctrl Pts',(46.5281279937229,0.,-21.7964790406241));
#14091=CARTESIAN_POINT('Ctrl Pts',(46.4343687469132,0.,-22.0232084702132));
#14092=CARTESIAN_POINT('Ctrl Pts',(46.4356546540488,0.,-22.269871863077));
#14093=CARTESIAN_POINT('Ctrl Pts',(46.4364300275883,0.,-22.4186044291206));
#14094=CARTESIAN_POINT('Ctrl Pts',(46.8191037679752,-2.,-21.5714006975837));
#14095=CARTESIAN_POINT('Ctrl Pts',(46.8191037679752,0.,-21.5714006975837));
#14096=CARTESIAN_POINT('Ctrl Pts',(46.7676415252684,-2.,-21.5769702727421));
#14097=CARTESIAN_POINT('Ctrl Pts',(46.7676415252684,0.,-21.5769702727421));
#14098=CARTESIAN_POINT('Ctrl Pts',(46.6649791795277,-2.,-21.588081052616));
#14099=CARTESIAN_POINT('Ctrl Pts',(46.6649791795277,0.,-21.588081052616));
#14100=CARTESIAN_POINT('Ctrl Pts',(46.5985048076361,-2.,-21.6670692063824));
#14101=CARTESIAN_POINT('Ctrl Pts',(46.5985048076361,0.,-21.6670692063824));
#14102=CARTESIAN_POINT('Ctrl Pts',(46.5653524900517,-2.,-21.706462438459));
#14103=CARTESIAN_POINT('Ctrl Pts',(46.5653524900517,0.,-21.706462438459));
#14104=CARTESIAN_POINT('',(46.8191037679752,-2.,-21.5714006975837));
#14105=CARTESIAN_POINT('Ctrl Pts',(46.8191037679752,-2.,-21.5714006975837));
#14106=CARTESIAN_POINT('Ctrl Pts',(46.7676415252684,-2.,-21.5769702727421));
#14107=CARTESIAN_POINT('Ctrl Pts',(46.6649791795277,-2.,-21.588081052616));
#14108=CARTESIAN_POINT('Ctrl Pts',(46.5985048076361,-2.,-21.6670692063824));
#14109=CARTESIAN_POINT('Ctrl Pts',(46.5653524900517,-2.,-21.706462438459));
#14110=CARTESIAN_POINT('',(46.8191037679752,0.,-21.5714006975837));
#14111=CARTESIAN_POINT('',(46.8191037679752,-2.,-21.5714006975837));
#14112=CARTESIAN_POINT('Ctrl Pts',(46.8191037679752,0.,-21.5714006975837));
#14113=CARTESIAN_POINT('Ctrl Pts',(46.7676415252684,0.,-21.5769702727421));
#14114=CARTESIAN_POINT('Ctrl Pts',(46.6649791795277,0.,-21.588081052616));
#14115=CARTESIAN_POINT('Ctrl Pts',(46.5985048076361,0.,-21.6670692063824));
#14116=CARTESIAN_POINT('Ctrl Pts',(46.5653524900517,0.,-21.706462438459));
#14117=CARTESIAN_POINT('Ctrl Pts',(47.0523915792545,-2.,-21.6327922896095));
#14118=CARTESIAN_POINT('Ctrl Pts',(47.0523915792545,0.,-21.6327922896095));
#14119=CARTESIAN_POINT('Ctrl Pts',(47.0089927047284,-2.,-21.6150302848718));
#14120=CARTESIAN_POINT('Ctrl Pts',(47.0089927047284,0.,-21.6150302848718));
#14121=CARTESIAN_POINT('Ctrl Pts',(46.933787401566,-2.,-21.5842507550877));
#14122=CARTESIAN_POINT('Ctrl Pts',(46.933787401566,0.,-21.5842507550877));
#14123=CARTESIAN_POINT('Ctrl Pts',(46.8531904680617,-2.,-21.5752200399129));
#14124=CARTESIAN_POINT('Ctrl Pts',(46.8531904680617,0.,-21.5752200399129));
#14125=CARTESIAN_POINT('Ctrl Pts',(46.8191037679752,-2.,-21.5714006975837));
#14126=CARTESIAN_POINT('Ctrl Pts',(46.8191037679752,0.,-21.5714006975837));
#14127=CARTESIAN_POINT('',(47.0523915792545,-2.,-21.6327922896095));
#14128=CARTESIAN_POINT('Ctrl Pts',(47.0523915792545,-2.,-21.6327922896095));
#14129=CARTESIAN_POINT('Ctrl Pts',(47.0089927047284,-2.,-21.6150302848718));
#14130=CARTESIAN_POINT('Ctrl Pts',(46.933787401566,-2.,-21.5842507550877));
#14131=CARTESIAN_POINT('Ctrl Pts',(46.8531904680617,-2.,-21.5752200399129));
#14132=CARTESIAN_POINT('Ctrl Pts',(46.8191037679752,-2.,-21.5714006975837));
#14133=CARTESIAN_POINT('',(47.0523915792545,0.,-21.6327922896095));
#14134=CARTESIAN_POINT('',(47.0523915792545,-2.,-21.6327922896095));
#14135=CARTESIAN_POINT('Ctrl Pts',(47.0523915792545,0.,-21.6327922896095));
#14136=CARTESIAN_POINT('Ctrl Pts',(47.0089927047284,0.,-21.6150302848718));
#14137=CARTESIAN_POINT('Ctrl Pts',(46.933787401566,0.,-21.5842507550877));
#14138=CARTESIAN_POINT('Ctrl Pts',(46.8531904680617,0.,-21.5752200399129));
#14139=CARTESIAN_POINT('Ctrl Pts',(46.8191037679752,0.,-21.5714006975837));
#14140=CARTESIAN_POINT('Origin',(47.3102365041813,-2.,-21.0393410280891));
#14141=CARTESIAN_POINT('',(47.3102365041813,-2.,-21.0393410280891));
#14142=CARTESIAN_POINT('',(47.6424450172529,-2.,-20.2747358638565));
#14143=CARTESIAN_POINT('',(47.3102365041813,0.,-21.0393410280891));
#14144=CARTESIAN_POINT('',(47.3102365041813,-2.,-21.0393410280891));
#14145=CARTESIAN_POINT('',(47.3102365041813,0.,-21.0393410280891));
#14146=CARTESIAN_POINT('Ctrl Pts',(46.9070981050572,-2.,-20.9247439459511));
#14147=CARTESIAN_POINT('Ctrl Pts',(46.9070981050572,0.,-20.9247439459511));
#14148=CARTESIAN_POINT('Ctrl Pts',(46.9723419323227,-2.,-20.9308197047797));
#14149=CARTESIAN_POINT('Ctrl Pts',(46.9723419323227,0.,-20.9308197047797));
#14150=CARTESIAN_POINT('Ctrl Pts',(47.113592180267,-2.,-20.9439734769749));
#14151=CARTESIAN_POINT('Ctrl Pts',(47.113592180267,0.,-20.9439734769749));
#14152=CARTESIAN_POINT('Ctrl Pts',(47.2414412340418,-2.,-21.0059770524053));
#14153=CARTESIAN_POINT('Ctrl Pts',(47.2414412340418,0.,-21.0059770524053));
#14154=CARTESIAN_POINT('Ctrl Pts',(47.3102365041813,-2.,-21.0393410280891));
#14155=CARTESIAN_POINT('Ctrl Pts',(47.3102365041813,0.,-21.0393410280891));
#14156=CARTESIAN_POINT('',(46.9070981050572,-2.,-20.9247439459511));
#14157=CARTESIAN_POINT('Ctrl Pts',(46.9070981050572,-2.,-20.9247439459511));
#14158=CARTESIAN_POINT('Ctrl Pts',(46.9723419323227,-2.,-20.9308197047797));
#14159=CARTESIAN_POINT('Ctrl Pts',(47.113592180267,-2.,-20.9439734769749));
#14160=CARTESIAN_POINT('Ctrl Pts',(47.2414412340418,-2.,-21.0059770524053));
#14161=CARTESIAN_POINT('Ctrl Pts',(47.3102365041813,-2.,-21.0393410280891));
#14162=CARTESIAN_POINT('',(46.9070981050572,0.,-20.9247439459511));
#14163=CARTESIAN_POINT('',(46.9070981050572,-2.,-20.9247439459511));
#14164=CARTESIAN_POINT('Ctrl Pts',(46.9070981050572,0.,-20.9247439459511));
#14165=CARTESIAN_POINT('Ctrl Pts',(46.9723419323227,0.,-20.9308197047797));
#14166=CARTESIAN_POINT('Ctrl Pts',(47.113592180267,0.,-20.9439734769749));
#14167=CARTESIAN_POINT('Ctrl Pts',(47.2414412340418,0.,-21.0059770524053));
#14168=CARTESIAN_POINT('Ctrl Pts',(47.3102365041813,0.,-21.0393410280891));
#14169=CARTESIAN_POINT('Ctrl Pts',(46.6103730703434,-2.,-21.012738283033));
#14170=CARTESIAN_POINT('Ctrl Pts',(46.6103730703434,0.,-21.012738283033));
#14171=CARTESIAN_POINT('Ctrl Pts',(46.6541111537544,-2.,-20.9870870172516));
#14172=CARTESIAN_POINT('Ctrl Pts',(46.6541111537544,0.,-20.9870870172516));
#14173=CARTESIAN_POINT('Ctrl Pts',(46.7456144126415,-2.,-20.9334226993273));
#14174=CARTESIAN_POINT('Ctrl Pts',(46.7456144126415,0.,-20.9334226993273));
#14175=CARTESIAN_POINT('Ctrl Pts',(46.8517137177764,-2.,-20.927720515479));
#14176=CARTESIAN_POINT('Ctrl Pts',(46.8517137177764,0.,-20.927720515479));
#14177=CARTESIAN_POINT('Ctrl Pts',(46.9070981050572,-2.,-20.9247439459511));
#14178=CARTESIAN_POINT('Ctrl Pts',(46.9070981050572,0.,-20.9247439459511));
#14179=CARTESIAN_POINT('',(46.6103730703434,-2.,-21.012738283033));
#14180=CARTESIAN_POINT('Ctrl Pts',(46.6103730703434,-2.,-21.012738283033));
#14181=CARTESIAN_POINT('Ctrl Pts',(46.6541111537544,-2.,-20.9870870172516));
#14182=CARTESIAN_POINT('Ctrl Pts',(46.7456144126415,-2.,-20.9334226993273));
#14183=CARTESIAN_POINT('Ctrl Pts',(46.8517137177764,-2.,-20.927720515479));
#14184=CARTESIAN_POINT('Ctrl Pts',(46.9070981050572,-2.,-20.9247439459511));
#14185=CARTESIAN_POINT('',(46.6103730703434,0.,-21.012738283033));
#14186=CARTESIAN_POINT('',(46.6103730703434,-2.,-21.012738283033));
#14187=CARTESIAN_POINT('Ctrl Pts',(46.6103730703434,0.,-21.012738283033));
#14188=CARTESIAN_POINT('Ctrl Pts',(46.6541111537544,0.,-20.9870870172516));
#14189=CARTESIAN_POINT('Ctrl Pts',(46.7456144126415,0.,-20.9334226993273));
#14190=CARTESIAN_POINT('Ctrl Pts',(46.8517137177764,0.,-20.927720515479));
#14191=CARTESIAN_POINT('Ctrl Pts',(46.9070981050572,0.,-20.9247439459511));
#14192=CARTESIAN_POINT('Ctrl Pts',(46.3791308904728,-2.,-21.3299279764839));
#14193=CARTESIAN_POINT('Ctrl Pts',(46.3791308904728,0.,-21.3299279764839));
#14194=CARTESIAN_POINT('Ctrl Pts',(46.413143027196,-2.,-21.261922335749));
#14195=CARTESIAN_POINT('Ctrl Pts',(46.413143027196,0.,-21.261922335749));
#14196=CARTESIAN_POINT('Ctrl Pts',(46.4726570342048,-2.,-21.1429269250144));
#14197=CARTESIAN_POINT('Ctrl Pts',(46.4726570342048,0.,-21.1429269250144));
#14198=CARTESIAN_POINT('Ctrl Pts',(46.5690629456746,-2.,-21.0517904455952));
#14199=CARTESIAN_POINT('Ctrl Pts',(46.5690629456746,0.,-21.0517904455952));
#14200=CARTESIAN_POINT('Ctrl Pts',(46.6103730703434,-2.,-21.012738283033));
#14201=CARTESIAN_POINT('Ctrl Pts',(46.6103730703434,0.,-21.012738283033));
#14202=CARTESIAN_POINT('',(46.3791308904728,-2.,-21.3299279764839));
#14203=CARTESIAN_POINT('Ctrl Pts',(46.3791308904728,-2.,-21.3299279764839));
#14204=CARTESIAN_POINT('Ctrl Pts',(46.413143027196,-2.,-21.261922335749));
#14205=CARTESIAN_POINT('Ctrl Pts',(46.4726570342048,-2.,-21.1429269250144));
#14206=CARTESIAN_POINT('Ctrl Pts',(46.5690629456746,-2.,-21.0517904455952));
#14207=CARTESIAN_POINT('Ctrl Pts',(46.6103730703434,-2.,-21.012738283033));
#14208=CARTESIAN_POINT('',(46.3791308904728,0.,-21.3299279764839));
#14209=CARTESIAN_POINT('',(46.3791308904728,-2.,-21.3299279764839));
#14210=CARTESIAN_POINT('Ctrl Pts',(46.3791308904728,0.,-21.3299279764839));
#14211=CARTESIAN_POINT('Ctrl Pts',(46.413143027196,0.,-21.261922335749));
#14212=CARTESIAN_POINT('Ctrl Pts',(46.4726570342048,0.,-21.1429269250144));
#14213=CARTESIAN_POINT('Ctrl Pts',(46.5690629456746,0.,-21.0517904455952));
#14214=CARTESIAN_POINT('Ctrl Pts',(46.6103730703434,0.,-21.012738283033));
#14215=CARTESIAN_POINT('Origin',(46.3791308904728,-2.,-20.9738569811531));
#14216=CARTESIAN_POINT('',(46.3791308904728,-2.,-20.9738569811531));
#14217=CARTESIAN_POINT('',(46.3791308904728,-2.,-13.8617175384574));
#14218=CARTESIAN_POINT('',(46.3791308904728,0.,-20.9738569811531));
#14219=CARTESIAN_POINT('',(46.3791308904728,-2.,-20.9738569811531));
#14220=CARTESIAN_POINT('',(46.3791308904728,0.,-20.9738569811531));
#14221=CARTESIAN_POINT('Origin',(45.59945862542,-2.,-20.9738569811531));
#14222=CARTESIAN_POINT('',(45.59945862542,-2.,-20.9738569811531));
#14223=CARTESIAN_POINT('',(32.1023264043867,-2.,-20.9738569811531));
#14224=CARTESIAN_POINT('',(45.59945862542,0.,-20.9738569811531));
#14225=CARTESIAN_POINT('',(45.59945862542,-2.,-20.9738569811531));
#14226=CARTESIAN_POINT('',(45.59945862542,0.,-20.9738569811531));
#14227=CARTESIAN_POINT('Origin',(45.59945862542,-2.,-23.1471174315162));
#14228=CARTESIAN_POINT('',(45.59945862542,-2.,-14.948347763639));
#14229=CARTESIAN_POINT('',(45.59945862542,0.,-23.1471174315162));
#14230=CARTESIAN_POINT('Origin',(47.0319274374014,0.,-19.0799278870769));
#14231=CARTESIAN_POINT('Ctrl Pts',(41.4309726263127,-2.,-22.5025063112922));
#14232=CARTESIAN_POINT('Ctrl Pts',(41.4309726263127,0.,-22.5025063112922));
#14233=CARTESIAN_POINT('Ctrl Pts',(41.4458640967373,-2.,-22.4654358596305));
#14234=CARTESIAN_POINT('Ctrl Pts',(41.4458640967373,0.,-22.4654358596305));
#14235=CARTESIAN_POINT('Ctrl Pts',(41.4785105492518,-2.,-22.3841666024413));
#14236=CARTESIAN_POINT('Ctrl Pts',(41.4785105492518,0.,-22.3841666024413));
#14237=CARTESIAN_POINT('Ctrl Pts',(41.480856580766,-2.,-22.296456651438));
#14238=CARTESIAN_POINT('Ctrl Pts',(41.480856580766,0.,-22.296456651438));
#14239=CARTESIAN_POINT('Ctrl Pts',(41.4821324850163,-2.,-22.2487550333687));
#14240=CARTESIAN_POINT('Ctrl Pts',(41.4821324850163,0.,-22.2487550333687));
#14241=CARTESIAN_POINT('',(41.4309726263127,-2.,-22.5025063112922));
#14242=CARTESIAN_POINT('',(41.4821324850163,-2.,-22.2487550333687));
#14243=CARTESIAN_POINT('Ctrl Pts',(41.4309726263127,-2.,-22.5025063112922));
#14244=CARTESIAN_POINT('Ctrl Pts',(41.4458640967373,-2.,-22.4654358596305));
#14245=CARTESIAN_POINT('Ctrl Pts',(41.4785105492518,-2.,-22.3841666024413));
#14246=CARTESIAN_POINT('Ctrl Pts',(41.480856580766,-2.,-22.296456651438));
#14247=CARTESIAN_POINT('Ctrl Pts',(41.4821324850163,-2.,-22.2487550333687));
#14248=CARTESIAN_POINT('',(41.4309726263127,0.,-22.5025063112922));
#14249=CARTESIAN_POINT('',(41.4309726263127,-2.,-22.5025063112922));
#14250=CARTESIAN_POINT('',(41.4821324850163,0.,-22.2487550333687));
#14251=CARTESIAN_POINT('Ctrl Pts',(41.4309726263127,0.,-22.5025063112922));
#14252=CARTESIAN_POINT('Ctrl Pts',(41.4458640967373,0.,-22.4654358596305));
#14253=CARTESIAN_POINT('Ctrl Pts',(41.4785105492518,0.,-22.3841666024413));
#14254=CARTESIAN_POINT('Ctrl Pts',(41.480856580766,0.,-22.296456651438));
#14255=CARTESIAN_POINT('Ctrl Pts',(41.4821324850163,0.,-22.2487550333687));
#14256=CARTESIAN_POINT('',(41.4821324850163,-2.,-22.2487550333687));
#14257=CARTESIAN_POINT('Ctrl Pts',(41.2611226345143,-2.,-22.6662176207252));
#14258=CARTESIAN_POINT('Ctrl Pts',(41.2611226345143,0.,-22.6662176207252));
#14259=CARTESIAN_POINT('Ctrl Pts',(41.2977428373492,-2.,-22.6437038191429));
#14260=CARTESIAN_POINT('Ctrl Pts',(41.2977428373492,0.,-22.6437038191429));
#14261=CARTESIAN_POINT('Ctrl Pts',(41.3664686329262,-2.,-22.601451761387));
#14262=CARTESIAN_POINT('Ctrl Pts',(41.3664686329262,0.,-22.601451761387));
#14263=CARTESIAN_POINT('Ctrl Pts',(41.4104339926944,-2.,-22.5340114048686));
#14264=CARTESIAN_POINT('Ctrl Pts',(41.4104339926944,0.,-22.5340114048686));
#14265=CARTESIAN_POINT('Ctrl Pts',(41.4309726263127,-2.,-22.5025063112922));
#14266=CARTESIAN_POINT('Ctrl Pts',(41.4309726263127,0.,-22.5025063112922));
#14267=CARTESIAN_POINT('',(41.2611226345143,-2.,-22.6662176207252));
#14268=CARTESIAN_POINT('Ctrl Pts',(41.2611226345143,-2.,-22.6662176207252));
#14269=CARTESIAN_POINT('Ctrl Pts',(41.2977428373492,-2.,-22.6437038191429));
#14270=CARTESIAN_POINT('Ctrl Pts',(41.3664686329262,-2.,-22.601451761387));
#14271=CARTESIAN_POINT('Ctrl Pts',(41.4104339926944,-2.,-22.5340114048686));
#14272=CARTESIAN_POINT('Ctrl Pts',(41.4309726263127,-2.,-22.5025063112922));
#14273=CARTESIAN_POINT('',(41.2611226345143,0.,-22.6662176207252));
#14274=CARTESIAN_POINT('',(41.2611226345143,-2.,-22.6662176207252));
#14275=CARTESIAN_POINT('Ctrl Pts',(41.2611226345143,0.,-22.6662176207252));
#14276=CARTESIAN_POINT('Ctrl Pts',(41.2977428373492,0.,-22.6437038191429));
#14277=CARTESIAN_POINT('Ctrl Pts',(41.3664686329262,0.,-22.601451761387));
#14278=CARTESIAN_POINT('Ctrl Pts',(41.4104339926944,0.,-22.5340114048686));
#14279=CARTESIAN_POINT('Ctrl Pts',(41.4309726263127,0.,-22.5025063112922));
#14280=CARTESIAN_POINT('Ctrl Pts',(41.0032783056339,-2.,-22.7337472990699));
#14281=CARTESIAN_POINT('Ctrl Pts',(41.0032783056339,0.,-22.7337472990699));
#14282=CARTESIAN_POINT('Ctrl Pts',(41.0487113960007,-2.,-22.7309897532284));
#14283=CARTESIAN_POINT('Ctrl Pts',(41.0487113960007,0.,-22.7309897532284));
#14284=CARTESIAN_POINT('Ctrl Pts',(41.1391295080122,-2.,-22.7255018569228));
#14285=CARTESIAN_POINT('Ctrl Pts',(41.1391295080122,0.,-22.7255018569228));
#14286=CARTESIAN_POINT('Ctrl Pts',(41.2205928233643,-2.,-22.6859136393957));
#14287=CARTESIAN_POINT('Ctrl Pts',(41.2205928233643,0.,-22.6859136393957));
#14288=CARTESIAN_POINT('Ctrl Pts',(41.2611226345143,-2.,-22.6662176207252));
#14289=CARTESIAN_POINT('Ctrl Pts',(41.2611226345143,0.,-22.6662176207252));
#14290=CARTESIAN_POINT('',(41.0032783056339,-2.,-22.7337472990699));
#14291=CARTESIAN_POINT('Ctrl Pts',(41.0032783056339,-2.,-22.7337472990699));
#14292=CARTESIAN_POINT('Ctrl Pts',(41.0487113960007,-2.,-22.7309897532284));
#14293=CARTESIAN_POINT('Ctrl Pts',(41.1391295080122,-2.,-22.7255018569228));
#14294=CARTESIAN_POINT('Ctrl Pts',(41.2205928233643,-2.,-22.6859136393957));
#14295=CARTESIAN_POINT('Ctrl Pts',(41.2611226345143,-2.,-22.6662176207252));
#14296=CARTESIAN_POINT('',(41.0032783056339,0.,-22.7337472990699));
#14297=CARTESIAN_POINT('',(41.0032783056339,-2.,-22.7337472990699));
#14298=CARTESIAN_POINT('Ctrl Pts',(41.0032783056339,0.,-22.7337472990699));
#14299=CARTESIAN_POINT('Ctrl Pts',(41.0487113960007,0.,-22.7309897532284));
#14300=CARTESIAN_POINT('Ctrl Pts',(41.1391295080122,0.,-22.7255018569228));
#14301=CARTESIAN_POINT('Ctrl Pts',(41.2205928233643,0.,-22.6859136393957));
#14302=CARTESIAN_POINT('Ctrl Pts',(41.2611226345143,0.,-22.6662176207252));
#14303=CARTESIAN_POINT('Ctrl Pts',(40.8006862903675,-2.,-22.6723557070442));
#14304=CARTESIAN_POINT('Ctrl Pts',(40.8006862903675,0.,-22.6723557070442));
#14305=CARTESIAN_POINT('Ctrl Pts',(40.8283537831876,-2.,-22.6902172141442));
#14306=CARTESIAN_POINT('Ctrl Pts',(40.8283537831876,0.,-22.6902172141442));
#14307=CARTESIAN_POINT('Ctrl Pts',(40.8897043540643,-2.,-22.7298237540075));
#14308=CARTESIAN_POINT('Ctrl Pts',(40.8897043540643,0.,-22.7298237540075));
#14309=CARTESIAN_POINT('Ctrl Pts',(40.9630239292225,-2.,-22.7323566645307));
#14310=CARTESIAN_POINT('Ctrl Pts',(40.9630239292225,0.,-22.7323566645307));
#14311=CARTESIAN_POINT('Ctrl Pts',(41.0032783056339,-2.,-22.7337472990699));
#14312=CARTESIAN_POINT('Ctrl Pts',(41.0032783056339,0.,-22.7337472990699));
#14313=CARTESIAN_POINT('',(40.8006862903675,-2.,-22.6723557070442));
#14314=CARTESIAN_POINT('Ctrl Pts',(40.8006862903675,-2.,-22.6723557070442));
#14315=CARTESIAN_POINT('Ctrl Pts',(40.8283537831876,-2.,-22.6902172141442));
#14316=CARTESIAN_POINT('Ctrl Pts',(40.8897043540643,-2.,-22.7298237540075));
#14317=CARTESIAN_POINT('Ctrl Pts',(40.9630239292225,-2.,-22.7323566645307));
#14318=CARTESIAN_POINT('Ctrl Pts',(41.0032783056339,-2.,-22.7337472990699));
#14319=CARTESIAN_POINT('',(40.8006862903675,0.,-22.6723557070442));
#14320=CARTESIAN_POINT('',(40.8006862903675,-2.,-22.6723557070442));
#14321=CARTESIAN_POINT('Ctrl Pts',(40.8006862903675,0.,-22.6723557070442));
#14322=CARTESIAN_POINT('Ctrl Pts',(40.8283537831876,0.,-22.6902172141442));
#14323=CARTESIAN_POINT('Ctrl Pts',(40.8897043540643,0.,-22.7298237540075));
#14324=CARTESIAN_POINT('Ctrl Pts',(40.9630239292225,0.,-22.7323566645307));
#14325=CARTESIAN_POINT('Ctrl Pts',(41.0032783056339,0.,-22.7337472990699));
#14326=CARTESIAN_POINT('Ctrl Pts',(40.7331554199299,-2.,-22.5106912211128));
#14327=CARTESIAN_POINT('Ctrl Pts',(40.7331554199299,0.,-22.5106912211128));
#14328=CARTESIAN_POINT('Ctrl Pts',(40.735778021909,-2.,-22.5418023224534));
#14329=CARTESIAN_POINT('Ctrl Pts',(40.735778021909,0.,-22.5418023224534));
#14330=CARTESIAN_POINT('Ctrl Pts',(40.7409378057437,-2.,-22.6030112131101));
#14331=CARTESIAN_POINT('Ctrl Pts',(40.7409378057437,0.,-22.6030112131101));
#14332=CARTESIAN_POINT('Ctrl Pts',(40.7809911563127,-2.,-22.6494974017233));
#14333=CARTESIAN_POINT('Ctrl Pts',(40.7809911563127,0.,-22.6494974017233));
#14334=CARTESIAN_POINT('Ctrl Pts',(40.8006862903675,-2.,-22.6723557070442));
#14335=CARTESIAN_POINT('Ctrl Pts',(40.8006862903675,0.,-22.6723557070442));
#14336=CARTESIAN_POINT('',(40.7331554199299,-2.,-22.5106912211128));
#14337=CARTESIAN_POINT('Ctrl Pts',(40.7331554199299,-2.,-22.5106912211128));
#14338=CARTESIAN_POINT('Ctrl Pts',(40.735778021909,-2.,-22.5418023224534));
#14339=CARTESIAN_POINT('Ctrl Pts',(40.7409378057437,-2.,-22.6030112131101));
#14340=CARTESIAN_POINT('Ctrl Pts',(40.7809911563127,-2.,-22.6494974017233));
#14341=CARTESIAN_POINT('Ctrl Pts',(40.8006862903675,-2.,-22.6723557070442));
#14342=CARTESIAN_POINT('',(40.7331554199299,0.,-22.5106912211128));
#14343=CARTESIAN_POINT('',(40.7331554199299,-2.,-22.5106912211128));
#14344=CARTESIAN_POINT('Ctrl Pts',(40.7331554199299,0.,-22.5106912211128));
#14345=CARTESIAN_POINT('Ctrl Pts',(40.735778021909,0.,-22.5418023224534));
#14346=CARTESIAN_POINT('Ctrl Pts',(40.7409378057437,0.,-22.6030112131101));
#14347=CARTESIAN_POINT('Ctrl Pts',(40.7809911563127,0.,-22.6494974017233));
#14348=CARTESIAN_POINT('Ctrl Pts',(40.8006862903675,0.,-22.6723557070442));
#14349=CARTESIAN_POINT('Ctrl Pts',(40.8027325178227,-2.,-22.3572128370948));
#14350=CARTESIAN_POINT('Ctrl Pts',(40.8027325178227,0.,-22.3572128370948));
#14351=CARTESIAN_POINT('Ctrl Pts',(40.7824461947757,-2.,-22.3799715404865));
#14352=CARTESIAN_POINT('Ctrl Pts',(40.7824461947757,0.,-22.3799715404865));
#14353=CARTESIAN_POINT('Ctrl Pts',(40.7432060512532,-2.,-22.4239940469511));
#14354=CARTESIAN_POINT('Ctrl Pts',(40.7432060512532,0.,-22.4239940469511));
#14355=CARTESIAN_POINT('Ctrl Pts',(40.7364289185658,-2.,-22.4824538823596));
#14356=CARTESIAN_POINT('Ctrl Pts',(40.7364289185658,0.,-22.4824538823596));
#14357=CARTESIAN_POINT('Ctrl Pts',(40.7331554199299,-2.,-22.5106912211128));
#14358=CARTESIAN_POINT('Ctrl Pts',(40.7331554199299,0.,-22.5106912211128));
#14359=CARTESIAN_POINT('',(40.8027325178227,-2.,-22.3572128370948));
#14360=CARTESIAN_POINT('Ctrl Pts',(40.8027325178227,-2.,-22.3572128370948));
#14361=CARTESIAN_POINT('Ctrl Pts',(40.7824461947757,-2.,-22.3799715404865));
#14362=CARTESIAN_POINT('Ctrl Pts',(40.7432060512532,-2.,-22.4239940469511));
#14363=CARTESIAN_POINT('Ctrl Pts',(40.7364289185658,-2.,-22.4824538823596));
#14364=CARTESIAN_POINT('Ctrl Pts',(40.7331554199299,-2.,-22.5106912211128));
#14365=CARTESIAN_POINT('',(40.8027325178227,0.,-22.3572128370948));
#14366=CARTESIAN_POINT('',(40.8027325178227,-2.,-22.3572128370948));
#14367=CARTESIAN_POINT('Ctrl Pts',(40.8027325178227,0.,-22.3572128370948));
#14368=CARTESIAN_POINT('Ctrl Pts',(40.7824461947757,0.,-22.3799715404865));
#14369=CARTESIAN_POINT('Ctrl Pts',(40.7432060512532,0.,-22.4239940469511));
#14370=CARTESIAN_POINT('Ctrl Pts',(40.7364289185658,0.,-22.4824538823596));
#14371=CARTESIAN_POINT('Ctrl Pts',(40.7331554199299,0.,-22.5106912211128));
#14372=CARTESIAN_POINT('Ctrl Pts',(41.1240146661839,-2.,-22.2241979197212));
#14373=CARTESIAN_POINT('Ctrl Pts',(41.1240146661839,0.,-22.2241979197212));
#14374=CARTESIAN_POINT('Ctrl Pts',(41.0530077640135,-2.,-22.2421740560728));
#14375=CARTESIAN_POINT('Ctrl Pts',(41.0530077640135,0.,-22.2421740560728));
#14376=CARTESIAN_POINT('Ctrl Pts',(40.9390249535534,-2.,-22.2710299909177));
#14377=CARTESIAN_POINT('Ctrl Pts',(40.9390249535534,0.,-22.2710299909177));
#14378=CARTESIAN_POINT('Ctrl Pts',(40.8400499173605,-2.,-22.3336156382712));
#14379=CARTESIAN_POINT('Ctrl Pts',(40.8400499173605,0.,-22.3336156382712));
#14380=CARTESIAN_POINT('Ctrl Pts',(40.8027325178227,-2.,-22.3572128370948));
#14381=CARTESIAN_POINT('Ctrl Pts',(40.8027325178227,0.,-22.3572128370948));
#14382=CARTESIAN_POINT('',(41.1240146661839,-2.,-22.2241979197212));
#14383=CARTESIAN_POINT('Ctrl Pts',(41.1240146661839,-2.,-22.2241979197212));
#14384=CARTESIAN_POINT('Ctrl Pts',(41.0530077640135,-2.,-22.2421740560728));
#14385=CARTESIAN_POINT('Ctrl Pts',(40.9390249535534,-2.,-22.2710299909177));
#14386=CARTESIAN_POINT('Ctrl Pts',(40.8400499173605,-2.,-22.3336156382712));
#14387=CARTESIAN_POINT('Ctrl Pts',(40.8027325178227,-2.,-22.3572128370948));
#14388=CARTESIAN_POINT('',(41.1240146661839,0.,-22.2241979197212));
#14389=CARTESIAN_POINT('',(41.1240146661839,-2.,-22.2241979197212));
#14390=CARTESIAN_POINT('Ctrl Pts',(41.1240146661839,0.,-22.2241979197212));
#14391=CARTESIAN_POINT('Ctrl Pts',(41.0530077640135,0.,-22.2421740560728));
#14392=CARTESIAN_POINT('Ctrl Pts',(40.9390249535534,0.,-22.2710299909177));
#14393=CARTESIAN_POINT('Ctrl Pts',(40.8400499173605,0.,-22.3336156382712));
#14394=CARTESIAN_POINT('Ctrl Pts',(40.8027325178227,0.,-22.3572128370948));
#14395=CARTESIAN_POINT('Ctrl Pts',(41.4821324850163,-2.,-22.115740115995));
#14396=CARTESIAN_POINT('Ctrl Pts',(41.4821324850163,0.,-22.115740115995));
#14397=CARTESIAN_POINT('Ctrl Pts',(41.4238503250964,-2.,-22.1357040605247));
#14398=CARTESIAN_POINT('Ctrl Pts',(41.4238503250964,0.,-22.1357040605247));
#14399=CARTESIAN_POINT('Ctrl Pts',(41.3057788622654,-2.,-22.1761482056582));
#14400=CARTESIAN_POINT('Ctrl Pts',(41.3057788622654,0.,-22.1761482056582));
#14401=CARTESIAN_POINT('Ctrl Pts',(41.1851161380716,-2.,-22.2080456283661));
#14402=CARTESIAN_POINT('Ctrl Pts',(41.1851161380716,0.,-22.2080456283661));
#14403=CARTESIAN_POINT('Ctrl Pts',(41.1240146661839,-2.,-22.2241979197212));
#14404=CARTESIAN_POINT('Ctrl Pts',(41.1240146661839,0.,-22.2241979197212));
#14405=CARTESIAN_POINT('',(41.4821324850163,-2.,-22.115740115995));
#14406=CARTESIAN_POINT('Ctrl Pts',(41.4821324850163,-2.,-22.115740115995));
#14407=CARTESIAN_POINT('Ctrl Pts',(41.4238503250964,-2.,-22.1357040605247));
#14408=CARTESIAN_POINT('Ctrl Pts',(41.3057788622654,-2.,-22.1761482056582));
#14409=CARTESIAN_POINT('Ctrl Pts',(41.1851161380716,-2.,-22.2080456283661));
#14410=CARTESIAN_POINT('Ctrl Pts',(41.1240146661839,-2.,-22.2241979197212));
#14411=CARTESIAN_POINT('',(41.4821324850163,0.,-22.115740115995));
#14412=CARTESIAN_POINT('',(41.4821324850163,-2.,-22.115740115995));
#14413=CARTESIAN_POINT('Ctrl Pts',(41.4821324850163,0.,-22.115740115995));
#14414=CARTESIAN_POINT('Ctrl Pts',(41.4238503250964,0.,-22.1357040605247));
#14415=CARTESIAN_POINT('Ctrl Pts',(41.3057788622654,0.,-22.1761482056582));
#14416=CARTESIAN_POINT('Ctrl Pts',(41.1851161380716,0.,-22.2080456283661));
#14417=CARTESIAN_POINT('Ctrl Pts',(41.1240146661839,0.,-22.2241979197212));
#14418=CARTESIAN_POINT('Origin',(41.4821324850163,-2.,-22.2487550333687));
#14419=CARTESIAN_POINT('',(41.4821324850163,-2.,-14.4991665645652));
#14420=CARTESIAN_POINT('',(41.4821324850163,0.,-22.2487550333687));
#14421=CARTESIAN_POINT('Ctrl Pts',(41.1956385875782,-2.,-21.4199691370674));
#14422=CARTESIAN_POINT('Ctrl Pts',(41.1956385875782,0.,-21.4199691370674));
#14423=CARTESIAN_POINT('Ctrl Pts',(41.1348925414717,-2.,-21.420877674841));
#14424=CARTESIAN_POINT('Ctrl Pts',(41.1348925414717,0.,-21.420877674841));
#14425=CARTESIAN_POINT('Ctrl Pts',(41.027860502402,-2.,-21.4224784810945));
#14426=CARTESIAN_POINT('Ctrl Pts',(41.027860502402,0.,-21.4224784810945));
#14427=CARTESIAN_POINT('Ctrl Pts',(40.9306983772683,-2.,-21.4664414173048));
#14428=CARTESIAN_POINT('Ctrl Pts',(40.9306983772683,0.,-21.4664414173048));
#14429=CARTESIAN_POINT('Ctrl Pts',(40.8886806274494,-2.,-21.4854531840034));
#14430=CARTESIAN_POINT('Ctrl Pts',(40.8886806274494,0.,-21.4854531840034));
#14431=CARTESIAN_POINT('',(41.1956385875782,-2.,-21.4199691370674));
#14432=CARTESIAN_POINT('',(40.8886806274494,-2.,-21.4854531840034));
#14433=CARTESIAN_POINT('Ctrl Pts',(41.1956385875782,-2.,-21.4199691370674));
#14434=CARTESIAN_POINT('Ctrl Pts',(41.1348925414717,-2.,-21.420877674841));
#14435=CARTESIAN_POINT('Ctrl Pts',(41.027860502402,-2.,-21.4224784810945));
#14436=CARTESIAN_POINT('Ctrl Pts',(40.9306983772683,-2.,-21.4664414173048));
#14437=CARTESIAN_POINT('Ctrl Pts',(40.8886806274494,-2.,-21.4854531840034));
#14438=CARTESIAN_POINT('',(41.1956385875782,0.,-21.4199691370674));
#14439=CARTESIAN_POINT('',(41.1956385875782,-2.,-21.4199691370674));
#14440=CARTESIAN_POINT('',(40.8886806274494,0.,-21.4854531840034));
#14441=CARTESIAN_POINT('Ctrl Pts',(41.1956385875782,0.,-21.4199691370674));
#14442=CARTESIAN_POINT('Ctrl Pts',(41.1348925414717,0.,-21.420877674841));
#14443=CARTESIAN_POINT('Ctrl Pts',(41.027860502402,0.,-21.4224784810945));
#14444=CARTESIAN_POINT('Ctrl Pts',(40.9306983772683,0.,-21.4664414173048));
#14445=CARTESIAN_POINT('Ctrl Pts',(40.8886806274494,0.,-21.4854531840034));
#14446=CARTESIAN_POINT('',(40.8886806274494,-2.,-21.4854531840034));
#14447=CARTESIAN_POINT('Ctrl Pts',(41.4186940694889,-2.,-21.4813607290931));
#14448=CARTESIAN_POINT('Ctrl Pts',(41.4186940694889,0.,-21.4813607290931));
#14449=CARTESIAN_POINT('Ctrl Pts',(41.3902858108488,-2.,-21.463567502739));
#14450=CARTESIAN_POINT('Ctrl Pts',(41.3902858108488,0.,-21.463567502739));
#14451=CARTESIAN_POINT('Ctrl Pts',(41.322670687253,-2.,-21.421217451849));
#14452=CARTESIAN_POINT('Ctrl Pts',(41.322670687253,0.,-21.421217451849));
#14453=CARTESIAN_POINT('Ctrl Pts',(41.2422631678217,-2.,-21.4204273059307));
#14454=CARTESIAN_POINT('Ctrl Pts',(41.2422631678217,0.,-21.4204273059307));
#14455=CARTESIAN_POINT('Ctrl Pts',(41.1956385875782,-2.,-21.4199691370674));
#14456=CARTESIAN_POINT('Ctrl Pts',(41.1956385875782,0.,-21.4199691370674));
#14457=CARTESIAN_POINT('',(41.4186940694889,-2.,-21.4813607290931));
#14458=CARTESIAN_POINT('Ctrl Pts',(41.4186940694889,-2.,-21.4813607290931));
#14459=CARTESIAN_POINT('Ctrl Pts',(41.3902858108488,-2.,-21.463567502739));
#14460=CARTESIAN_POINT('Ctrl Pts',(41.322670687253,-2.,-21.421217451849));
#14461=CARTESIAN_POINT('Ctrl Pts',(41.2422631678217,-2.,-21.4204273059307));
#14462=CARTESIAN_POINT('Ctrl Pts',(41.1956385875782,-2.,-21.4199691370674));
#14463=CARTESIAN_POINT('',(41.4186940694889,0.,-21.4813607290931));
#14464=CARTESIAN_POINT('',(41.4186940694889,-2.,-21.4813607290931));
#14465=CARTESIAN_POINT('Ctrl Pts',(41.4186940694889,0.,-21.4813607290931));
#14466=CARTESIAN_POINT('Ctrl Pts',(41.3902858108488,0.,-21.463567502739));
#14467=CARTESIAN_POINT('Ctrl Pts',(41.322670687253,0.,-21.421217451849));
#14468=CARTESIAN_POINT('Ctrl Pts',(41.2422631678217,0.,-21.4204273059307));
#14469=CARTESIAN_POINT('Ctrl Pts',(41.1956385875782,0.,-21.4199691370674));
#14470=CARTESIAN_POINT('Ctrl Pts',(41.4821324850163,-2.,-21.6962307051368));
#14471=CARTESIAN_POINT('Ctrl Pts',(41.4821324850163,0.,-21.6962307051368));
#14472=CARTESIAN_POINT('Ctrl Pts',(41.4815149804333,-2.,-21.6512123953659));
#14473=CARTESIAN_POINT('Ctrl Pts',(41.4815149804333,0.,-21.6512123953659));
#14474=CARTESIAN_POINT('Ctrl Pts',(41.4804421763402,-2.,-21.573001110264));
#14475=CARTESIAN_POINT('Ctrl Pts',(41.4804421763402,0.,-21.573001110264));
#14476=CARTESIAN_POINT('Ctrl Pts',(41.4370919600138,-2.,-21.5086650431266));
#14477=CARTESIAN_POINT('Ctrl Pts',(41.4370919600138,0.,-21.5086650431266));
#14478=CARTESIAN_POINT('Ctrl Pts',(41.4186940694889,-2.,-21.4813607290931));
#14479=CARTESIAN_POINT('Ctrl Pts',(41.4186940694889,0.,-21.4813607290931));
#14480=CARTESIAN_POINT('',(41.4821324850163,-2.,-21.6962307051368));
#14481=CARTESIAN_POINT('Ctrl Pts',(41.4821324850163,-2.,-21.6962307051368));
#14482=CARTESIAN_POINT('Ctrl Pts',(41.4815149804333,-2.,-21.6512123953659));
#14483=CARTESIAN_POINT('Ctrl Pts',(41.4804421763402,-2.,-21.573001110264));
#14484=CARTESIAN_POINT('Ctrl Pts',(41.4370919600138,-2.,-21.5086650431266));
#14485=CARTESIAN_POINT('Ctrl Pts',(41.4186940694889,-2.,-21.4813607290931));
#14486=CARTESIAN_POINT('',(41.4821324850163,0.,-21.6962307051368));
#14487=CARTESIAN_POINT('',(41.4821324850163,-2.,-21.6962307051368));
#14488=CARTESIAN_POINT('Ctrl Pts',(41.4821324850163,0.,-21.6962307051368));
#14489=CARTESIAN_POINT('Ctrl Pts',(41.4815149804333,0.,-21.6512123953659));
#14490=CARTESIAN_POINT('Ctrl Pts',(41.4804421763402,0.,-21.573001110264));
#14491=CARTESIAN_POINT('Ctrl Pts',(41.4370919600138,0.,-21.5086650431266));
#14492=CARTESIAN_POINT('Ctrl Pts',(41.4186940694889,0.,-21.4813607290931));
#14493=CARTESIAN_POINT('Ctrl Pts',(41.1874530817112,-2.,-21.7965035990425));
#14494=CARTESIAN_POINT('Ctrl Pts',(41.1874530817112,0.,-21.7965035990425));
#14495=CARTESIAN_POINT('Ctrl Pts',(41.23540147481,-2.,-21.7822553376262));
#14496=CARTESIAN_POINT('Ctrl Pts',(41.23540147481,0.,-21.7822553376262));
#14497=CARTESIAN_POINT('Ctrl Pts',(41.3349331647865,-2.,-21.7526786730846));
#14498=CARTESIAN_POINT('Ctrl Pts',(41.3349331647865,0.,-21.7526786730846));
#14499=CARTESIAN_POINT('Ctrl Pts',(41.4318858060225,-2.,-21.7154992922532));
#14500=CARTESIAN_POINT('Ctrl Pts',(41.4318858060225,0.,-21.7154992922532));
#14501=CARTESIAN_POINT('Ctrl Pts',(41.4821324850163,-2.,-21.6962307051368));
#14502=CARTESIAN_POINT('Ctrl Pts',(41.4821324850163,0.,-21.6962307051368));
#14503=CARTESIAN_POINT('',(41.1874530817112,-2.,-21.7965035990425));
#14504=CARTESIAN_POINT('Ctrl Pts',(41.1874530817112,-2.,-21.7965035990425));
#14505=CARTESIAN_POINT('Ctrl Pts',(41.23540147481,-2.,-21.7822553376262));
#14506=CARTESIAN_POINT('Ctrl Pts',(41.3349331647865,-2.,-21.7526786730846));
#14507=CARTESIAN_POINT('Ctrl Pts',(41.4318858060225,-2.,-21.7154992922532));
#14508=CARTESIAN_POINT('Ctrl Pts',(41.4821324850163,-2.,-21.6962307051368));
#14509=CARTESIAN_POINT('',(41.1874530817112,0.,-21.7965035990425));
#14510=CARTESIAN_POINT('',(41.1874530817112,-2.,-21.7965035990425));
#14511=CARTESIAN_POINT('Ctrl Pts',(41.1874530817112,0.,-21.7965035990425));
#14512=CARTESIAN_POINT('Ctrl Pts',(41.23540147481,0.,-21.7822553376262));
#14513=CARTESIAN_POINT('Ctrl Pts',(41.3349331647865,0.,-21.7526786730846));
#14514=CARTESIAN_POINT('Ctrl Pts',(41.4318858060225,0.,-21.7154992922532));
#14515=CARTESIAN_POINT('Ctrl Pts',(41.4821324850163,0.,-21.6962307051368));
#14516=CARTESIAN_POINT('Ctrl Pts',(40.5796764398655,-2.,-21.9274716929146));
#14517=CARTESIAN_POINT('Ctrl Pts',(40.5796764398655,0.,-21.9274716929146));
#14518=CARTESIAN_POINT('Ctrl Pts',(40.7086350307345,-2.,-21.901813896246));
#14519=CARTESIAN_POINT('Ctrl Pts',(40.7086350307345,0.,-21.901813896246));
#14520=CARTESIAN_POINT('Ctrl Pts',(40.9119290758077,-2.,-21.8613662049578));
#14521=CARTESIAN_POINT('Ctrl Pts',(40.9119290758077,0.,-21.8613662049578));
#14522=CARTESIAN_POINT('Ctrl Pts',(41.1136813745392,-2.,-21.8138705981695));
#14523=CARTESIAN_POINT('Ctrl Pts',(41.1136813745392,0.,-21.8138705981695));
#14524=CARTESIAN_POINT('Ctrl Pts',(41.1874530817112,-2.,-21.7965035990425));
#14525=CARTESIAN_POINT('Ctrl Pts',(41.1874530817112,0.,-21.7965035990425));
#14526=CARTESIAN_POINT('',(40.5796764398655,-2.,-21.9274716929146));
#14527=CARTESIAN_POINT('Ctrl Pts',(40.5796764398655,-2.,-21.9274716929146));
#14528=CARTESIAN_POINT('Ctrl Pts',(40.7086350307345,-2.,-21.901813896246));
#14529=CARTESIAN_POINT('Ctrl Pts',(40.9119290758077,-2.,-21.8613662049578));
#14530=CARTESIAN_POINT('Ctrl Pts',(41.1136813745392,-2.,-21.8138705981695));
#14531=CARTESIAN_POINT('Ctrl Pts',(41.1874530817112,-2.,-21.7965035990425));
#14532=CARTESIAN_POINT('',(40.5796764398655,0.,-21.9274716929146));
#14533=CARTESIAN_POINT('',(40.5796764398655,-2.,-21.9274716929146));
#14534=CARTESIAN_POINT('Ctrl Pts',(40.5796764398655,0.,-21.9274716929146));
#14535=CARTESIAN_POINT('Ctrl Pts',(40.7086350307345,0.,-21.901813896246));
#14536=CARTESIAN_POINT('Ctrl Pts',(40.9119290758077,0.,-21.8613662049578));
#14537=CARTESIAN_POINT('Ctrl Pts',(41.1136813745392,0.,-21.8138705981695));
#14538=CARTESIAN_POINT('Ctrl Pts',(41.1874530817112,0.,-21.7965035990425));
#14539=CARTESIAN_POINT('Ctrl Pts',(40.0435237194142,-2.,-22.164853151197));
#14540=CARTESIAN_POINT('Ctrl Pts',(40.0435237194142,0.,-22.164853151197));
#14541=CARTESIAN_POINT('Ctrl Pts',(40.1101710181373,-2.,-22.1137080332269));
#14542=CARTESIAN_POINT('Ctrl Pts',(40.1101710181373,0.,-22.1137080332269));
#14543=CARTESIAN_POINT('Ctrl Pts',(40.2687787443821,-2.,-21.9919925094896));
#14544=CARTESIAN_POINT('Ctrl Pts',(40.2687787443821,0.,-21.9919925094896));
#14545=CARTESIAN_POINT('Ctrl Pts',(40.4655746094358,-2.,-21.9511513257294));
#14546=CARTESIAN_POINT('Ctrl Pts',(40.4655746094358,0.,-21.9511513257294));
#14547=CARTESIAN_POINT('Ctrl Pts',(40.5796764398655,-2.,-21.9274716929146));
#14548=CARTESIAN_POINT('Ctrl Pts',(40.5796764398655,0.,-21.9274716929146));
#14549=CARTESIAN_POINT('',(40.0435237194142,-2.,-22.164853151197));
#14550=CARTESIAN_POINT('Ctrl Pts',(40.0435237194142,-2.,-22.164853151197));
#14551=CARTESIAN_POINT('Ctrl Pts',(40.1101710181373,-2.,-22.1137080332269));
#14552=CARTESIAN_POINT('Ctrl Pts',(40.2687787443821,-2.,-21.9919925094896));
#14553=CARTESIAN_POINT('Ctrl Pts',(40.4655746094358,-2.,-21.9511513257294));
#14554=CARTESIAN_POINT('Ctrl Pts',(40.5796764398655,-2.,-21.9274716929146));
#14555=CARTESIAN_POINT('',(40.0435237194142,0.,-22.164853151197));
#14556=CARTESIAN_POINT('',(40.0435237194142,-2.,-22.164853151197));
#14557=CARTESIAN_POINT('Ctrl Pts',(40.0435237194142,0.,-22.164853151197));
#14558=CARTESIAN_POINT('Ctrl Pts',(40.1101710181373,0.,-22.1137080332269));
#14559=CARTESIAN_POINT('Ctrl Pts',(40.2687787443821,0.,-21.9919925094896));
#14560=CARTESIAN_POINT('Ctrl Pts',(40.4655746094358,0.,-21.9511513257294));
#14561=CARTESIAN_POINT('Ctrl Pts',(40.5796764398655,0.,-21.9274716929146));
#14562=CARTESIAN_POINT('Ctrl Pts',(39.8982302452168,-2.,-22.5720828131386));
#14563=CARTESIAN_POINT('Ctrl Pts',(39.8982302452168,0.,-22.5720828131386));
#14564=CARTESIAN_POINT('Ctrl Pts',(39.9033101001808,-2.,-22.4943128862589));
#14565=CARTESIAN_POINT('Ctrl Pts',(39.9033101001808,0.,-22.4943128862589));
#14566=CARTESIAN_POINT('Ctrl Pts',(39.9130981623414,-2.,-22.3444627657494));
#14567=CARTESIAN_POINT('Ctrl Pts',(39.9130981623414,0.,-22.3444627657494));
#14568=CARTESIAN_POINT('Ctrl Pts',(40.0011631277819,-2.,-22.2231881102806));
#14569=CARTESIAN_POINT('Ctrl Pts',(40.0011631277819,0.,-22.2231881102806));
#14570=CARTESIAN_POINT('Ctrl Pts',(40.0435237194142,-2.,-22.164853151197));
#14571=CARTESIAN_POINT('Ctrl Pts',(40.0435237194142,0.,-22.164853151197));
#14572=CARTESIAN_POINT('',(39.8982302452168,-2.,-22.5720828131386));
#14573=CARTESIAN_POINT('Ctrl Pts',(39.8982302452168,-2.,-22.5720828131386));
#14574=CARTESIAN_POINT('Ctrl Pts',(39.9033101001808,-2.,-22.4943128862589));
#14575=CARTESIAN_POINT('Ctrl Pts',(39.9130981623414,-2.,-22.3444627657494));
#14576=CARTESIAN_POINT('Ctrl Pts',(40.0011631277819,-2.,-22.2231881102806));
#14577=CARTESIAN_POINT('Ctrl Pts',(40.0435237194142,-2.,-22.164853151197));
#14578=CARTESIAN_POINT('',(39.8982302452168,0.,-22.5720828131386));
#14579=CARTESIAN_POINT('',(39.8982302452168,-2.,-22.5720828131386));
#14580=CARTESIAN_POINT('Ctrl Pts',(39.8982302452168,0.,-22.5720828131386));
#14581=CARTESIAN_POINT('Ctrl Pts',(39.9033101001808,0.,-22.4943128862589));
#14582=CARTESIAN_POINT('Ctrl Pts',(39.9130981623414,0.,-22.3444627657494));
#14583=CARTESIAN_POINT('Ctrl Pts',(40.0011631277819,0.,-22.2231881102806));
#14584=CARTESIAN_POINT('Ctrl Pts',(40.0435237194142,0.,-22.164853151197));
#14585=CARTESIAN_POINT('Ctrl Pts',(40.098776033028,-2.,-23.0161493376442));
#14586=CARTESIAN_POINT('Ctrl Pts',(40.098776033028,0.,-23.0161493376442));
#14587=CARTESIAN_POINT('Ctrl Pts',(40.0402841051448,-2.,-22.9528899896077));
#14588=CARTESIAN_POINT('Ctrl Pts',(40.0402841051448,0.,-22.9528899896077));
#14589=CARTESIAN_POINT('Ctrl Pts',(39.9239912456951,-2.,-22.8271186099264));
#14590=CARTESIAN_POINT('Ctrl Pts',(39.9239912456951,0.,-22.8271186099264));
#14591=CARTESIAN_POINT('Ctrl Pts',(39.9067831626818,-2.,-22.656757324223));
#14592=CARTESIAN_POINT('Ctrl Pts',(39.9067831626818,0.,-22.656757324223));
#14593=CARTESIAN_POINT('Ctrl Pts',(39.8982302452168,-2.,-22.5720828131386));
#14594=CARTESIAN_POINT('Ctrl Pts',(39.8982302452168,0.,-22.5720828131386));
#14595=CARTESIAN_POINT('',(40.098776033028,-2.,-23.0161493376442));
#14596=CARTESIAN_POINT('Ctrl Pts',(40.098776033028,-2.,-23.0161493376442));
#14597=CARTESIAN_POINT('Ctrl Pts',(40.0402841051448,-2.,-22.9528899896077));
#14598=CARTESIAN_POINT('Ctrl Pts',(39.9239912456951,-2.,-22.8271186099264));
#14599=CARTESIAN_POINT('Ctrl Pts',(39.9067831626818,-2.,-22.656757324223));
#14600=CARTESIAN_POINT('Ctrl Pts',(39.8982302452168,-2.,-22.5720828131386));
#14601=CARTESIAN_POINT('',(40.098776033028,0.,-23.0161493376442));
#14602=CARTESIAN_POINT('',(40.098776033028,-2.,-23.0161493376442));
#14603=CARTESIAN_POINT('Ctrl Pts',(40.098776033028,0.,-23.0161493376442));
#14604=CARTESIAN_POINT('Ctrl Pts',(40.0402841051448,0.,-22.9528899896077));
#14605=CARTESIAN_POINT('Ctrl Pts',(39.9239912456951,0.,-22.8271186099264));
#14606=CARTESIAN_POINT('Ctrl Pts',(39.9067831626818,0.,-22.656757324223));
#14607=CARTESIAN_POINT('Ctrl Pts',(39.8982302452168,0.,-22.5720828131386));
#14608=CARTESIAN_POINT('Ctrl Pts',(40.6901813651165,-2.,-23.1962304667183));
#14609=CARTESIAN_POINT('Ctrl Pts',(40.6901813651165,0.,-23.1962304667183));
#14610=CARTESIAN_POINT('Ctrl Pts',(40.5725463943796,-2.,-23.1921611824551));
#14611=CARTESIAN_POINT('Ctrl Pts',(40.5725463943796,0.,-23.1921611824551));
#14612=CARTESIAN_POINT('Ctrl Pts',(40.3583376147493,-2.,-23.1847511715501));
#14613=CARTESIAN_POINT('Ctrl Pts',(40.3583376147493,0.,-23.1847511715501));
#14614=CARTESIAN_POINT('Ctrl Pts',(40.1794332239868,-2.,-23.0685413373506));
#14615=CARTESIAN_POINT('Ctrl Pts',(40.1794332239868,0.,-23.0685413373506));
#14616=CARTESIAN_POINT('Ctrl Pts',(40.098776033028,-2.,-23.0161493376442));
#14617=CARTESIAN_POINT('Ctrl Pts',(40.098776033028,0.,-23.0161493376442));
#14618=CARTESIAN_POINT('',(40.6901813651165,-2.,-23.1962304667183));
#14619=CARTESIAN_POINT('Ctrl Pts',(40.6901813651165,-2.,-23.1962304667183));
#14620=CARTESIAN_POINT('Ctrl Pts',(40.5725463943796,-2.,-23.1921611824551));
#14621=CARTESIAN_POINT('Ctrl Pts',(40.3583376147493,-2.,-23.1847511715501));
#14622=CARTESIAN_POINT('Ctrl Pts',(40.1794332239868,-2.,-23.0685413373506));
#14623=CARTESIAN_POINT('Ctrl Pts',(40.098776033028,-2.,-23.0161493376442));
#14624=CARTESIAN_POINT('',(40.6901813651165,0.,-23.1962304667183));
#14625=CARTESIAN_POINT('',(40.6901813651165,-2.,-23.1962304667183));
#14626=CARTESIAN_POINT('Ctrl Pts',(40.6901813651165,0.,-23.1962304667183));
#14627=CARTESIAN_POINT('Ctrl Pts',(40.5725463943796,0.,-23.1921611824551));
#14628=CARTESIAN_POINT('Ctrl Pts',(40.3583376147493,0.,-23.1847511715501));
#14629=CARTESIAN_POINT('Ctrl Pts',(40.1794332239868,0.,-23.0685413373506));
#14630=CARTESIAN_POINT('Ctrl Pts',(40.098776033028,0.,-23.0161493376442));
#14631=CARTESIAN_POINT('Ctrl Pts',(41.2038240934452,-2.,-23.1061893061348));
#14632=CARTESIAN_POINT('Ctrl Pts',(41.2038240934452,0.,-23.1061893061348));
#14633=CARTESIAN_POINT('Ctrl Pts',(41.1248593382821,-2.,-23.1324318486699));
#14634=CARTESIAN_POINT('Ctrl Pts',(41.1248593382821,0.,-23.1324318486699));
#14635=CARTESIAN_POINT('Ctrl Pts',(40.9582242967115,-2.,-23.1878100633838));
#14636=CARTESIAN_POINT('Ctrl Pts',(40.9582242967115,0.,-23.1878100633838));
#14637=CARTESIAN_POINT('Ctrl Pts',(40.7825876106689,-2.,-23.1933275815217));
#14638=CARTESIAN_POINT('Ctrl Pts',(40.7825876106689,0.,-23.1933275815217));
#14639=CARTESIAN_POINT('Ctrl Pts',(40.6901813651165,-2.,-23.1962304667183));
#14640=CARTESIAN_POINT('Ctrl Pts',(40.6901813651165,0.,-23.1962304667183));
#14641=CARTESIAN_POINT('',(41.2038240934452,-2.,-23.1061893061348));
#14642=CARTESIAN_POINT('Ctrl Pts',(41.2038240934452,-2.,-23.1061893061348));
#14643=CARTESIAN_POINT('Ctrl Pts',(41.1248593382821,-2.,-23.1324318486699));
#14644=CARTESIAN_POINT('Ctrl Pts',(40.9582242967115,-2.,-23.1878100633838));
#14645=CARTESIAN_POINT('Ctrl Pts',(40.7825876106689,-2.,-23.1933275815217));
#14646=CARTESIAN_POINT('Ctrl Pts',(40.6901813651165,-2.,-23.1962304667183));
#14647=CARTESIAN_POINT('',(41.2038240934452,0.,-23.1061893061348));
#14648=CARTESIAN_POINT('',(41.2038240934452,-2.,-23.1061893061348));
#14649=CARTESIAN_POINT('Ctrl Pts',(41.2038240934452,0.,-23.1061893061348));
#14650=CARTESIAN_POINT('Ctrl Pts',(41.1248593382821,0.,-23.1324318486699));
#14651=CARTESIAN_POINT('Ctrl Pts',(40.9582242967115,0.,-23.1878100633838));
#14652=CARTESIAN_POINT('Ctrl Pts',(40.7825876106689,0.,-23.1933275815217));
#14653=CARTESIAN_POINT('Ctrl Pts',(40.6901813651165,0.,-23.1962304667183));
#14654=CARTESIAN_POINT('Ctrl Pts',(41.5291992927632,-2.,-22.8810875967689));
#14655=CARTESIAN_POINT('Ctrl Pts',(41.5291992927632,0.,-22.8810875967689));
#14656=CARTESIAN_POINT('Ctrl Pts',(41.4767551079073,-2.,-22.9289718822996));
#14657=CARTESIAN_POINT('Ctrl Pts',(41.4767551079073,0.,-22.9289718822996));
#14658=CARTESIAN_POINT('Ctrl Pts',(41.3783883961444,-2.,-23.0187858383316));
#14659=CARTESIAN_POINT('Ctrl Pts',(41.3783883961444,0.,-23.0187858383316));
#14660=CARTESIAN_POINT('Ctrl Pts',(41.2593821791459,-2.,-23.0783716522407));
#14661=CARTESIAN_POINT('Ctrl Pts',(41.2593821791459,0.,-23.0783716522407));
#14662=CARTESIAN_POINT('Ctrl Pts',(41.2038240934452,-2.,-23.1061893061348));
#14663=CARTESIAN_POINT('Ctrl Pts',(41.2038240934452,0.,-23.1061893061348));
#14664=CARTESIAN_POINT('',(41.5291992927632,-2.,-22.8810875967689));
#14665=CARTESIAN_POINT('Ctrl Pts',(41.5291992927632,-2.,-22.8810875967689));
#14666=CARTESIAN_POINT('Ctrl Pts',(41.4767551079073,-2.,-22.9289718822996));
#14667=CARTESIAN_POINT('Ctrl Pts',(41.3783883961444,-2.,-23.0187858383316));
#14668=CARTESIAN_POINT('Ctrl Pts',(41.2593821791459,-2.,-23.0783716522407));
#14669=CARTESIAN_POINT('Ctrl Pts',(41.2038240934452,-2.,-23.1061893061348));
#14670=CARTESIAN_POINT('',(41.5291992927632,0.,-22.8810875967689));
#14671=CARTESIAN_POINT('',(41.5291992927632,-2.,-22.8810875967689));
#14672=CARTESIAN_POINT('Ctrl Pts',(41.5291992927632,0.,-22.8810875967689));
#14673=CARTESIAN_POINT('Ctrl Pts',(41.4767551079073,0.,-22.9289718822996));
#14674=CARTESIAN_POINT('Ctrl Pts',(41.3783883961444,0.,-23.0187858383316));
#14675=CARTESIAN_POINT('Ctrl Pts',(41.2593821791459,0.,-23.0783716522407));
#14676=CARTESIAN_POINT('Ctrl Pts',(41.2038240934452,0.,-23.1061893061348));
#14677=CARTESIAN_POINT('Ctrl Pts',(41.5578482652744,-2.,-23.0202417925544));
#14678=CARTESIAN_POINT('Ctrl Pts',(41.5578482652744,0.,-23.0202417925544));
#14679=CARTESIAN_POINT('Ctrl Pts',(41.5527866688424,-2.,-23.0012029563071));
#14680=CARTESIAN_POINT('Ctrl Pts',(41.5527866688424,0.,-23.0012029563071));
#14681=CARTESIAN_POINT('Ctrl Pts',(41.5406035635013,-2.,-22.9553770690228));
#14682=CARTESIAN_POINT('Ctrl Pts',(41.5406035635013,0.,-22.9553770690228));
#14683=CARTESIAN_POINT('Ctrl Pts',(41.5334063499263,-2.,-22.908493124362));
#14684=CARTESIAN_POINT('Ctrl Pts',(41.5334063499263,0.,-22.908493124362));
#14685=CARTESIAN_POINT('Ctrl Pts',(41.5291992927632,-2.,-22.8810875967689));
#14686=CARTESIAN_POINT('Ctrl Pts',(41.5291992927632,0.,-22.8810875967689));
#14687=CARTESIAN_POINT('',(41.5578482652744,-2.,-23.0202417925544));
#14688=CARTESIAN_POINT('Ctrl Pts',(41.5578482652744,-2.,-23.0202417925544));
#14689=CARTESIAN_POINT('Ctrl Pts',(41.5527866688424,-2.,-23.0012029563071));
#14690=CARTESIAN_POINT('Ctrl Pts',(41.5406035635013,-2.,-22.9553770690228));
#14691=CARTESIAN_POINT('Ctrl Pts',(41.5334063499263,-2.,-22.908493124362));
#14692=CARTESIAN_POINT('Ctrl Pts',(41.5291992927632,-2.,-22.8810875967689));
#14693=CARTESIAN_POINT('',(41.5578482652744,0.,-23.0202417925544));
#14694=CARTESIAN_POINT('',(41.5578482652744,-2.,-23.0202417925544));
#14695=CARTESIAN_POINT('Ctrl Pts',(41.5578482652744,0.,-23.0202417925544));
#14696=CARTESIAN_POINT('Ctrl Pts',(41.5527866688424,0.,-23.0012029563071));
#14697=CARTESIAN_POINT('Ctrl Pts',(41.5406035635013,0.,-22.9553770690228));
#14698=CARTESIAN_POINT('Ctrl Pts',(41.5334063499263,0.,-22.908493124362));
#14699=CARTESIAN_POINT('Ctrl Pts',(41.5291992927632,0.,-22.8810875967689));
#14700=CARTESIAN_POINT('Ctrl Pts',(41.6192398573002,-2.,-23.1471174315162));
#14701=CARTESIAN_POINT('Ctrl Pts',(41.6192398573002,0.,-23.1471174315162));
#14702=CARTESIAN_POINT('Ctrl Pts',(41.6056472525808,-2.,-23.1228605969158));
#14703=CARTESIAN_POINT('Ctrl Pts',(41.6056472525808,0.,-23.1228605969158));
#14704=CARTESIAN_POINT('Ctrl Pts',(41.5826278139306,-2.,-23.0817810005135));
#14705=CARTESIAN_POINT('Ctrl Pts',(41.5826278139306,0.,-23.0817810005135));
#14706=CARTESIAN_POINT('Ctrl Pts',(41.5650476343076,-2.,-23.038121192791));
#14707=CARTESIAN_POINT('Ctrl Pts',(41.5650476343076,0.,-23.038121192791));
#14708=CARTESIAN_POINT('Ctrl Pts',(41.5578482652744,-2.,-23.0202417925544));
#14709=CARTESIAN_POINT('Ctrl Pts',(41.5578482652744,0.,-23.0202417925544));
#14710=CARTESIAN_POINT('',(41.6192398573002,-2.,-23.1471174315162));
#14711=CARTESIAN_POINT('Ctrl Pts',(41.6192398573002,-2.,-23.1471174315162));
#14712=CARTESIAN_POINT('Ctrl Pts',(41.6056472525808,-2.,-23.1228605969158));
#14713=CARTESIAN_POINT('Ctrl Pts',(41.5826278139306,-2.,-23.0817810005135));
#14714=CARTESIAN_POINT('Ctrl Pts',(41.5650476343076,-2.,-23.038121192791));
#14715=CARTESIAN_POINT('Ctrl Pts',(41.5578482652744,-2.,-23.0202417925544));
#14716=CARTESIAN_POINT('',(41.6192398573002,0.,-23.1471174315162));
#14717=CARTESIAN_POINT('',(41.6192398573002,-2.,-23.1471174315162));
#14718=CARTESIAN_POINT('Ctrl Pts',(41.6192398573002,0.,-23.1471174315162));
#14719=CARTESIAN_POINT('Ctrl Pts',(41.6056472525808,0.,-23.1228605969158));
#14720=CARTESIAN_POINT('Ctrl Pts',(41.5826278139306,0.,-23.0817810005135));
#14721=CARTESIAN_POINT('Ctrl Pts',(41.5650476343076,0.,-23.038121192791));
#14722=CARTESIAN_POINT('Ctrl Pts',(41.5578482652744,0.,-23.0202417925544));
#14723=CARTESIAN_POINT('Origin',(42.4009589458546,-2.,-23.1471174315162));
#14724=CARTESIAN_POINT('',(42.4009589458546,-2.,-23.1471174315162));
#14725=CARTESIAN_POINT('',(30.503076564604,-2.,-23.1471174315162));
#14726=CARTESIAN_POINT('',(42.4009589458546,0.,-23.1471174315162));
#14727=CARTESIAN_POINT('',(42.4009589458546,-2.,-23.1471174315162));
#14728=CARTESIAN_POINT('',(42.4009589458546,0.,-23.1471174315162));
#14729=CARTESIAN_POINT('Ctrl Pts',(42.3150108362278,-2.,-22.9261081770607));
#14730=CARTESIAN_POINT('Ctrl Pts',(42.3150108362278,0.,-22.9261081770607));
#14731=CARTESIAN_POINT('Ctrl Pts',(42.3248605996695,-2.,-22.9591258665413));
#14732=CARTESIAN_POINT('Ctrl Pts',(42.3248605996695,0.,-22.9591258665413));
#14733=CARTESIAN_POINT('Ctrl Pts',(42.3475187641002,-2.,-23.035078983771));
#14734=CARTESIAN_POINT('Ctrl Pts',(42.3475187641002,0.,-23.035078983771));
#14735=CARTESIAN_POINT('Ctrl Pts',(42.3816595502482,-2.,-23.1066558489547));
#14736=CARTESIAN_POINT('Ctrl Pts',(42.3816595502482,0.,-23.1066558489547));
#14737=CARTESIAN_POINT('Ctrl Pts',(42.4009589458546,-2.,-23.1471174315162));
#14738=CARTESIAN_POINT('Ctrl Pts',(42.4009589458546,0.,-23.1471174315162));
#14739=CARTESIAN_POINT('',(42.3150108362278,-2.,-22.9261081770607));
#14740=CARTESIAN_POINT('Ctrl Pts',(42.3150108362278,-2.,-22.9261081770607));
#14741=CARTESIAN_POINT('Ctrl Pts',(42.3248605996695,-2.,-22.9591258665413));
#14742=CARTESIAN_POINT('Ctrl Pts',(42.3475187641002,-2.,-23.035078983771));
#14743=CARTESIAN_POINT('Ctrl Pts',(42.3816595502482,-2.,-23.1066558489547));
#14744=CARTESIAN_POINT('Ctrl Pts',(42.4009589458546,-2.,-23.1471174315162));
#14745=CARTESIAN_POINT('',(42.3150108362278,0.,-22.9261081770607));
#14746=CARTESIAN_POINT('',(42.3150108362278,-2.,-22.9261081770607));
#14747=CARTESIAN_POINT('Ctrl Pts',(42.3150108362278,0.,-22.9261081770607));
#14748=CARTESIAN_POINT('Ctrl Pts',(42.3248605996695,0.,-22.9591258665413));
#14749=CARTESIAN_POINT('Ctrl Pts',(42.3475187641002,0.,-23.035078983771));
#14750=CARTESIAN_POINT('Ctrl Pts',(42.3816595502482,0.,-23.1066558489547));
#14751=CARTESIAN_POINT('Ctrl Pts',(42.4009589458546,0.,-23.1471174315162));
#14752=CARTESIAN_POINT('Ctrl Pts',(42.2965935970387,-2.,-22.6846342638679));
#14753=CARTESIAN_POINT('Ctrl Pts',(42.2965935970387,0.,-22.6846342638679));
#14754=CARTESIAN_POINT('Ctrl Pts',(42.2968652412675,-2.,-22.7304416665636));
#14755=CARTESIAN_POINT('Ctrl Pts',(42.2968652412675,0.,-22.7304416665636));
#14756=CARTESIAN_POINT('Ctrl Pts',(42.2973453433296,-2.,-22.811401341595));
#14757=CARTESIAN_POINT('Ctrl Pts',(42.2973453433296,0.,-22.811401341595));
#14758=CARTESIAN_POINT('Ctrl Pts',(42.3096627025397,-2.,-22.8913812948536));
#14759=CARTESIAN_POINT('Ctrl Pts',(42.3096627025397,0.,-22.8913812948536));
#14760=CARTESIAN_POINT('Ctrl Pts',(42.3150108362278,-2.,-22.9261081770607));
#14761=CARTESIAN_POINT('Ctrl Pts',(42.3150108362278,0.,-22.9261081770607));
#14762=CARTESIAN_POINT('',(42.2965935970387,-2.,-22.6846342638679));
#14763=CARTESIAN_POINT('Ctrl Pts',(42.2965935970387,-2.,-22.6846342638679));
#14764=CARTESIAN_POINT('Ctrl Pts',(42.2968652412675,-2.,-22.7304416665636));
#14765=CARTESIAN_POINT('Ctrl Pts',(42.2973453433296,-2.,-22.811401341595));
#14766=CARTESIAN_POINT('Ctrl Pts',(42.3096627025397,-2.,-22.8913812948536));
#14767=CARTESIAN_POINT('Ctrl Pts',(42.3150108362278,-2.,-22.9261081770607));
#14768=CARTESIAN_POINT('',(42.2965935970387,0.,-22.6846342638679));
#14769=CARTESIAN_POINT('',(42.2965935970387,-2.,-22.6846342638679));
#14770=CARTESIAN_POINT('Ctrl Pts',(42.2965935970387,0.,-22.6846342638679));
#14771=CARTESIAN_POINT('Ctrl Pts',(42.2968652412675,0.,-22.7304416665636));
#14772=CARTESIAN_POINT('Ctrl Pts',(42.2973453433296,0.,-22.811401341595));
#14773=CARTESIAN_POINT('Ctrl Pts',(42.3096627025397,0.,-22.8913812948536));
#14774=CARTESIAN_POINT('Ctrl Pts',(42.3150108362278,0.,-22.9261081770607));
#14775=CARTESIAN_POINT('Origin',(42.2965935970387,-2.,-21.7248802736946));
#14776=CARTESIAN_POINT('',(42.2965935970387,-2.,-21.7248802736946));
#14777=CARTESIAN_POINT('',(42.2965935970387,-2.,-14.2372291847282));
#14778=CARTESIAN_POINT('',(42.2965935970387,0.,-21.7248802736946));
#14779=CARTESIAN_POINT('',(42.2965935970387,-2.,-21.7248802736946));
#14780=CARTESIAN_POINT('',(42.2965935970387,0.,-21.7248802736946));
#14781=CARTESIAN_POINT('Ctrl Pts',(42.2352020050129,-2.,-21.4035981253334));
#14782=CARTESIAN_POINT('Ctrl Pts',(42.2352020050129,0.,-21.4035981253334));
#14783=CARTESIAN_POINT('Ctrl Pts',(42.2530997140845,-2.,-21.4578604311895));
#14784=CARTESIAN_POINT('Ctrl Pts',(42.2530997140845,0.,-21.4578604311895));
#14785=CARTESIAN_POINT('Ctrl Pts',(42.2875576538783,-2.,-21.5623300736886));
#14786=CARTESIAN_POINT('Ctrl Pts',(42.2875576538783,0.,-21.5623300736886));
#14787=CARTESIAN_POINT('Ctrl Pts',(42.2936605772535,-2.,-21.672117330829));
#14788=CARTESIAN_POINT('Ctrl Pts',(42.2936605772535,0.,-21.672117330829));
#14789=CARTESIAN_POINT('Ctrl Pts',(42.2965935970387,-2.,-21.7248802736946));
#14790=CARTESIAN_POINT('Ctrl Pts',(42.2965935970387,0.,-21.7248802736946));
#14791=CARTESIAN_POINT('',(42.2352020050129,-2.,-21.4035981253334));
#14792=CARTESIAN_POINT('Ctrl Pts',(42.2352020050129,-2.,-21.4035981253334));
#14793=CARTESIAN_POINT('Ctrl Pts',(42.2530997140845,-2.,-21.4578604311895));
#14794=CARTESIAN_POINT('Ctrl Pts',(42.2875576538783,-2.,-21.5623300736886));
#14795=CARTESIAN_POINT('Ctrl Pts',(42.2936605772535,-2.,-21.672117330829));
#14796=CARTESIAN_POINT('Ctrl Pts',(42.2965935970387,-2.,-21.7248802736946));
#14797=CARTESIAN_POINT('',(42.2352020050129,0.,-21.4035981253334));
#14798=CARTESIAN_POINT('',(42.2352020050129,-2.,-21.4035981253334));
#14799=CARTESIAN_POINT('Ctrl Pts',(42.2352020050129,0.,-21.4035981253334));
#14800=CARTESIAN_POINT('Ctrl Pts',(42.2530997140845,0.,-21.4578604311895));
#14801=CARTESIAN_POINT('Ctrl Pts',(42.2875576538783,0.,-21.5623300736886));
#14802=CARTESIAN_POINT('Ctrl Pts',(42.2936605772535,0.,-21.672117330829));
#14803=CARTESIAN_POINT('Ctrl Pts',(42.2965935970387,0.,-21.7248802736946));
#14804=CARTESIAN_POINT('Ctrl Pts',(42.0673982406696,-2.,-21.1416607454963));
#14805=CARTESIAN_POINT('Ctrl Pts',(42.0673982406696,0.,-21.1416607454963));
#14806=CARTESIAN_POINT('Ctrl Pts',(42.1015631182599,-2.,-21.1772405512943));
#14807=CARTESIAN_POINT('Ctrl Pts',(42.1015631182599,0.,-21.1772405512943));
#14808=CARTESIAN_POINT('Ctrl Pts',(42.174653706748,-2.,-21.2533581646884));
#14809=CARTESIAN_POINT('Ctrl Pts',(42.174653706748,0.,-21.2533581646884));
#14810=CARTESIAN_POINT('Ctrl Pts',(42.2141614460359,-2.,-21.3513896761574));
#14811=CARTESIAN_POINT('Ctrl Pts',(42.2141614460359,0.,-21.3513896761574));
#14812=CARTESIAN_POINT('Ctrl Pts',(42.2352020050129,-2.,-21.4035981253334));
#14813=CARTESIAN_POINT('Ctrl Pts',(42.2352020050129,0.,-21.4035981253334));
#14814=CARTESIAN_POINT('',(42.0673982406696,-2.,-21.1416607454963));
#14815=CARTESIAN_POINT('Ctrl Pts',(42.0673982406696,-2.,-21.1416607454963));
#14816=CARTESIAN_POINT('Ctrl Pts',(42.1015631182599,-2.,-21.1772405512943));
#14817=CARTESIAN_POINT('Ctrl Pts',(42.174653706748,-2.,-21.2533581646884));
#14818=CARTESIAN_POINT('Ctrl Pts',(42.2141614460359,-2.,-21.3513896761574));
#14819=CARTESIAN_POINT('Ctrl Pts',(42.2352020050129,-2.,-21.4035981253334));
#14820=CARTESIAN_POINT('',(42.0673982406696,0.,-21.1416607454963));
#14821=CARTESIAN_POINT('',(42.0673982406696,-2.,-21.1416607454963));
#14822=CARTESIAN_POINT('Ctrl Pts',(42.0673982406696,0.,-21.1416607454963));
#14823=CARTESIAN_POINT('Ctrl Pts',(42.1015631182599,0.,-21.1772405512943));
#14824=CARTESIAN_POINT('Ctrl Pts',(42.174653706748,0.,-21.2533581646884));
#14825=CARTESIAN_POINT('Ctrl Pts',(42.2141614460359,0.,-21.3513896761574));
#14826=CARTESIAN_POINT('Ctrl Pts',(42.2352020050129,0.,-21.4035981253334));
#14827=CARTESIAN_POINT('Ctrl Pts',(41.688816955193,-2.,-20.9677177027412));
#14828=CARTESIAN_POINT('Ctrl Pts',(41.688816955193,0.,-20.9677177027412));
#14829=CARTESIAN_POINT('Ctrl Pts',(41.7604010472709,-2.,-20.9843563362007));
#14830=CARTESIAN_POINT('Ctrl Pts',(41.7604010472709,0.,-20.9843563362007));
#14831=CARTESIAN_POINT('Ctrl Pts',(41.898628269411,-2.,-21.0164851516478));
#14832=CARTESIAN_POINT('Ctrl Pts',(41.898628269411,0.,-21.0164851516478));
#14833=CARTESIAN_POINT('Ctrl Pts',(42.0124983538667,-2.,-21.1009418552724));
#14834=CARTESIAN_POINT('Ctrl Pts',(42.0124983538667,0.,-21.1009418552724));
#14835=CARTESIAN_POINT('Ctrl Pts',(42.0673982406696,-2.,-21.1416607454963));
#14836=CARTESIAN_POINT('Ctrl Pts',(42.0673982406696,0.,-21.1416607454963));
#14837=CARTESIAN_POINT('',(41.688816955193,-2.,-20.9677177027412));
#14838=CARTESIAN_POINT('Ctrl Pts',(41.688816955193,-2.,-20.9677177027412));
#14839=CARTESIAN_POINT('Ctrl Pts',(41.7604010472709,-2.,-20.9843563362007));
#14840=CARTESIAN_POINT('Ctrl Pts',(41.898628269411,-2.,-21.0164851516478));
#14841=CARTESIAN_POINT('Ctrl Pts',(42.0124983538667,-2.,-21.1009418552724));
#14842=CARTESIAN_POINT('Ctrl Pts',(42.0673982406696,-2.,-21.1416607454963));
#14843=CARTESIAN_POINT('',(41.688816955193,0.,-20.9677177027412));
#14844=CARTESIAN_POINT('',(41.688816955193,-2.,-20.9677177027412));
#14845=CARTESIAN_POINT('Ctrl Pts',(41.688816955193,0.,-20.9677177027412));
#14846=CARTESIAN_POINT('Ctrl Pts',(41.7604010472709,0.,-20.9843563362007));
#14847=CARTESIAN_POINT('Ctrl Pts',(41.898628269411,0.,-21.0164851516478));
#14848=CARTESIAN_POINT('Ctrl Pts',(42.0124983538667,0.,-21.1009418552724));
#14849=CARTESIAN_POINT('Ctrl Pts',(42.0673982406696,0.,-21.1416607454963));
#14850=CARTESIAN_POINT('Ctrl Pts',(41.0871801878056,-2.,-20.9247439459511));
#14851=CARTESIAN_POINT('Ctrl Pts',(41.0871801878056,0.,-20.9247439459511));
#14852=CARTESIAN_POINT('Ctrl Pts',(41.19994752242,-2.,-20.9255088167093));
#14853=CARTESIAN_POINT('Ctrl Pts',(41.19994752242,0.,-20.9255088167093));
#14854=CARTESIAN_POINT('Ctrl Pts',(41.4014882493355,-2.,-20.9268758137138));
#14855=CARTESIAN_POINT('Ctrl Pts',(41.4014882493355,0.,-20.9268758137138));
#14856=CARTESIAN_POINT('Ctrl Pts',(41.6009564543214,-2.,-20.9552289094068));
#14857=CARTESIAN_POINT('Ctrl Pts',(41.6009564543214,0.,-20.9552289094068));
#14858=CARTESIAN_POINT('Ctrl Pts',(41.688816955193,-2.,-20.9677177027412));
#14859=CARTESIAN_POINT('Ctrl Pts',(41.688816955193,0.,-20.9677177027412));
#14860=CARTESIAN_POINT('',(41.0871801878056,-2.,-20.9247439459511));
#14861=CARTESIAN_POINT('Ctrl Pts',(41.0871801878056,-2.,-20.9247439459511));
#14862=CARTESIAN_POINT('Ctrl Pts',(41.19994752242,-2.,-20.9255088167093));
#14863=CARTESIAN_POINT('Ctrl Pts',(41.4014882493355,-2.,-20.9268758137138));
#14864=CARTESIAN_POINT('Ctrl Pts',(41.6009564543214,-2.,-20.9552289094068));
#14865=CARTESIAN_POINT('Ctrl Pts',(41.688816955193,-2.,-20.9677177027412));
#14866=CARTESIAN_POINT('',(41.0871801878056,0.,-20.9247439459511));
#14867=CARTESIAN_POINT('',(41.0871801878056,-2.,-20.9247439459511));
#14868=CARTESIAN_POINT('Ctrl Pts',(41.0871801878056,0.,-20.9247439459511));
#14869=CARTESIAN_POINT('Ctrl Pts',(41.19994752242,0.,-20.9255088167093));
#14870=CARTESIAN_POINT('Ctrl Pts',(41.4014882493355,0.,-20.9268758137138));
#14871=CARTESIAN_POINT('Ctrl Pts',(41.6009564543214,0.,-20.9552289094068));
#14872=CARTESIAN_POINT('Ctrl Pts',(41.688816955193,0.,-20.9677177027412));
#14873=CARTESIAN_POINT('Ctrl Pts',(40.6533462906918,-2.,-20.9595316008278));
#14874=CARTESIAN_POINT('Ctrl Pts',(40.6533462906918,0.,-20.9595316008278));
#14875=CARTESIAN_POINT('Ctrl Pts',(40.7228053920759,-2.,-20.9493887785021));
#14876=CARTESIAN_POINT('Ctrl Pts',(40.7228053920759,0.,-20.9493887785021));
#14877=CARTESIAN_POINT('Ctrl Pts',(40.8666483168662,-2.,-20.9283839972728));
#14878=CARTESIAN_POINT('Ctrl Pts',(40.8666483168662,0.,-20.9283839972728));
#14879=CARTESIAN_POINT('Ctrl Pts',(41.0120106502536,-2.,-20.9259846780654));
#14880=CARTESIAN_POINT('Ctrl Pts',(41.0120106502536,0.,-20.9259846780654));
#14881=CARTESIAN_POINT('Ctrl Pts',(41.0871801878056,-2.,-20.9247439459511));
#14882=CARTESIAN_POINT('Ctrl Pts',(41.0871801878056,0.,-20.9247439459511));
#14883=CARTESIAN_POINT('',(40.6533462906918,-2.,-20.9595316008278));
#14884=CARTESIAN_POINT('Ctrl Pts',(40.6533462906918,-2.,-20.9595316008278));
#14885=CARTESIAN_POINT('Ctrl Pts',(40.7228053920759,-2.,-20.9493887785021));
#14886=CARTESIAN_POINT('Ctrl Pts',(40.8666483168662,-2.,-20.9283839972728));
#14887=CARTESIAN_POINT('Ctrl Pts',(41.0120106502536,-2.,-20.9259846780654));
#14888=CARTESIAN_POINT('Ctrl Pts',(41.0871801878056,-2.,-20.9247439459511));
#14889=CARTESIAN_POINT('',(40.6533462906918,0.,-20.9595316008278));
#14890=CARTESIAN_POINT('',(40.6533462906918,-2.,-20.9595316008278));
#14891=CARTESIAN_POINT('Ctrl Pts',(40.6533462906918,0.,-20.9595316008278));
#14892=CARTESIAN_POINT('Ctrl Pts',(40.7228053920759,0.,-20.9493887785021));
#14893=CARTESIAN_POINT('Ctrl Pts',(40.8666483168662,0.,-20.9283839972728));
#14894=CARTESIAN_POINT('Ctrl Pts',(41.0120106502536,0.,-20.9259846780654));
#14895=CARTESIAN_POINT('Ctrl Pts',(41.0871801878056,0.,-20.9247439459511));
#14896=CARTESIAN_POINT('Ctrl Pts',(40.3382031227192,-2.,-21.0577588633247));
#14897=CARTESIAN_POINT('Ctrl Pts',(40.3382031227192,0.,-21.0577588633247));
#14898=CARTESIAN_POINT('Ctrl Pts',(40.3830241642691,-2.,-21.0373194448962));
#14899=CARTESIAN_POINT('Ctrl Pts',(40.3830241642691,0.,-21.0373194448962));
#14900=CARTESIAN_POINT('Ctrl Pts',(40.4838198305056,-2.,-20.9913543194384));
#14901=CARTESIAN_POINT('Ctrl Pts',(40.4838198305056,0.,-20.9913543194384));
#14902=CARTESIAN_POINT('Ctrl Pts',(40.592817092669,-2.,-20.9708938603493));
#14903=CARTESIAN_POINT('Ctrl Pts',(40.592817092669,0.,-20.9708938603493));
#14904=CARTESIAN_POINT('Ctrl Pts',(40.6533462906918,-2.,-20.9595316008278));
#14905=CARTESIAN_POINT('Ctrl Pts',(40.6533462906918,0.,-20.9595316008278));
#14906=CARTESIAN_POINT('',(40.3382031227192,-2.,-21.0577588633247));
#14907=CARTESIAN_POINT('Ctrl Pts',(40.3382031227192,-2.,-21.0577588633247));
#14908=CARTESIAN_POINT('Ctrl Pts',(40.3830241642691,-2.,-21.0373194448962));
#14909=CARTESIAN_POINT('Ctrl Pts',(40.4838198305056,-2.,-20.9913543194384));
#14910=CARTESIAN_POINT('Ctrl Pts',(40.592817092669,-2.,-20.9708938603493));
#14911=CARTESIAN_POINT('Ctrl Pts',(40.6533462906918,-2.,-20.9595316008278));
#14912=CARTESIAN_POINT('',(40.3382031227192,0.,-21.0577588633247));
#14913=CARTESIAN_POINT('',(40.3382031227192,-2.,-21.0577588633247));
#14914=CARTESIAN_POINT('Ctrl Pts',(40.3382031227192,0.,-21.0577588633247));
#14915=CARTESIAN_POINT('Ctrl Pts',(40.3830241642691,0.,-21.0373194448962));
#14916=CARTESIAN_POINT('Ctrl Pts',(40.4838198305056,0.,-20.9913543194384));
#14917=CARTESIAN_POINT('Ctrl Pts',(40.592817092669,0.,-20.9708938603493));
#14918=CARTESIAN_POINT('Ctrl Pts',(40.6533462906918,0.,-20.9595316008278));
#14919=CARTESIAN_POINT('Ctrl Pts',(40.0926370526394,-2.,-21.2664895609565));
#14920=CARTESIAN_POINT('Ctrl Pts',(40.0926370526394,0.,-21.2664895609565));
#14921=CARTESIAN_POINT('Ctrl Pts',(40.1256514326034,-2.,-21.2269105512988));
#14922=CARTESIAN_POINT('Ctrl Pts',(40.1256514326034,0.,-21.2269105512988));
#14923=CARTESIAN_POINT('Ctrl Pts',(40.195412446593,-2.,-21.1432781508284));
#14924=CARTESIAN_POINT('Ctrl Pts',(40.195412446593,0.,-21.1432781508284));
#14925=CARTESIAN_POINT('Ctrl Pts',(40.2889383345499,-2.,-21.0872642182789));
#14926=CARTESIAN_POINT('Ctrl Pts',(40.2889383345499,0.,-21.0872642182789));
#14927=CARTESIAN_POINT('Ctrl Pts',(40.3382031227192,-2.,-21.0577588633247));
#14928=CARTESIAN_POINT('Ctrl Pts',(40.3382031227192,0.,-21.0577588633247));
#14929=CARTESIAN_POINT('',(40.0926370526394,-2.,-21.2664895609565));
#14930=CARTESIAN_POINT('Ctrl Pts',(40.0926370526394,-2.,-21.2664895609565));
#14931=CARTESIAN_POINT('Ctrl Pts',(40.1256514326034,-2.,-21.2269105512988));
#14932=CARTESIAN_POINT('Ctrl Pts',(40.195412446593,-2.,-21.1432781508284));
#14933=CARTESIAN_POINT('Ctrl Pts',(40.2889383345499,-2.,-21.0872642182789));
#14934=CARTESIAN_POINT('Ctrl Pts',(40.3382031227192,-2.,-21.0577588633247));
#14935=CARTESIAN_POINT('',(40.0926370526394,0.,-21.2664895609565));
#14936=CARTESIAN_POINT('',(40.0926370526394,-2.,-21.2664895609565));
#14937=CARTESIAN_POINT('Ctrl Pts',(40.0926370526394,0.,-21.2664895609565));
#14938=CARTESIAN_POINT('Ctrl Pts',(40.1256514326034,0.,-21.2269105512988));
#14939=CARTESIAN_POINT('Ctrl Pts',(40.195412446593,0.,-21.1432781508284));
#14940=CARTESIAN_POINT('Ctrl Pts',(40.2889383345499,0.,-21.0872642182789));
#14941=CARTESIAN_POINT('Ctrl Pts',(40.3382031227192,0.,-21.0577588633247));
#14942=CARTESIAN_POINT('Ctrl Pts',(39.963714590176,-2.,-21.5939109877296));
#14943=CARTESIAN_POINT('Ctrl Pts',(39.963714590176,0.,-21.5939109877296));
#14944=CARTESIAN_POINT('Ctrl Pts',(39.9787108579129,-2.,-21.53052095481));
#14945=CARTESIAN_POINT('Ctrl Pts',(39.9787108579129,0.,-21.53052095481));
#14946=CARTESIAN_POINT('Ctrl Pts',(40.0060303047882,-2.,-21.4150401787153));
#14947=CARTESIAN_POINT('Ctrl Pts',(40.0060303047882,0.,-21.4150401787153));
#14948=CARTESIAN_POINT('Ctrl Pts',(40.0657147577339,-2.,-21.312667527904));
#14949=CARTESIAN_POINT('Ctrl Pts',(40.0657147577339,0.,-21.312667527904));
#14950=CARTESIAN_POINT('Ctrl Pts',(40.0926370526394,-2.,-21.2664895609565));
#14951=CARTESIAN_POINT('Ctrl Pts',(40.0926370526394,0.,-21.2664895609565));
#14952=CARTESIAN_POINT('',(39.963714590176,-2.,-21.5939109877296));
#14953=CARTESIAN_POINT('Ctrl Pts',(39.963714590176,-2.,-21.5939109877296));
#14954=CARTESIAN_POINT('Ctrl Pts',(39.9787108579129,-2.,-21.53052095481));
#14955=CARTESIAN_POINT('Ctrl Pts',(40.0060303047882,-2.,-21.4150401787153));
#14956=CARTESIAN_POINT('Ctrl Pts',(40.0657147577339,-2.,-21.312667527904));
#14957=CARTESIAN_POINT('Ctrl Pts',(40.0926370526394,-2.,-21.2664895609565));
#14958=CARTESIAN_POINT('',(39.963714590176,0.,-21.5939109877296));
#14959=CARTESIAN_POINT('',(39.963714590176,-2.,-21.5939109877296));
#14960=CARTESIAN_POINT('Ctrl Pts',(39.963714590176,0.,-21.5939109877296));
#14961=CARTESIAN_POINT('Ctrl Pts',(39.9787108579129,0.,-21.53052095481));
#14962=CARTESIAN_POINT('Ctrl Pts',(40.0060303047882,0.,-21.4150401787153));
#14963=CARTESIAN_POINT('Ctrl Pts',(40.0657147577339,0.,-21.312667527904));
#14964=CARTESIAN_POINT('Ctrl Pts',(40.0926370526394,0.,-21.2664895609565));
#14965=CARTESIAN_POINT('Origin',(40.7597584630093,-2.,-21.6778128699012));
#14966=CARTESIAN_POINT('',(40.7597584630093,-2.,-21.6778128699012));
#14967=CARTESIAN_POINT('',(29.0261164172149,-2.,-20.4411038316589));
#14968=CARTESIAN_POINT('',(40.7597584630093,0.,-21.6778128699012));
#14969=CARTESIAN_POINT('',(40.7597584630093,-2.,-21.6778128699012));
#14970=CARTESIAN_POINT('',(40.7597584630093,0.,-21.6778128699012));
#14971=CARTESIAN_POINT('Ctrl Pts',(40.8886806274494,-2.,-21.4854531840034));
#14972=CARTESIAN_POINT('Ctrl Pts',(40.8886806274494,0.,-21.4854531840034));
#14973=CARTESIAN_POINT('Ctrl Pts',(40.8626121894066,-2.,-21.5085939162292));
#14974=CARTESIAN_POINT('Ctrl Pts',(40.8626121894066,0.,-21.5085939162292));
#14975=CARTESIAN_POINT('Ctrl Pts',(40.8032772048904,-2.,-21.5612650807251));
#14976=CARTESIAN_POINT('Ctrl Pts',(40.8032772048904,0.,-21.5612650807251));
#14977=CARTESIAN_POINT('Ctrl Pts',(40.7753923108926,-2.,-21.6359437733155));
#14978=CARTESIAN_POINT('Ctrl Pts',(40.7753923108926,0.,-21.6359437733155));
#14979=CARTESIAN_POINT('Ctrl Pts',(40.7597584630093,-2.,-21.6778128699012));
#14980=CARTESIAN_POINT('Ctrl Pts',(40.7597584630093,0.,-21.6778128699012));
#14981=CARTESIAN_POINT('Ctrl Pts',(40.8886806274494,-2.,-21.4854531840034));
#14982=CARTESIAN_POINT('Ctrl Pts',(40.8626121894066,-2.,-21.5085939162292));
#14983=CARTESIAN_POINT('Ctrl Pts',(40.8032772048904,-2.,-21.5612650807251));
#14984=CARTESIAN_POINT('Ctrl Pts',(40.7753923108926,-2.,-21.6359437733155));
#14985=CARTESIAN_POINT('Ctrl Pts',(40.7597584630093,-2.,-21.6778128699012));
#14986=CARTESIAN_POINT('Ctrl Pts',(40.8886806274494,0.,-21.4854531840034));
#14987=CARTESIAN_POINT('Ctrl Pts',(40.8626121894066,0.,-21.5085939162292));
#14988=CARTESIAN_POINT('Ctrl Pts',(40.8032772048904,0.,-21.5612650807251));
#14989=CARTESIAN_POINT('Ctrl Pts',(40.7753923108926,0.,-21.6359437733155));
#14990=CARTESIAN_POINT('Ctrl Pts',(40.7597584630093,0.,-21.6778128699012));
#14991=CARTESIAN_POINT('Origin',(47.0319274374014,0.,-19.0799278870769));
#14992=CARTESIAN_POINT('Ctrl Pts',(56.9180129076084,-2.,-22.5864081934639));
#14993=CARTESIAN_POINT('Ctrl Pts',(56.9180129076084,0.,-22.5864081934639));
#14994=CARTESIAN_POINT('Ctrl Pts',(56.9691382265885,-2.,-22.5810452209359));
#14995=CARTESIAN_POINT('Ctrl Pts',(56.9691382265885,0.,-22.5810452209359));
#14996=CARTESIAN_POINT('Ctrl Pts',(57.0721987151757,-2.,-22.5702343237124));
#14997=CARTESIAN_POINT('Ctrl Pts',(57.0721987151757,0.,-22.5702343237124));
#14998=CARTESIAN_POINT('Ctrl Pts',(57.1465666053541,-2.,-22.4979861408905));
#14999=CARTESIAN_POINT('Ctrl Pts',(57.1465666053541,0.,-22.4979861408905));
#15000=CARTESIAN_POINT('Ctrl Pts',(57.1840427423557,-2.,-22.4615781859108));
#15001=CARTESIAN_POINT('Ctrl Pts',(57.1840427423557,0.,-22.4615781859108));
#15002=CARTESIAN_POINT('',(56.9180129076084,-2.,-22.5864081934639));
#15003=CARTESIAN_POINT('',(57.1840427423557,-2.,-22.4615781859108));
#15004=CARTESIAN_POINT('Ctrl Pts',(56.9180129076084,-2.,-22.5864081934639));
#15005=CARTESIAN_POINT('Ctrl Pts',(56.9691382265885,-2.,-22.5810452209359));
#15006=CARTESIAN_POINT('Ctrl Pts',(57.0721987151757,-2.,-22.5702343237124));
#15007=CARTESIAN_POINT('Ctrl Pts',(57.1465666053541,-2.,-22.4979861408905));
#15008=CARTESIAN_POINT('Ctrl Pts',(57.1840427423557,-2.,-22.4615781859108));
#15009=CARTESIAN_POINT('',(56.9180129076084,0.,-22.5864081934639));
#15010=CARTESIAN_POINT('',(56.9180129076084,-2.,-22.5864081934639));
#15011=CARTESIAN_POINT('',(57.1840427423557,0.,-22.4615781859108));
#15012=CARTESIAN_POINT('Ctrl Pts',(56.9180129076084,0.,-22.5864081934639));
#15013=CARTESIAN_POINT('Ctrl Pts',(56.9691382265885,0.,-22.5810452209359));
#15014=CARTESIAN_POINT('Ctrl Pts',(57.0721987151757,0.,-22.5702343237124));
#15015=CARTESIAN_POINT('Ctrl Pts',(57.1465666053541,0.,-22.4979861408905));
#15016=CARTESIAN_POINT('Ctrl Pts',(57.1840427423557,0.,-22.4615781859108));
#15017=CARTESIAN_POINT('',(57.1840427423557,-2.,-22.4615781859108));
#15018=CARTESIAN_POINT('Ctrl Pts',(56.6663072610935,-2.,-22.4636250094124));
#15019=CARTESIAN_POINT('Ctrl Pts',(56.6663072610935,0.,-22.4636250094124));
#15020=CARTESIAN_POINT('Ctrl Pts',(56.7018710375765,-2.,-22.4994324968957));
#15021=CARTESIAN_POINT('Ctrl Pts',(56.7018710375765,0.,-22.4994324968957));
#15022=CARTESIAN_POINT('Ctrl Pts',(56.7716373856415,-2.,-22.5696769389134));
#15023=CARTESIAN_POINT('Ctrl Pts',(56.7716373856415,0.,-22.5696769389134));
#15024=CARTESIAN_POINT('Ctrl Pts',(56.869859870288,-2.,-22.5809041261583));
#15025=CARTESIAN_POINT('Ctrl Pts',(56.869859870288,0.,-22.5809041261583));
#15026=CARTESIAN_POINT('Ctrl Pts',(56.9180129076084,-2.,-22.5864081934639));
#15027=CARTESIAN_POINT('Ctrl Pts',(56.9180129076084,0.,-22.5864081934639));
#15028=CARTESIAN_POINT('',(56.6663072610935,-2.,-22.4636250094124));
#15029=CARTESIAN_POINT('Ctrl Pts',(56.6663072610935,-2.,-22.4636250094124));
#15030=CARTESIAN_POINT('Ctrl Pts',(56.7018710375765,-2.,-22.4994324968957));
#15031=CARTESIAN_POINT('Ctrl Pts',(56.7716373856415,-2.,-22.5696769389134));
#15032=CARTESIAN_POINT('Ctrl Pts',(56.869859870288,-2.,-22.5809041261583));
#15033=CARTESIAN_POINT('Ctrl Pts',(56.9180129076084,-2.,-22.5864081934639));
#15034=CARTESIAN_POINT('',(56.6663072610935,0.,-22.4636250094124));
#15035=CARTESIAN_POINT('',(56.6663072610935,-2.,-22.4636250094124));
#15036=CARTESIAN_POINT('Ctrl Pts',(56.6663072610935,0.,-22.4636250094124));
#15037=CARTESIAN_POINT('Ctrl Pts',(56.7018710375765,0.,-22.4994324968957));
#15038=CARTESIAN_POINT('Ctrl Pts',(56.7716373856415,0.,-22.5696769389134));
#15039=CARTESIAN_POINT('Ctrl Pts',(56.869859870288,0.,-22.5809041261583));
#15040=CARTESIAN_POINT('Ctrl Pts',(56.9180129076084,0.,-22.5864081934639));
#15041=CARTESIAN_POINT('Ctrl Pts',(56.566033175095,-2.,-22.0727651671119));
#15042=CARTESIAN_POINT('Ctrl Pts',(56.566033175095,0.,-22.0727651671119));
#15043=CARTESIAN_POINT('Ctrl Pts',(56.567429906822,-2.,-22.1516285946487));
#15044=CARTESIAN_POINT('Ctrl Pts',(56.567429906822,0.,-22.1516285946487));
#15045=CARTESIAN_POINT('Ctrl Pts',(56.5698913091934,-2.,-22.2906063409198));
#15046=CARTESIAN_POINT('Ctrl Pts',(56.5698913091934,0.,-22.2906063409198));
#15047=CARTESIAN_POINT('Ctrl Pts',(56.6371952055054,-2.,-22.4113833523454));
#15048=CARTESIAN_POINT('Ctrl Pts',(56.6371952055054,0.,-22.4113833523454));
#15049=CARTESIAN_POINT('Ctrl Pts',(56.6663072610935,-2.,-22.4636250094124));
#15050=CARTESIAN_POINT('Ctrl Pts',(56.6663072610935,0.,-22.4636250094124));
#15051=CARTESIAN_POINT('',(56.566033175095,-2.,-22.0727651671119));
#15052=CARTESIAN_POINT('Ctrl Pts',(56.566033175095,-2.,-22.0727651671119));
#15053=CARTESIAN_POINT('Ctrl Pts',(56.567429906822,-2.,-22.1516285946487));
#15054=CARTESIAN_POINT('Ctrl Pts',(56.5698913091934,-2.,-22.2906063409198));
#15055=CARTESIAN_POINT('Ctrl Pts',(56.6371952055054,-2.,-22.4113833523454));
#15056=CARTESIAN_POINT('Ctrl Pts',(56.6663072610935,-2.,-22.4636250094124));
#15057=CARTESIAN_POINT('',(56.566033175095,0.,-22.0727651671119));
#15058=CARTESIAN_POINT('',(56.566033175095,-2.,-22.0727651671119));
#15059=CARTESIAN_POINT('Ctrl Pts',(56.566033175095,0.,-22.0727651671119));
#15060=CARTESIAN_POINT('Ctrl Pts',(56.567429906822,0.,-22.1516285946487));
#15061=CARTESIAN_POINT('Ctrl Pts',(56.5698913091934,0.,-22.2906063409198));
#15062=CARTESIAN_POINT('Ctrl Pts',(56.6371952055054,0.,-22.4113833523454));
#15063=CARTESIAN_POINT('Ctrl Pts',(56.6663072610935,0.,-22.4636250094124));
#15064=CARTESIAN_POINT('Ctrl Pts',(56.6642592454991,-2.,-21.6675811365791));
#15065=CARTESIAN_POINT('Ctrl Pts',(56.6642592454991,0.,-21.6675811365791));
#15066=CARTESIAN_POINT('Ctrl Pts',(56.6357884713193,-2.,-21.720410617813));
#15067=CARTESIAN_POINT('Ctrl Pts',(56.6357884713193,0.,-21.720410617813));
#15068=CARTESIAN_POINT('Ctrl Pts',(56.5680939505164,-2.,-21.8460224608146));
#15069=CARTESIAN_POINT('Ctrl Pts',(56.5680939505164,0.,-21.8460224608146));
#15070=CARTESIAN_POINT('Ctrl Pts',(56.5667891855965,-2.,-21.9895829506903));
#15071=CARTESIAN_POINT('Ctrl Pts',(56.5667891855965,0.,-21.9895829506903));
#15072=CARTESIAN_POINT('Ctrl Pts',(56.566033175095,-2.,-22.0727651671119));
#15073=CARTESIAN_POINT('Ctrl Pts',(56.566033175095,0.,-22.0727651671119));
#15074=CARTESIAN_POINT('',(56.6642592454991,-2.,-21.6675811365791));
#15075=CARTESIAN_POINT('Ctrl Pts',(56.6642592454991,-2.,-21.6675811365791));
#15076=CARTESIAN_POINT('Ctrl Pts',(56.6357884713193,-2.,-21.720410617813));
#15077=CARTESIAN_POINT('Ctrl Pts',(56.5680939505164,-2.,-21.8460224608146));
#15078=CARTESIAN_POINT('Ctrl Pts',(56.5667891855965,-2.,-21.9895829506903));
#15079=CARTESIAN_POINT('Ctrl Pts',(56.566033175095,-2.,-22.0727651671119));
#15080=CARTESIAN_POINT('',(56.6642592454991,0.,-21.6675811365791));
#15081=CARTESIAN_POINT('',(56.6642592454991,-2.,-21.6675811365791));
#15082=CARTESIAN_POINT('Ctrl Pts',(56.6642592454991,0.,-21.6675811365791));
#15083=CARTESIAN_POINT('Ctrl Pts',(56.6357884713193,0.,-21.720410617813));
#15084=CARTESIAN_POINT('Ctrl Pts',(56.5680939505164,0.,-21.8460224608146));
#15085=CARTESIAN_POINT('Ctrl Pts',(56.5667891855965,0.,-21.9895829506903));
#15086=CARTESIAN_POINT('Ctrl Pts',(56.566033175095,0.,-22.0727651671119));
#15087=CARTESIAN_POINT('Ctrl Pts',(56.9077799821934,-2.,-21.5468447760292));
#15088=CARTESIAN_POINT('Ctrl Pts',(56.9077799821934,0.,-21.5468447760292));
#15089=CARTESIAN_POINT('Ctrl Pts',(56.8609976884492,-2.,-21.5522652640168));
#15090=CARTESIAN_POINT('Ctrl Pts',(56.8609976884492,0.,-21.5522652640168));
#15091=CARTESIAN_POINT('Ctrl Pts',(56.765527034208,-2.,-21.56332708876));
#15092=CARTESIAN_POINT('Ctrl Pts',(56.765527034208,0.,-21.56332708876));
#15093=CARTESIAN_POINT('Ctrl Pts',(56.6984614950937,-2.,-21.6323703058676));
#15094=CARTESIAN_POINT('Ctrl Pts',(56.6984614950937,0.,-21.6323703058676));
#15095=CARTESIAN_POINT('Ctrl Pts',(56.6642592454991,-2.,-21.6675811365791));
#15096=CARTESIAN_POINT('Ctrl Pts',(56.6642592454991,0.,-21.6675811365791));
#15097=CARTESIAN_POINT('',(56.9077799821934,-2.,-21.5468447760292));
#15098=CARTESIAN_POINT('Ctrl Pts',(56.9077799821934,-2.,-21.5468447760292));
#15099=CARTESIAN_POINT('Ctrl Pts',(56.8609976884492,-2.,-21.5522652640168));
#15100=CARTESIAN_POINT('Ctrl Pts',(56.765527034208,-2.,-21.56332708876));
#15101=CARTESIAN_POINT('Ctrl Pts',(56.6984614950937,-2.,-21.6323703058676));
#15102=CARTESIAN_POINT('Ctrl Pts',(56.6642592454991,-2.,-21.6675811365791));
#15103=CARTESIAN_POINT('',(56.9077799821934,0.,-21.5468447760292));
#15104=CARTESIAN_POINT('',(56.9077799821934,-2.,-21.5468447760292));
#15105=CARTESIAN_POINT('Ctrl Pts',(56.9077799821934,0.,-21.5468447760292));
#15106=CARTESIAN_POINT('Ctrl Pts',(56.8609976884492,0.,-21.5522652640168));
#15107=CARTESIAN_POINT('Ctrl Pts',(56.765527034208,0.,-21.56332708876));
#15108=CARTESIAN_POINT('Ctrl Pts',(56.6984614950937,0.,-21.6323703058676));
#15109=CARTESIAN_POINT('Ctrl Pts',(56.6642592454991,0.,-21.6675811365791));
#15110=CARTESIAN_POINT('Ctrl Pts',(57.1819947267613,-2.,-21.673720414991));
#15111=CARTESIAN_POINT('Ctrl Pts',(57.1819947267613,0.,-21.673720414991));
#15112=CARTESIAN_POINT('Ctrl Pts',(57.1435107946506,-2.,-21.6367152115506));
#15113=CARTESIAN_POINT('Ctrl Pts',(57.1435107946506,0.,-21.6367152115506));
#15114=CARTESIAN_POINT('Ctrl Pts',(57.0666959619086,-2.,-21.5628519559799));
#15115=CARTESIAN_POINT('Ctrl Pts',(57.0666959619086,0.,-21.5628519559799));
#15116=CARTESIAN_POINT('Ctrl Pts',(56.9606815743649,-2.,-21.552173411369));
#15117=CARTESIAN_POINT('Ctrl Pts',(56.9606815743649,0.,-21.552173411369));
#15118=CARTESIAN_POINT('Ctrl Pts',(56.9077799821934,-2.,-21.5468447760292));
#15119=CARTESIAN_POINT('Ctrl Pts',(56.9077799821934,0.,-21.5468447760292));
#15120=CARTESIAN_POINT('',(57.1819947267613,-2.,-21.673720414991));
#15121=CARTESIAN_POINT('Ctrl Pts',(57.1819947267613,-2.,-21.673720414991));
#15122=CARTESIAN_POINT('Ctrl Pts',(57.1435107946506,-2.,-21.6367152115506));
#15123=CARTESIAN_POINT('Ctrl Pts',(57.0666959619086,-2.,-21.5628519559799));
#15124=CARTESIAN_POINT('Ctrl Pts',(56.9606815743649,-2.,-21.552173411369));
#15125=CARTESIAN_POINT('Ctrl Pts',(56.9077799821934,-2.,-21.5468447760292));
#15126=CARTESIAN_POINT('',(57.1819947267613,0.,-21.673720414991));
#15127=CARTESIAN_POINT('',(57.1819947267613,-2.,-21.673720414991));
#15128=CARTESIAN_POINT('Ctrl Pts',(57.1819947267613,0.,-21.673720414991));
#15129=CARTESIAN_POINT('Ctrl Pts',(57.1435107946506,0.,-21.6367152115506));
#15130=CARTESIAN_POINT('Ctrl Pts',(57.0666959619086,0.,-21.5628519559799));
#15131=CARTESIAN_POINT('Ctrl Pts',(56.9606815743649,0.,-21.552173411369));
#15132=CARTESIAN_POINT('Ctrl Pts',(56.9077799821934,0.,-21.5468447760292));
#15133=CARTESIAN_POINT('Ctrl Pts',(57.2904537225804,-2.,-22.0543485239692));
#15134=CARTESIAN_POINT('Ctrl Pts',(57.2904537225804,0.,-22.0543485239692));
#15135=CARTESIAN_POINT('Ctrl Pts',(57.288490826324,-2.,-21.9778173916448));
#15136=CARTESIAN_POINT('Ctrl Pts',(57.288490826324,0.,-21.9778173916448));
#15137=CARTESIAN_POINT('Ctrl Pts',(57.2849788326376,-2.,-21.8408886809907));
#15138=CARTESIAN_POINT('Ctrl Pts',(57.2849788326376,0.,-21.8408886809907));
#15139=CARTESIAN_POINT('Ctrl Pts',(57.2135160746435,-2.,-21.7248872336239));
#15140=CARTESIAN_POINT('Ctrl Pts',(57.2135160746435,0.,-21.7248872336239));
#15141=CARTESIAN_POINT('Ctrl Pts',(57.1819947267613,-2.,-21.673720414991));
#15142=CARTESIAN_POINT('Ctrl Pts',(57.1819947267613,0.,-21.673720414991));
#15143=CARTESIAN_POINT('',(57.2904537225804,-2.,-22.0543485239692));
#15144=CARTESIAN_POINT('Ctrl Pts',(57.2904537225804,-2.,-22.0543485239692));
#15145=CARTESIAN_POINT('Ctrl Pts',(57.288490826324,-2.,-21.9778173916448));
#15146=CARTESIAN_POINT('Ctrl Pts',(57.2849788326376,-2.,-21.8408886809907));
#15147=CARTESIAN_POINT('Ctrl Pts',(57.2135160746435,-2.,-21.7248872336239));
#15148=CARTESIAN_POINT('Ctrl Pts',(57.1819947267613,-2.,-21.673720414991));
#15149=CARTESIAN_POINT('',(57.2904537225804,0.,-22.0543485239692));
#15150=CARTESIAN_POINT('',(57.2904537225804,-2.,-22.0543485239692));
#15151=CARTESIAN_POINT('Ctrl Pts',(57.2904537225804,0.,-22.0543485239692));
#15152=CARTESIAN_POINT('Ctrl Pts',(57.288490826324,0.,-21.9778173916448));
#15153=CARTESIAN_POINT('Ctrl Pts',(57.2849788326376,0.,-21.8408886809907));
#15154=CARTESIAN_POINT('Ctrl Pts',(57.2135160746435,0.,-21.7248872336239));
#15155=CARTESIAN_POINT('Ctrl Pts',(57.1819947267613,0.,-21.673720414991));
#15156=CARTESIAN_POINT('Ctrl Pts',(57.1840427423557,-2.,-22.4615781859108));
#15157=CARTESIAN_POINT('Ctrl Pts',(57.1840427423557,0.,-22.4615781859108));
#15158=CARTESIAN_POINT('Ctrl Pts',(57.2149166892231,-2.,-22.4080691330264));
#15159=CARTESIAN_POINT('Ctrl Pts',(57.2149166892231,0.,-22.4080691330264));
#15160=CARTESIAN_POINT('Ctrl Pts',(57.2871267514754,-2.,-22.2829185633101));
#15161=CARTESIAN_POINT('Ctrl Pts',(57.2871267514754,0.,-22.2829185633101));
#15162=CARTESIAN_POINT('Ctrl Pts',(57.2892425496079,-2.,-22.1375587008007));
#15163=CARTESIAN_POINT('Ctrl Pts',(57.2892425496079,0.,-22.1375587008007));
#15164=CARTESIAN_POINT('Ctrl Pts',(57.2904537225804,-2.,-22.0543485239692));
#15165=CARTESIAN_POINT('Ctrl Pts',(57.2904537225804,0.,-22.0543485239692));
#15166=CARTESIAN_POINT('Ctrl Pts',(57.1840427423557,-2.,-22.4615781859108));
#15167=CARTESIAN_POINT('Ctrl Pts',(57.2149166892231,-2.,-22.4080691330264));
#15168=CARTESIAN_POINT('Ctrl Pts',(57.2871267514754,-2.,-22.2829185633101));
#15169=CARTESIAN_POINT('Ctrl Pts',(57.2892425496079,-2.,-22.1375587008007));
#15170=CARTESIAN_POINT('Ctrl Pts',(57.2904537225804,-2.,-22.0543485239692));
#15171=CARTESIAN_POINT('Ctrl Pts',(57.1840427423557,0.,-22.4615781859108));
#15172=CARTESIAN_POINT('Ctrl Pts',(57.2149166892231,0.,-22.4080691330264));
#15173=CARTESIAN_POINT('Ctrl Pts',(57.2871267514754,0.,-22.2829185633101));
#15174=CARTESIAN_POINT('Ctrl Pts',(57.2892425496079,0.,-22.1375587008007));
#15175=CARTESIAN_POINT('Ctrl Pts',(57.2904537225804,0.,-22.0543485239692));
#15176=CARTESIAN_POINT('Origin',(57.2843144441685,-2.,-21.1866813257881));
#15177=CARTESIAN_POINT('',(57.2843144441685,-2.,-21.1866813257881));
#15178=CARTESIAN_POINT('',(57.2843144441685,-2.,-20.1471179083534));
#15179=CARTESIAN_POINT('',(57.2843144441685,-2.,-13.9681297107749));
#15180=CARTESIAN_POINT('',(57.2843144441685,0.,-21.1866813257881));
#15181=CARTESIAN_POINT('',(57.2843144441685,-2.,-21.1866813257881));
#15182=CARTESIAN_POINT('',(57.2843144441685,0.,-20.1471179083534));
#15183=CARTESIAN_POINT('',(57.2843144441685,0.,-21.1866813257881));
#15184=CARTESIAN_POINT('',(57.2843144441685,-2.,-20.1471179083534));
#15185=CARTESIAN_POINT('Ctrl Pts',(57.0019147897801,-2.,-20.9902279928871));
#15186=CARTESIAN_POINT('Ctrl Pts',(57.0019147897801,0.,-20.9902279928871));
#15187=CARTESIAN_POINT('Ctrl Pts',(57.0537907195334,-2.,-21.0150051133731));
#15188=CARTESIAN_POINT('Ctrl Pts',(57.0537907195334,0.,-21.0150051133731));
#15189=CARTESIAN_POINT('Ctrl Pts',(57.1586217503918,-2.,-21.065074791056));
#15190=CARTESIAN_POINT('Ctrl Pts',(57.1586217503918,0.,-21.065074791056));
#15191=CARTESIAN_POINT('Ctrl Pts',(57.2421303230149,-2.,-21.1458685733514));
#15192=CARTESIAN_POINT('Ctrl Pts',(57.2421303230149,0.,-21.1458685733514));
#15193=CARTESIAN_POINT('Ctrl Pts',(57.2843144441685,-2.,-21.1866813257881));
#15194=CARTESIAN_POINT('Ctrl Pts',(57.2843144441685,0.,-21.1866813257881));
#15195=CARTESIAN_POINT('',(57.0019147897801,-2.,-20.9902279928871));
#15196=CARTESIAN_POINT('Ctrl Pts',(57.0019147897801,-2.,-20.9902279928871));
#15197=CARTESIAN_POINT('Ctrl Pts',(57.0537907195334,-2.,-21.0150051133731));
#15198=CARTESIAN_POINT('Ctrl Pts',(57.1586217503918,-2.,-21.065074791056));
#15199=CARTESIAN_POINT('Ctrl Pts',(57.2421303230149,-2.,-21.1458685733514));
#15200=CARTESIAN_POINT('Ctrl Pts',(57.2843144441685,-2.,-21.1866813257881));
#15201=CARTESIAN_POINT('',(57.0019147897801,0.,-20.9902279928871));
#15202=CARTESIAN_POINT('',(57.0019147897801,-2.,-20.9902279928871));
#15203=CARTESIAN_POINT('Ctrl Pts',(57.0019147897801,0.,-20.9902279928871));
#15204=CARTESIAN_POINT('Ctrl Pts',(57.0537907195334,0.,-21.0150051133731));
#15205=CARTESIAN_POINT('Ctrl Pts',(57.1586217503918,0.,-21.065074791056));
#15206=CARTESIAN_POINT('Ctrl Pts',(57.2421303230149,0.,-21.1458685733514));
#15207=CARTESIAN_POINT('Ctrl Pts',(57.2843144441685,0.,-21.1866813257881));
#15208=CARTESIAN_POINT('Ctrl Pts',(56.6499350572666,-2.,-20.9247439459511));
#15209=CARTESIAN_POINT('Ctrl Pts',(56.6499350572666,0.,-20.9247439459511));
#15210=CARTESIAN_POINT('Ctrl Pts',(56.7122579482841,-2.,-20.9270876087946));
#15211=CARTESIAN_POINT('Ctrl Pts',(56.7122579482841,0.,-20.9270876087946));
#15212=CARTESIAN_POINT('Ctrl Pts',(56.8328614091209,-2.,-20.9316229223102));
#15213=CARTESIAN_POINT('Ctrl Pts',(56.8328614091209,0.,-20.9316229223102));
#15214=CARTESIAN_POINT('Ctrl Pts',(56.9468370541177,-2.,-20.9711344108888));
#15215=CARTESIAN_POINT('Ctrl Pts',(56.9468370541177,0.,-20.9711344108888));
#15216=CARTESIAN_POINT('Ctrl Pts',(57.0019147897801,-2.,-20.9902279928871));
#15217=CARTESIAN_POINT('Ctrl Pts',(57.0019147897801,0.,-20.9902279928871));
#15218=CARTESIAN_POINT('',(56.6499350572666,-2.,-20.9247439459511));
#15219=CARTESIAN_POINT('Ctrl Pts',(56.6499350572666,-2.,-20.9247439459511));
#15220=CARTESIAN_POINT('Ctrl Pts',(56.7122579482841,-2.,-20.9270876087946));
#15221=CARTESIAN_POINT('Ctrl Pts',(56.8328614091209,-2.,-20.9316229223102));
#15222=CARTESIAN_POINT('Ctrl Pts',(56.9468370541177,-2.,-20.9711344108888));
#15223=CARTESIAN_POINT('Ctrl Pts',(57.0019147897801,-2.,-20.9902279928871));
#15224=CARTESIAN_POINT('',(56.6499350572666,0.,-20.9247439459511));
#15225=CARTESIAN_POINT('',(56.6499350572666,-2.,-20.9247439459511));
#15226=CARTESIAN_POINT('Ctrl Pts',(56.6499350572666,0.,-20.9247439459511));
#15227=CARTESIAN_POINT('Ctrl Pts',(56.7122579482841,0.,-20.9270876087946));
#15228=CARTESIAN_POINT('Ctrl Pts',(56.8328614091209,0.,-20.9316229223102));
#15229=CARTESIAN_POINT('Ctrl Pts',(56.9468370541177,0.,-20.9711344108888));
#15230=CARTESIAN_POINT('Ctrl Pts',(57.0019147897801,0.,-20.9902279928871));
#15231=CARTESIAN_POINT('Ctrl Pts',(55.9909985567173,-2.,-21.2112372473427));
#15232=CARTESIAN_POINT('Ctrl Pts',(55.9909985567173,0.,-21.2112372473427));
#15233=CARTESIAN_POINT('Ctrl Pts',(56.0840082356396,-2.,-21.1276785649412));
#15234=CARTESIAN_POINT('Ctrl Pts',(56.0840082356396,0.,-21.1276785649412));
#15235=CARTESIAN_POINT('Ctrl Pts',(56.2716932508273,-2.,-20.9590647953065));
#15236=CARTESIAN_POINT('Ctrl Pts',(56.2716932508273,0.,-20.9590647953065));
#15237=CARTESIAN_POINT('Ctrl Pts',(56.523110699562,-2.,-20.9362517158519));
#15238=CARTESIAN_POINT('Ctrl Pts',(56.523110699562,0.,-20.9362517158519));
#15239=CARTESIAN_POINT('Ctrl Pts',(56.6499350572666,-2.,-20.9247439459511));
#15240=CARTESIAN_POINT('Ctrl Pts',(56.6499350572666,0.,-20.9247439459511));
#15241=CARTESIAN_POINT('',(55.9909985567173,-2.,-21.2112372473427));
#15242=CARTESIAN_POINT('Ctrl Pts',(55.9909985567173,-2.,-21.2112372473427));
#15243=CARTESIAN_POINT('Ctrl Pts',(56.0840082356396,-2.,-21.1276785649412));
#15244=CARTESIAN_POINT('Ctrl Pts',(56.2716932508273,-2.,-20.9590647953065));
#15245=CARTESIAN_POINT('Ctrl Pts',(56.523110699562,-2.,-20.9362517158519));
#15246=CARTESIAN_POINT('Ctrl Pts',(56.6499350572666,-2.,-20.9247439459511));
#15247=CARTESIAN_POINT('',(55.9909985567173,0.,-21.2112372473427));
#15248=CARTESIAN_POINT('',(55.9909985567173,-2.,-21.2112372473427));
#15249=CARTESIAN_POINT('Ctrl Pts',(55.9909985567173,0.,-21.2112372473427));
#15250=CARTESIAN_POINT('Ctrl Pts',(56.0840082356396,0.,-21.1276785649412));
#15251=CARTESIAN_POINT('Ctrl Pts',(56.2716932508273,0.,-20.9590647953065));
#15252=CARTESIAN_POINT('Ctrl Pts',(56.523110699562,0.,-20.9362517158519));
#15253=CARTESIAN_POINT('Ctrl Pts',(56.6499350572666,0.,-20.9247439459511));
#15254=CARTESIAN_POINT('Ctrl Pts',(55.7331548238835,-2.,-22.0379775122352));
#15255=CARTESIAN_POINT('Ctrl Pts',(55.7331548238835,0.,-22.0379775122352));
#15256=CARTESIAN_POINT('Ctrl Pts',(55.7393261028805,-2.,-21.8739721817921));
#15257=CARTESIAN_POINT('Ctrl Pts',(55.7393261028805,0.,-21.8739721817921));
#15258=CARTESIAN_POINT('Ctrl Pts',(55.7506254328391,-2.,-21.5736859130103));
#15259=CARTESIAN_POINT('Ctrl Pts',(55.7506254328391,0.,-21.5736859130103));
#15260=CARTESIAN_POINT('Ctrl Pts',(55.9159625156698,-2.,-21.3243809820326));
#15261=CARTESIAN_POINT('Ctrl Pts',(55.9159625156698,0.,-21.3243809820326));
#15262=CARTESIAN_POINT('Ctrl Pts',(55.9909985567173,-2.,-21.2112372473427));
#15263=CARTESIAN_POINT('Ctrl Pts',(55.9909985567173,0.,-21.2112372473427));
#15264=CARTESIAN_POINT('',(55.7331548238835,-2.,-22.0379775122352));
#15265=CARTESIAN_POINT('Ctrl Pts',(55.7331548238835,-2.,-22.0379775122352));
#15266=CARTESIAN_POINT('Ctrl Pts',(55.7393261028805,-2.,-21.8739721817921));
#15267=CARTESIAN_POINT('Ctrl Pts',(55.7506254328391,-2.,-21.5736859130103));
#15268=CARTESIAN_POINT('Ctrl Pts',(55.9159625156698,-2.,-21.3243809820326));
#15269=CARTESIAN_POINT('Ctrl Pts',(55.9909985567173,-2.,-21.2112372473427));
#15270=CARTESIAN_POINT('',(55.7331548238835,0.,-22.0379775122352));
#15271=CARTESIAN_POINT('',(55.7331548238835,-2.,-22.0379775122352));
#15272=CARTESIAN_POINT('Ctrl Pts',(55.7331548238835,0.,-22.0379775122352));
#15273=CARTESIAN_POINT('Ctrl Pts',(55.7393261028805,0.,-21.8739721817921));
#15274=CARTESIAN_POINT('Ctrl Pts',(55.7506254328391,0.,-21.5736859130103));
#15275=CARTESIAN_POINT('Ctrl Pts',(55.9159625156698,0.,-21.3243809820326));
#15276=CARTESIAN_POINT('Ctrl Pts',(55.9909985567173,0.,-21.2112372473427));
#15277=CARTESIAN_POINT('Ctrl Pts',(55.9664438272556,-2.,-22.858577306623));
#15278=CARTESIAN_POINT('Ctrl Pts',(55.9664438272556,0.,-22.858577306623));
#15279=CARTESIAN_POINT('Ctrl Pts',(55.8984362725325,-2.,-22.7367427028944));
#15280=CARTESIAN_POINT('Ctrl Pts',(55.8984362725325,0.,-22.7367427028944));
#15281=CARTESIAN_POINT('Ctrl Pts',(55.756238903418,-2.,-22.4819980618341));
#15282=CARTESIAN_POINT('Ctrl Pts',(55.756238903418,0.,-22.4819980618341));
#15283=CARTESIAN_POINT('Ctrl Pts',(55.7410693572135,-2.,-22.190212971041));
#15284=CARTESIAN_POINT('Ctrl Pts',(55.7410693572135,0.,-22.190212971041));
#15285=CARTESIAN_POINT('Ctrl Pts',(55.7331548238835,-2.,-22.0379775122352));
#15286=CARTESIAN_POINT('Ctrl Pts',(55.7331548238835,0.,-22.0379775122352));
#15287=CARTESIAN_POINT('',(55.9664438272556,-2.,-22.858577306623));
#15288=CARTESIAN_POINT('Ctrl Pts',(55.9664438272556,-2.,-22.858577306623));
#15289=CARTESIAN_POINT('Ctrl Pts',(55.8984362725325,-2.,-22.7367427028944));
#15290=CARTESIAN_POINT('Ctrl Pts',(55.756238903418,-2.,-22.4819980618341));
#15291=CARTESIAN_POINT('Ctrl Pts',(55.7410693572135,-2.,-22.190212971041));
#15292=CARTESIAN_POINT('Ctrl Pts',(55.7331548238835,-2.,-22.0379775122352));
#15293=CARTESIAN_POINT('',(55.9664438272556,0.,-22.858577306623));
#15294=CARTESIAN_POINT('',(55.9664438272556,-2.,-22.858577306623));
#15295=CARTESIAN_POINT('Ctrl Pts',(55.9664438272556,0.,-22.858577306623));
#15296=CARTESIAN_POINT('Ctrl Pts',(55.8984362725325,0.,-22.7367427028944));
#15297=CARTESIAN_POINT('Ctrl Pts',(55.756238903418,0.,-22.4819980618341));
#15298=CARTESIAN_POINT('Ctrl Pts',(55.7410693572135,0.,-22.190212971041));
#15299=CARTESIAN_POINT('Ctrl Pts',(55.7331548238835,0.,-22.0379775122352));
#15300=CARTESIAN_POINT('Ctrl Pts',(56.6458437944492,-2.,-23.1962304667183));
#15301=CARTESIAN_POINT('Ctrl Pts',(56.6458437944492,0.,-23.1962304667183));
#15302=CARTESIAN_POINT('Ctrl Pts',(56.5074558133125,-2.,-23.1834785977717));
#15303=CARTESIAN_POINT('Ctrl Pts',(56.5074558133125,0.,-23.1834785977717));
#15304=CARTESIAN_POINT('Ctrl Pts',(56.2368014656556,-2.,-23.1585389408537));
#15305=CARTESIAN_POINT('Ctrl Pts',(56.2368014656556,0.,-23.1585389408537));
#15306=CARTESIAN_POINT('Ctrl Pts',(56.0551938498628,-2.,-22.9570454023529));
#15307=CARTESIAN_POINT('Ctrl Pts',(56.0551938498628,0.,-22.9570454023529));
#15308=CARTESIAN_POINT('Ctrl Pts',(55.9664438272556,-2.,-22.858577306623));
#15309=CARTESIAN_POINT('Ctrl Pts',(55.9664438272556,0.,-22.858577306623));
#15310=CARTESIAN_POINT('',(56.6458437944492,-2.,-23.1962304667183));
#15311=CARTESIAN_POINT('Ctrl Pts',(56.6458437944492,-2.,-23.1962304667183));
#15312=CARTESIAN_POINT('Ctrl Pts',(56.5074558133125,-2.,-23.1834785977717));
#15313=CARTESIAN_POINT('Ctrl Pts',(56.2368014656556,-2.,-23.1585389408537));
#15314=CARTESIAN_POINT('Ctrl Pts',(56.0551938498628,-2.,-22.9570454023529));
#15315=CARTESIAN_POINT('Ctrl Pts',(55.9664438272556,-2.,-22.858577306623));
#15316=CARTESIAN_POINT('',(56.6458437944492,0.,-23.1962304667183));
#15317=CARTESIAN_POINT('',(56.6458437944492,-2.,-23.1962304667183));
#15318=CARTESIAN_POINT('Ctrl Pts',(56.6458437944492,0.,-23.1962304667183));
#15319=CARTESIAN_POINT('Ctrl Pts',(56.5074558133125,0.,-23.1834785977717));
#15320=CARTESIAN_POINT('Ctrl Pts',(56.2368014656556,0.,-23.1585389408537));
#15321=CARTESIAN_POINT('Ctrl Pts',(56.0551938498628,0.,-22.9570454023529));
#15322=CARTESIAN_POINT('Ctrl Pts',(55.9664438272556,0.,-22.858577306623));
#15323=CARTESIAN_POINT('Ctrl Pts',(57.0469353700718,-2.,-23.1020968512245));
#15324=CARTESIAN_POINT('Ctrl Pts',(57.0469353700718,0.,-23.1020968512245));
#15325=CARTESIAN_POINT('Ctrl Pts',(56.984427742753,-2.,-23.1295489483878));
#15326=CARTESIAN_POINT('Ctrl Pts',(56.984427742753,0.,-23.1295489483878));
#15327=CARTESIAN_POINT('Ctrl Pts',(56.8566110308315,-2.,-23.1856834866079));
#15328=CARTESIAN_POINT('Ctrl Pts',(56.8566110308315,0.,-23.1856834866079));
#15329=CARTESIAN_POINT('Ctrl Pts',(56.7171186604698,-2.,-23.1926638089816));
#15330=CARTESIAN_POINT('Ctrl Pts',(56.7171186604698,0.,-23.1926638089816));
#15331=CARTESIAN_POINT('Ctrl Pts',(56.6458437944492,-2.,-23.1962304667183));
#15332=CARTESIAN_POINT('Ctrl Pts',(56.6458437944492,0.,-23.1962304667183));
#15333=CARTESIAN_POINT('',(57.0469353700718,-2.,-23.1020968512245));
#15334=CARTESIAN_POINT('Ctrl Pts',(57.0469353700718,-2.,-23.1020968512245));
#15335=CARTESIAN_POINT('Ctrl Pts',(56.984427742753,-2.,-23.1295489483878));
#15336=CARTESIAN_POINT('Ctrl Pts',(56.8566110308315,-2.,-23.1856834866079));
#15337=CARTESIAN_POINT('Ctrl Pts',(56.7171186604698,-2.,-23.1926638089816));
#15338=CARTESIAN_POINT('Ctrl Pts',(56.6458437944492,-2.,-23.1962304667183));
#15339=CARTESIAN_POINT('',(57.0469353700718,0.,-23.1020968512245));
#15340=CARTESIAN_POINT('',(57.0469353700718,-2.,-23.1020968512245));
#15341=CARTESIAN_POINT('Ctrl Pts',(57.0469353700718,0.,-23.1020968512245));
#15342=CARTESIAN_POINT('Ctrl Pts',(56.984427742753,0.,-23.1295489483878));
#15343=CARTESIAN_POINT('Ctrl Pts',(56.8566110308315,0.,-23.1856834866079));
#15344=CARTESIAN_POINT('Ctrl Pts',(56.7171186604698,0.,-23.1926638089816));
#15345=CARTESIAN_POINT('Ctrl Pts',(56.6458437944492,0.,-23.1962304667183));
#15346=CARTESIAN_POINT('Ctrl Pts',(57.3457072282871,-2.,-22.825835283155));
#15347=CARTESIAN_POINT('Ctrl Pts',(57.3457072282871,0.,-22.825835283155));
#15348=CARTESIAN_POINT('Ctrl Pts',(57.2963881218121,-2.,-22.8861449845434));
#15349=CARTESIAN_POINT('Ctrl Pts',(57.2963881218121,0.,-22.8861449845434));
#15350=CARTESIAN_POINT('Ctrl Pts',(57.2095235969365,-2.,-22.9923669729555));
#15351=CARTESIAN_POINT('Ctrl Pts',(57.2095235969365,0.,-22.9923669729555));
#15352=CARTESIAN_POINT('Ctrl Pts',(57.096002533386,-2.,-23.0689816991542));
#15353=CARTESIAN_POINT('Ctrl Pts',(57.096002533386,0.,-23.0689816991542));
#15354=CARTESIAN_POINT('Ctrl Pts',(57.0469353700718,-2.,-23.1020968512245));
#15355=CARTESIAN_POINT('Ctrl Pts',(57.0469353700718,0.,-23.1020968512245));
#15356=CARTESIAN_POINT('',(57.3457072282871,-2.,-22.825835283155));
#15357=CARTESIAN_POINT('Ctrl Pts',(57.3457072282871,-2.,-22.825835283155));
#15358=CARTESIAN_POINT('Ctrl Pts',(57.2963881218121,-2.,-22.8861449845434));
#15359=CARTESIAN_POINT('Ctrl Pts',(57.2095235969365,-2.,-22.9923669729555));
#15360=CARTESIAN_POINT('Ctrl Pts',(57.096002533386,-2.,-23.0689816991542));
#15361=CARTESIAN_POINT('Ctrl Pts',(57.0469353700718,-2.,-23.1020968512245));
#15362=CARTESIAN_POINT('',(57.3457072282871,0.,-22.825835283155));
#15363=CARTESIAN_POINT('',(57.3457072282871,-2.,-22.825835283155));
#15364=CARTESIAN_POINT('Ctrl Pts',(57.3457072282871,0.,-22.825835283155));
#15365=CARTESIAN_POINT('Ctrl Pts',(57.2963881218121,0.,-22.8861449845434));
#15366=CARTESIAN_POINT('Ctrl Pts',(57.2095235969365,0.,-22.9923669729555));
#15367=CARTESIAN_POINT('Ctrl Pts',(57.096002533386,0.,-23.0689816991542));
#15368=CARTESIAN_POINT('Ctrl Pts',(57.0469353700718,0.,-23.1020968512245));
#15369=CARTESIAN_POINT('Origin',(57.3457072282871,-2.,-23.1471174315162));
#15370=CARTESIAN_POINT('',(57.3457072282871,-2.,-23.1471174315162));
#15371=CARTESIAN_POINT('',(57.3457072282871,-2.,-14.948347763639));
#15372=CARTESIAN_POINT('',(57.3457072282871,0.,-23.1471174315162));
#15373=CARTESIAN_POINT('',(57.3457072282871,-2.,-23.1471174315162));
#15374=CARTESIAN_POINT('',(57.3457072282871,0.,-23.1471174315162));
#15375=CARTESIAN_POINT('Origin',(58.1253788972935,-2.,-23.1471174315162));
#15376=CARTESIAN_POINT('',(58.1253788972935,-2.,-23.1471174315162));
#15377=CARTESIAN_POINT('',(38.3652865403234,-2.,-23.1471174315162));
#15378=CARTESIAN_POINT('',(58.1253788972935,0.,-23.1471174315162));
#15379=CARTESIAN_POINT('',(58.1253788972935,-2.,-23.1471174315162));
#15380=CARTESIAN_POINT('',(58.1253788972935,0.,-23.1471174315162));
#15381=CARTESIAN_POINT('Origin',(58.1253788972935,-2.,-20.1471179083534));
#15382=CARTESIAN_POINT('',(58.1253788972935,-2.,-20.1471179083534));
#15383=CARTESIAN_POINT('',(58.1253788972935,-2.,-13.4483480020576));
#15384=CARTESIAN_POINT('',(58.1253788972935,0.,-20.1471179083534));
#15385=CARTESIAN_POINT('',(58.1253788972935,-2.,-20.1471179083534));
#15386=CARTESIAN_POINT('',(58.1253788972935,0.,-20.1471179083534));
#15387=CARTESIAN_POINT('Origin',(57.2843144441685,-2.,-20.1471179083534));
#15388=CARTESIAN_POINT('',(37.9447543137609,-2.,-20.1471179083534));
#15389=CARTESIAN_POINT('',(57.2843144441685,0.,-20.1471179083534));
#15390=CARTESIAN_POINT('Origin',(47.0319274374014,0.,-19.0799278870769));
#15391=CARTESIAN_POINT('Origin',(49.246115496262,-2.,-17.2371589497276));
#15392=CARTESIAN_POINT('',(49.246115496262,-2.,-17.2371589497276));
#15393=CARTESIAN_POINT('',(48.4132371450504,-2.,-17.2371589497276));
#15394=CARTESIAN_POINT('',(33.9256548398077,-2.,-17.2371589497276));
#15395=CARTESIAN_POINT('',(49.246115496262,0.,-17.2371589497276));
#15396=CARTESIAN_POINT('',(49.246115496262,-2.,-17.2371589497276));
#15397=CARTESIAN_POINT('',(48.4132371450504,0.,-17.2371589497276));
#15398=CARTESIAN_POINT('',(49.246115496262,0.,-17.2371589497276));
#15399=CARTESIAN_POINT('',(48.4132371450504,-2.,-17.2371589497276));
#15400=CARTESIAN_POINT('Origin',(49.246115496262,-2.,-15.0638984993644));
#15401=CARTESIAN_POINT('',(49.246115496262,-2.,-15.0638984993644));
#15402=CARTESIAN_POINT('',(49.246115496262,-2.,-10.9067382975631));
#15403=CARTESIAN_POINT('',(49.246115496262,0.,-15.0638984993644));
#15404=CARTESIAN_POINT('',(49.246115496262,-2.,-15.0638984993644));
#15405=CARTESIAN_POINT('',(49.246115496262,0.,-15.0638984993644));
#15406=CARTESIAN_POINT('Origin',(48.4132371450504,-2.,-15.0638984993644));
#15407=CARTESIAN_POINT('',(48.4132371450504,-2.,-15.0638984993644));
#15408=CARTESIAN_POINT('',(33.5092156642019,-2.,-15.0638984993644));
#15409=CARTESIAN_POINT('',(48.4132371450504,0.,-15.0638984993644));
#15410=CARTESIAN_POINT('',(48.4132371450504,-2.,-15.0638984993644));
#15411=CARTESIAN_POINT('',(48.4132371450504,0.,-15.0638984993644));
#15412=CARTESIAN_POINT('Origin',(48.4132371450504,-2.,-17.2371589497276));
#15413=CARTESIAN_POINT('',(48.4132371450504,-2.,-11.9933685227447));
#15414=CARTESIAN_POINT('',(48.4132371450504,0.,-17.2371589497276));
#15415=CARTESIAN_POINT('Origin',(47.0319274374014,0.,-19.0799278870769));
#15416=CARTESIAN_POINT('Origin',(47.3675344492039,-2.,-17.2371589497276));
#15417=CARTESIAN_POINT('',(47.3675344492039,-2.,-17.2371589497276));
#15418=CARTESIAN_POINT('',(46.5305636430821,-2.,-17.2371589497276));
#15419=CARTESIAN_POINT('',(32.9863643162786,-2.,-17.2371589497276));
#15420=CARTESIAN_POINT('',(47.3675344492039,0.,-17.2371589497276));
#15421=CARTESIAN_POINT('',(47.3675344492039,-2.,-17.2371589497276));
#15422=CARTESIAN_POINT('',(46.5305636430821,0.,-17.2371589497276));
#15423=CARTESIAN_POINT('',(47.3675344492039,0.,-17.2371589497276));
#15424=CARTESIAN_POINT('',(46.5305636430821,-2.,-17.2371589497276));
#15425=CARTESIAN_POINT('Origin',(47.3675344492039,-2.,-16.508645947332));
#15426=CARTESIAN_POINT('',(47.3675344492039,-2.,-16.508645947332));
#15427=CARTESIAN_POINT('',(47.3675344492039,-2.,-11.6291120215469));
#15428=CARTESIAN_POINT('',(47.3675344492039,0.,-16.508645947332));
#15429=CARTESIAN_POINT('',(47.3675344492039,-2.,-16.508645947332));
#15430=CARTESIAN_POINT('',(47.3675344492039,0.,-16.508645947332));
#15431=CARTESIAN_POINT('Ctrl Pts',(47.4964569116673,-2.,-15.7965039566704));
#15432=CARTESIAN_POINT('Ctrl Pts',(47.4964569116673,0.,-15.7965039566704));
#15433=CARTESIAN_POINT('Ctrl Pts',(47.4592324100524,-2.,-15.8865207579394));
#15434=CARTESIAN_POINT('Ctrl Pts',(47.4592324100524,0.,-15.8865207579394));
#15435=CARTESIAN_POINT('Ctrl Pts',(47.3654733358999,-2.,-16.113250239303));
#15436=CARTESIAN_POINT('Ctrl Pts',(47.3654733358999,0.,-16.113250239303));
#15437=CARTESIAN_POINT('Ctrl Pts',(47.3667591392546,-2.,-16.3599135968373));
#15438=CARTESIAN_POINT('Ctrl Pts',(47.3667591392546,0.,-16.3599135968373));
#15439=CARTESIAN_POINT('Ctrl Pts',(47.3675344492039,-2.,-16.508645947332));
#15440=CARTESIAN_POINT('Ctrl Pts',(47.3675344492039,0.,-16.508645947332));
#15441=CARTESIAN_POINT('',(47.4964569116673,-2.,-15.7965039566704));
#15442=CARTESIAN_POINT('Ctrl Pts',(47.4964569116673,-2.,-15.7965039566704));
#15443=CARTESIAN_POINT('Ctrl Pts',(47.4592324100524,-2.,-15.8865207579394));
#15444=CARTESIAN_POINT('Ctrl Pts',(47.3654733358999,-2.,-16.113250239303));
#15445=CARTESIAN_POINT('Ctrl Pts',(47.3667591392546,-2.,-16.3599135968373));
#15446=CARTESIAN_POINT('Ctrl Pts',(47.3675344492039,-2.,-16.508645947332));
#15447=CARTESIAN_POINT('',(47.4964569116673,0.,-15.7965039566704));
#15448=CARTESIAN_POINT('',(47.4964569116673,-2.,-15.7965039566704));
#15449=CARTESIAN_POINT('Ctrl Pts',(47.4964569116673,0.,-15.7965039566704));
#15450=CARTESIAN_POINT('Ctrl Pts',(47.4592324100524,0.,-15.8865207579394));
#15451=CARTESIAN_POINT('Ctrl Pts',(47.3654733358999,0.,-16.113250239303));
#15452=CARTESIAN_POINT('Ctrl Pts',(47.3667591392546,0.,-16.3599135968373));
#15453=CARTESIAN_POINT('Ctrl Pts',(47.3675344492039,0.,-16.508645947332));
#15454=CARTESIAN_POINT('Ctrl Pts',(47.7502093816837,-2.,-15.6614428118416));
#15455=CARTESIAN_POINT('Ctrl Pts',(47.7502093816837,0.,-15.6614428118416));
#15456=CARTESIAN_POINT('Ctrl Pts',(47.6987472430076,-2.,-15.6670127297222));
#15457=CARTESIAN_POINT('Ctrl Pts',(47.6987472430076,0.,-15.6670127297222));
#15458=CARTESIAN_POINT('Ctrl Pts',(47.5960851312611,-2.,-15.6781241904308));
#15459=CARTESIAN_POINT('Ctrl Pts',(47.5960851312611,0.,-15.6781241904308));
#15460=CARTESIAN_POINT('Ctrl Pts',(47.5296097326909,-2.,-15.7571112703516));
#15461=CARTESIAN_POINT('Ctrl Pts',(47.5296097326909,0.,-15.7571112703516));
#15462=CARTESIAN_POINT('Ctrl Pts',(47.4964569116673,-2.,-15.7965039566704));
#15463=CARTESIAN_POINT('Ctrl Pts',(47.4964569116673,0.,-15.7965039566704));
#15464=CARTESIAN_POINT('',(47.7502093816837,-2.,-15.6614428118416));
#15465=CARTESIAN_POINT('Ctrl Pts',(47.7502093816837,-2.,-15.6614428118416));
#15466=CARTESIAN_POINT('Ctrl Pts',(47.6987472430076,-2.,-15.6670127297222));
#15467=CARTESIAN_POINT('Ctrl Pts',(47.5960851312611,-2.,-15.6781241904308));
#15468=CARTESIAN_POINT('Ctrl Pts',(47.5296097326909,-2.,-15.7571112703516));
#15469=CARTESIAN_POINT('Ctrl Pts',(47.4964569116673,-2.,-15.7965039566704));
#15470=CARTESIAN_POINT('',(47.7502093816837,0.,-15.6614428118416));
#15471=CARTESIAN_POINT('',(47.7502093816837,-2.,-15.6614428118416));
#15472=CARTESIAN_POINT('Ctrl Pts',(47.7502093816837,0.,-15.6614428118416));
#15473=CARTESIAN_POINT('Ctrl Pts',(47.6987472430076,0.,-15.6670127297222));
#15474=CARTESIAN_POINT('Ctrl Pts',(47.5960851312611,0.,-15.6781241904308));
#15475=CARTESIAN_POINT('Ctrl Pts',(47.5296097326909,0.,-15.7571112703516));
#15476=CARTESIAN_POINT('Ctrl Pts',(47.4964569116673,0.,-15.7965039566704));
#15477=CARTESIAN_POINT('Ctrl Pts',(47.983497192963,-2.,-15.7228344038673));
#15478=CARTESIAN_POINT('Ctrl Pts',(47.983497192963,0.,-15.7228344038673));
#15479=CARTESIAN_POINT('Ctrl Pts',(47.9400983184369,-2.,-15.7050723991296));
#15480=CARTESIAN_POINT('Ctrl Pts',(47.9400983184369,0.,-15.7050723991296));
#15481=CARTESIAN_POINT('Ctrl Pts',(47.8648930152745,-2.,-15.6742928693455));
#15482=CARTESIAN_POINT('Ctrl Pts',(47.8648930152745,0.,-15.6742928693455));
#15483=CARTESIAN_POINT('Ctrl Pts',(47.7842960817702,-2.,-15.6652621541707));
#15484=CARTESIAN_POINT('Ctrl Pts',(47.7842960817702,0.,-15.6652621541707));
#15485=CARTESIAN_POINT('Ctrl Pts',(47.7502093816837,-2.,-15.6614428118416));
#15486=CARTESIAN_POINT('Ctrl Pts',(47.7502093816837,0.,-15.6614428118416));
#15487=CARTESIAN_POINT('',(47.983497192963,-2.,-15.7228344038673));
#15488=CARTESIAN_POINT('Ctrl Pts',(47.983497192963,-2.,-15.7228344038673));
#15489=CARTESIAN_POINT('Ctrl Pts',(47.9400983184369,-2.,-15.7050723991296));
#15490=CARTESIAN_POINT('Ctrl Pts',(47.8648930152745,-2.,-15.6742928693455));
#15491=CARTESIAN_POINT('Ctrl Pts',(47.7842960817702,-2.,-15.6652621541707));
#15492=CARTESIAN_POINT('Ctrl Pts',(47.7502093816837,-2.,-15.6614428118416));
#15493=CARTESIAN_POINT('',(47.983497192963,0.,-15.7228344038673));
#15494=CARTESIAN_POINT('',(47.983497192963,-2.,-15.7228344038673));
#15495=CARTESIAN_POINT('Ctrl Pts',(47.983497192963,0.,-15.7228344038673));
#15496=CARTESIAN_POINT('Ctrl Pts',(47.9400983184369,0.,-15.7050723991296));
#15497=CARTESIAN_POINT('Ctrl Pts',(47.8648930152745,0.,-15.6742928693455));
#15498=CARTESIAN_POINT('Ctrl Pts',(47.7842960817702,0.,-15.6652621541707));
#15499=CARTESIAN_POINT('Ctrl Pts',(47.7502093816837,0.,-15.6614428118416));
#15500=CARTESIAN_POINT('Origin',(48.2413409257969,-2.,-15.1293825463005));
#15501=CARTESIAN_POINT('',(48.2413409257969,-2.,-15.1293825463005));
#15502=CARTESIAN_POINT('',(47.4196264583399,-2.,-17.0206364920231));
#15503=CARTESIAN_POINT('',(48.2413409257969,0.,-15.1293825463005));
#15504=CARTESIAN_POINT('',(48.2413409257969,-2.,-15.1293825463005));
#15505=CARTESIAN_POINT('',(48.2413409257969,0.,-15.1293825463005));
#15506=CARTESIAN_POINT('Ctrl Pts',(47.8382037187657,-2.,-15.014784868116));
#15507=CARTESIAN_POINT('Ctrl Pts',(47.8382037187657,0.,-15.014784868116));
#15508=CARTESIAN_POINT('Ctrl Pts',(47.9034471511069,-2.,-15.0208606407028));
#15509=CARTESIAN_POINT('Ctrl Pts',(47.9034471511069,0.,-15.0208606407028));
#15510=CARTESIAN_POINT('Ctrl Pts',(48.0446970791517,-2.,-15.0340144925146));
#15511=CARTESIAN_POINT('Ctrl Pts',(48.0446970791517,0.,-15.0340144925146));
#15512=CARTESIAN_POINT('Ctrl Pts',(48.172545677181,-2.,-15.0960183242201));
#15513=CARTESIAN_POINT('Ctrl Pts',(48.172545677181,0.,-15.0960183242201));
#15514=CARTESIAN_POINT('Ctrl Pts',(48.2413409257969,-2.,-15.1293825463005));
#15515=CARTESIAN_POINT('Ctrl Pts',(48.2413409257969,0.,-15.1293825463005));
#15516=CARTESIAN_POINT('',(47.8382037187657,-2.,-15.014784868116));
#15517=CARTESIAN_POINT('Ctrl Pts',(47.8382037187657,-2.,-15.014784868116));
#15518=CARTESIAN_POINT('Ctrl Pts',(47.9034471511069,-2.,-15.0208606407028));
#15519=CARTESIAN_POINT('Ctrl Pts',(48.0446970791517,-2.,-15.0340144925146));
#15520=CARTESIAN_POINT('Ctrl Pts',(48.172545677181,-2.,-15.0960183242201));
#15521=CARTESIAN_POINT('Ctrl Pts',(48.2413409257969,-2.,-15.1293825463005));
#15522=CARTESIAN_POINT('',(47.8382037187657,0.,-15.014784868116));
#15523=CARTESIAN_POINT('',(47.8382037187657,-2.,-15.014784868116));
#15524=CARTESIAN_POINT('Ctrl Pts',(47.8382037187657,0.,-15.014784868116));
#15525=CARTESIAN_POINT('Ctrl Pts',(47.9034471511069,0.,-15.0208606407028));
#15526=CARTESIAN_POINT('Ctrl Pts',(48.0446970791517,0.,-15.0340144925146));
#15527=CARTESIAN_POINT('Ctrl Pts',(48.172545677181,0.,-15.0960183242201));
#15528=CARTESIAN_POINT('Ctrl Pts',(48.2413409257969,0.,-15.1293825463005));
#15529=CARTESIAN_POINT('Ctrl Pts',(47.541477491959,-2.,-15.1027798012443));
#15530=CARTESIAN_POINT('Ctrl Pts',(47.541477491959,0.,-15.1027798012443));
#15531=CARTESIAN_POINT('Ctrl Pts',(47.5852155562497,-2.,-15.0771282909472));
#15532=CARTESIAN_POINT('Ctrl Pts',(47.5852155562497,0.,-15.0771282909472));
#15533=CARTESIAN_POINT('Ctrl Pts',(47.6767190362345,-2.,-15.0234633083486));
#15534=CARTESIAN_POINT('Ctrl Pts',(47.6767190362345,0.,-15.0234633083486));
#15535=CARTESIAN_POINT('Ctrl Pts',(47.7828188968229,-2.,-15.0177613353542));
#15536=CARTESIAN_POINT('Ctrl Pts',(47.7828188968229,0.,-15.0177613353542));
#15537=CARTESIAN_POINT('Ctrl Pts',(47.8382037187657,-2.,-15.014784868116));
#15538=CARTESIAN_POINT('Ctrl Pts',(47.8382037187657,0.,-15.014784868116));
#15539=CARTESIAN_POINT('',(47.541477491959,-2.,-15.1027798012443));
#15540=CARTESIAN_POINT('Ctrl Pts',(47.541477491959,-2.,-15.1027798012443));
#15541=CARTESIAN_POINT('Ctrl Pts',(47.5852155562497,-2.,-15.0771282909472));
#15542=CARTESIAN_POINT('Ctrl Pts',(47.6767190362345,-2.,-15.0234633083486));
#15543=CARTESIAN_POINT('Ctrl Pts',(47.7828188968229,-2.,-15.0177613353542));
#15544=CARTESIAN_POINT('Ctrl Pts',(47.8382037187657,-2.,-15.014784868116));
#15545=CARTESIAN_POINT('',(47.541477491959,0.,-15.1027798012443));
#15546=CARTESIAN_POINT('',(47.541477491959,-2.,-15.1027798012443));
#15547=CARTESIAN_POINT('Ctrl Pts',(47.541477491959,0.,-15.1027798012443));
#15548=CARTESIAN_POINT('Ctrl Pts',(47.5852155562497,0.,-15.0771282909472));
#15549=CARTESIAN_POINT('Ctrl Pts',(47.6767190362345,0.,-15.0234633083486));
#15550=CARTESIAN_POINT('Ctrl Pts',(47.7828188968229,0.,-15.0177613353542));
#15551=CARTESIAN_POINT('Ctrl Pts',(47.8382037187657,0.,-15.014784868116));
#15552=CARTESIAN_POINT('Ctrl Pts',(47.3102365041813,-2.,-15.4199694946953));
#15553=CARTESIAN_POINT('Ctrl Pts',(47.3102365041813,0.,-15.4199694946953));
#15554=CARTESIAN_POINT('Ctrl Pts',(47.3442486314584,-2.,-15.3519636606985));
#15555=CARTESIAN_POINT('Ctrl Pts',(47.3442486314584,0.,-15.3519636606985));
#15556=CARTESIAN_POINT('Ctrl Pts',(47.4037623748399,-2.,-15.2329684058604));
#15557=CARTESIAN_POINT('Ctrl Pts',(47.4037623748399,0.,-15.2329684058604));
#15558=CARTESIAN_POINT('Ctrl Pts',(47.5001678031007,-2.,-15.1418318012142));
#15559=CARTESIAN_POINT('Ctrl Pts',(47.5001678031007,0.,-15.1418318012142));
#15560=CARTESIAN_POINT('Ctrl Pts',(47.541477491959,-2.,-15.1027798012443));
#15561=CARTESIAN_POINT('Ctrl Pts',(47.541477491959,0.,-15.1027798012443));
#15562=CARTESIAN_POINT('',(47.3102365041813,-2.,-15.4199694946953));
#15563=CARTESIAN_POINT('Ctrl Pts',(47.3102365041813,-2.,-15.4199694946953));
#15564=CARTESIAN_POINT('Ctrl Pts',(47.3442486314584,-2.,-15.3519636606985));
#15565=CARTESIAN_POINT('Ctrl Pts',(47.4037623748399,-2.,-15.2329684058604));
#15566=CARTESIAN_POINT('Ctrl Pts',(47.5001678031007,-2.,-15.1418318012142));
#15567=CARTESIAN_POINT('Ctrl Pts',(47.541477491959,-2.,-15.1027798012443));
#15568=CARTESIAN_POINT('',(47.3102365041813,0.,-15.4199694946953));
#15569=CARTESIAN_POINT('',(47.3102365041813,-2.,-15.4199694946953));
#15570=CARTESIAN_POINT('Ctrl Pts',(47.3102365041813,0.,-15.4199694946953));
#15571=CARTESIAN_POINT('Ctrl Pts',(47.3442486314584,0.,-15.3519636606985));
#15572=CARTESIAN_POINT('Ctrl Pts',(47.4037623748399,0.,-15.2329684058604));
#15573=CARTESIAN_POINT('Ctrl Pts',(47.5001678031007,0.,-15.1418318012142));
#15574=CARTESIAN_POINT('Ctrl Pts',(47.541477491959,0.,-15.1027798012443));
#15575=CARTESIAN_POINT('Origin',(47.3102365041813,-2.,-15.0638984993644));
#15576=CARTESIAN_POINT('',(47.3102365041813,-2.,-15.0638984993644));
#15577=CARTESIAN_POINT('',(47.3102365041813,-2.,-10.9067382975631));
#15578=CARTESIAN_POINT('',(47.3102365041813,0.,-15.0638984993644));
#15579=CARTESIAN_POINT('',(47.3102365041813,-2.,-15.0638984993644));
#15580=CARTESIAN_POINT('',(47.3102365041813,0.,-15.0638984993644));
#15581=CARTESIAN_POINT('Origin',(46.5305636430821,-2.,-15.0638984993644));
#15582=CARTESIAN_POINT('',(46.5305636430821,-2.,-15.0638984993644));
#15583=CARTESIAN_POINT('',(32.5678789132177,-2.,-15.0638984993644));
#15584=CARTESIAN_POINT('',(46.5305636430821,0.,-15.0638984993644));
#15585=CARTESIAN_POINT('',(46.5305636430821,-2.,-15.0638984993644));
#15586=CARTESIAN_POINT('',(46.5305636430821,0.,-15.0638984993644));
#15587=CARTESIAN_POINT('Origin',(46.5305636430821,-2.,-17.2371589497276));
#15588=CARTESIAN_POINT('',(46.5305636430821,-2.,-11.9933685227447));
#15589=CARTESIAN_POINT('',(46.5305636430821,0.,-17.2371589497276));
#15590=CARTESIAN_POINT('Origin',(47.0319274374014,0.,-19.0799278870769));
#15591=CARTESIAN_POINT('Ctrl Pts',(42.7079169059834,-2.,-15.6655352667518));
#15592=CARTESIAN_POINT('Ctrl Pts',(42.7079169059834,0.,-15.6655352667518));
#15593=CARTESIAN_POINT('Ctrl Pts',(42.6847200932579,-2.,-15.7054044820917));
#15594=CARTESIAN_POINT('Ctrl Pts',(42.6847200932579,0.,-15.7054044820917));
#15595=CARTESIAN_POINT('Ctrl Pts',(42.6321101085634,-2.,-15.7958271980759));
#15596=CARTESIAN_POINT('Ctrl Pts',(42.6321101085634,0.,-15.7958271980759));
#15597=CARTESIAN_POINT('Ctrl Pts',(42.6190423723892,-2.,-15.8999535294341));
#15598=CARTESIAN_POINT('Ctrl Pts',(42.6190423723892,0.,-15.8999535294341));
#15599=CARTESIAN_POINT('Ctrl Pts',(42.611736466988,-2.,-15.9581684426017));
#15600=CARTESIAN_POINT('Ctrl Pts',(42.611736466988,0.,-15.9581684426017));
#15601=CARTESIAN_POINT('',(42.7079169059834,-2.,-15.6655352667518));
#15602=CARTESIAN_POINT('',(42.611736466988,-2.,-15.9581684426017));
#15603=CARTESIAN_POINT('Ctrl Pts',(42.7079169059834,-2.,-15.6655352667518));
#15604=CARTESIAN_POINT('Ctrl Pts',(42.6847200932579,-2.,-15.7054044820917));
#15605=CARTESIAN_POINT('Ctrl Pts',(42.6321101085634,-2.,-15.7958271980759));
#15606=CARTESIAN_POINT('Ctrl Pts',(42.6190423723892,-2.,-15.8999535294341));
#15607=CARTESIAN_POINT('Ctrl Pts',(42.611736466988,-2.,-15.9581684426017));
#15608=CARTESIAN_POINT('',(42.7079169059834,0.,-15.6655352667518));
#15609=CARTESIAN_POINT('',(42.7079169059834,-2.,-15.6655352667518));
#15610=CARTESIAN_POINT('',(42.611736466988,0.,-15.9581684426017));
#15611=CARTESIAN_POINT('Ctrl Pts',(42.7079169059834,0.,-15.6655352667518));
#15612=CARTESIAN_POINT('Ctrl Pts',(42.6847200932579,0.,-15.7054044820917));
#15613=CARTESIAN_POINT('Ctrl Pts',(42.6321101085634,0.,-15.7958271980759));
#15614=CARTESIAN_POINT('Ctrl Pts',(42.6190423723892,0.,-15.8999535294341));
#15615=CARTESIAN_POINT('Ctrl Pts',(42.611736466988,0.,-15.9581684426017));
#15616=CARTESIAN_POINT('',(42.611736466988,-2.,-15.9581684426017));
#15617=CARTESIAN_POINT('Ctrl Pts',(43.0251060033878,-2.,-15.5079638317772));
#15618=CARTESIAN_POINT('Ctrl Pts',(43.0251060033878,0.,-15.5079638317772));
#15619=CARTESIAN_POINT('Ctrl Pts',(42.9623011947672,-2.,-15.5144812223156));
#15620=CARTESIAN_POINT('Ctrl Pts',(42.9623011947672,0.,-15.5144812223156));
#15621=CARTESIAN_POINT('Ctrl Pts',(42.8369201695153,-2.,-15.5274922819084));
#15622=CARTESIAN_POINT('Ctrl Pts',(42.8369201695153,0.,-15.5274922819084));
#15623=CARTESIAN_POINT('Ctrl Pts',(42.7508656962722,-2.,-15.6195769007031));
#15624=CARTESIAN_POINT('Ctrl Pts',(42.7508656962722,0.,-15.6195769007031));
#15625=CARTESIAN_POINT('Ctrl Pts',(42.7079169059834,-2.,-15.6655352667518));
#15626=CARTESIAN_POINT('Ctrl Pts',(42.7079169059834,0.,-15.6655352667518));
#15627=CARTESIAN_POINT('',(43.0251060033878,-2.,-15.5079638317772));
#15628=CARTESIAN_POINT('Ctrl Pts',(43.0251060033878,-2.,-15.5079638317772));
#15629=CARTESIAN_POINT('Ctrl Pts',(42.9623011947672,-2.,-15.5144812223156));
#15630=CARTESIAN_POINT('Ctrl Pts',(42.8369201695153,-2.,-15.5274922819084));
#15631=CARTESIAN_POINT('Ctrl Pts',(42.7508656962722,-2.,-15.6195769007031));
#15632=CARTESIAN_POINT('Ctrl Pts',(42.7079169059834,-2.,-15.6655352667518));
#15633=CARTESIAN_POINT('',(43.0251060033878,0.,-15.5079638317772));
#15634=CARTESIAN_POINT('',(43.0251060033878,-2.,-15.5079638317772));
#15635=CARTESIAN_POINT('Ctrl Pts',(43.0251060033878,0.,-15.5079638317772));
#15636=CARTESIAN_POINT('Ctrl Pts',(42.9623011947672,0.,-15.5144812223156));
#15637=CARTESIAN_POINT('Ctrl Pts',(42.8369201695153,0.,-15.5274922819084));
#15638=CARTESIAN_POINT('Ctrl Pts',(42.7508656962722,0.,-15.6195769007031));
#15639=CARTESIAN_POINT('Ctrl Pts',(42.7079169059834,0.,-15.6655352667518));
#15640=CARTESIAN_POINT('Ctrl Pts',(43.3013681675038,-2.,-15.6123297766395));
#15641=CARTESIAN_POINT('Ctrl Pts',(43.3013681675038,0.,-15.6123297766395));
#15642=CARTESIAN_POINT('Ctrl Pts',(43.2626328344278,-2.,-15.5819048455857));
#15643=CARTESIAN_POINT('Ctrl Pts',(43.2626328344278,0.,-15.5819048455857));
#15644=CARTESIAN_POINT('Ctrl Pts',(43.1817065455566,-2.,-15.5183407410893));
#15645=CARTESIAN_POINT('Ctrl Pts',(43.1817065455566,0.,-15.5183407410893));
#15646=CARTESIAN_POINT('Ctrl Pts',(43.0787713251716,-2.,-15.5115198870094));
#15647=CARTESIAN_POINT('Ctrl Pts',(43.0787713251716,0.,-15.5115198870094));
#15648=CARTESIAN_POINT('Ctrl Pts',(43.0251060033878,-2.,-15.5079638317772));
#15649=CARTESIAN_POINT('Ctrl Pts',(43.0251060033878,0.,-15.5079638317772));
#15650=CARTESIAN_POINT('',(43.3013681675038,-2.,-15.6123297766395));
#15651=CARTESIAN_POINT('Ctrl Pts',(43.3013681675038,-2.,-15.6123297766395));
#15652=CARTESIAN_POINT('Ctrl Pts',(43.2626328344278,-2.,-15.5819048455857));
#15653=CARTESIAN_POINT('Ctrl Pts',(43.1817065455566,-2.,-15.5183407410893));
#15654=CARTESIAN_POINT('Ctrl Pts',(43.0787713251716,-2.,-15.5115198870094));
#15655=CARTESIAN_POINT('Ctrl Pts',(43.0251060033878,-2.,-15.5079638317772));
#15656=CARTESIAN_POINT('',(43.3013681675038,0.,-15.6123297766395));
#15657=CARTESIAN_POINT('',(43.3013681675038,-2.,-15.6123297766395));
#15658=CARTESIAN_POINT('Ctrl Pts',(43.3013681675038,0.,-15.6123297766395));
#15659=CARTESIAN_POINT('Ctrl Pts',(43.2626328344278,0.,-15.5819048455857));
#15660=CARTESIAN_POINT('Ctrl Pts',(43.1817065455566,0.,-15.5183407410893));
#15661=CARTESIAN_POINT('Ctrl Pts',(43.0787713251716,0.,-15.5115198870094));
#15662=CARTESIAN_POINT('Ctrl Pts',(43.0251060033878,0.,-15.5079638317772));
#15663=CARTESIAN_POINT('Ctrl Pts',(43.4323368574223,-2.,-15.9581684426017));
#15664=CARTESIAN_POINT('Ctrl Pts',(43.4323368574223,0.,-15.9581684426017));
#15665=CARTESIAN_POINT('Ctrl Pts',(43.4236127577377,-2.,-15.8865610528738));
#15666=CARTESIAN_POINT('Ctrl Pts',(43.4236127577377,0.,-15.8865610528738));
#15667=CARTESIAN_POINT('Ctrl Pts',(43.4081769516084,-2.,-15.7598639924051));
#15668=CARTESIAN_POINT('Ctrl Pts',(43.4081769516084,0.,-15.7598639924051));
#15669=CARTESIAN_POINT('Ctrl Pts',(43.3337361005723,-2.,-15.657039372964));
#15670=CARTESIAN_POINT('Ctrl Pts',(43.3337361005723,0.,-15.657039372964));
#15671=CARTESIAN_POINT('Ctrl Pts',(43.3013681675038,-2.,-15.6123297766395));
#15672=CARTESIAN_POINT('Ctrl Pts',(43.3013681675038,0.,-15.6123297766395));
#15673=CARTESIAN_POINT('',(43.4323368574223,-2.,-15.9581684426017));
#15674=CARTESIAN_POINT('Ctrl Pts',(43.4323368574223,-2.,-15.9581684426017));
#15675=CARTESIAN_POINT('Ctrl Pts',(43.4236127577377,-2.,-15.8865610528738));
#15676=CARTESIAN_POINT('Ctrl Pts',(43.4081769516084,-2.,-15.7598639924051));
#15677=CARTESIAN_POINT('Ctrl Pts',(43.3337361005723,-2.,-15.657039372964));
#15678=CARTESIAN_POINT('Ctrl Pts',(43.3013681675038,-2.,-15.6123297766395));
#15679=CARTESIAN_POINT('',(43.4323368574223,0.,-15.9581684426017));
#15680=CARTESIAN_POINT('',(43.4323368574223,-2.,-15.9581684426017));
#15681=CARTESIAN_POINT('Ctrl Pts',(43.4323368574223,0.,-15.9581684426017));
#15682=CARTESIAN_POINT('Ctrl Pts',(43.4236127577377,0.,-15.8865610528738));
#15683=CARTESIAN_POINT('Ctrl Pts',(43.4081769516084,0.,-15.7598639924051));
#15684=CARTESIAN_POINT('Ctrl Pts',(43.3337361005723,0.,-15.657039372964));
#15685=CARTESIAN_POINT('Ctrl Pts',(43.3013681675038,0.,-15.6123297766395));
#15686=CARTESIAN_POINT('Origin',(42.611736466988,-2.,-15.9581684426017));
#15687=CARTESIAN_POINT('',(30.6084653251707,-2.,-15.9581684426017));
#15688=CARTESIAN_POINT('',(42.611736466988,0.,-15.9581684426017));
#15689=CARTESIAN_POINT('Ctrl Pts',(44.138339569672,-2.,-15.5652623728462));
#15690=CARTESIAN_POINT('Ctrl Pts',(44.138339569672,0.,-15.5652623728462));
#15691=CARTESIAN_POINT('Ctrl Pts',(44.1794349421868,-2.,-15.6668547352954));
#15692=CARTESIAN_POINT('Ctrl Pts',(44.1794349421868,0.,-15.6668547352954));
#15693=CARTESIAN_POINT('Ctrl Pts',(44.2697849481895,-2.,-15.8902100669407));
#15694=CARTESIAN_POINT('Ctrl Pts',(44.2697849481895,0.,-15.8902100669407));
#15695=CARTESIAN_POINT('Ctrl Pts',(44.276098265229,-2.,-16.1315255618724));
#15696=CARTESIAN_POINT('Ctrl Pts',(44.276098265229,0.,-16.1315255618724));
#15697=CARTESIAN_POINT('Ctrl Pts',(44.2795399929127,-2.,-16.2630795792289));
#15698=CARTESIAN_POINT('Ctrl Pts',(44.2795399929127,0.,-16.2630795792289));
#15699=CARTESIAN_POINT('',(44.138339569672,-2.,-15.5652623728462));
#15700=CARTESIAN_POINT('',(44.2795399929127,-2.,-16.2630795792289));
#15701=CARTESIAN_POINT('Ctrl Pts',(44.138339569672,-2.,-15.5652623728462));
#15702=CARTESIAN_POINT('Ctrl Pts',(44.1794349421868,-2.,-15.6668547352954));
#15703=CARTESIAN_POINT('Ctrl Pts',(44.2697849481895,-2.,-15.8902100669407));
#15704=CARTESIAN_POINT('Ctrl Pts',(44.276098265229,-2.,-16.1315255618724));
#15705=CARTESIAN_POINT('Ctrl Pts',(44.2795399929127,-2.,-16.2630795792289));
#15706=CARTESIAN_POINT('',(44.138339569672,0.,-15.5652623728462));
#15707=CARTESIAN_POINT('',(44.138339569672,-2.,-15.5652623728462));
#15708=CARTESIAN_POINT('',(44.2795399929127,0.,-16.2630795792289));
#15709=CARTESIAN_POINT('Ctrl Pts',(44.138339569672,0.,-15.5652623728462));
#15710=CARTESIAN_POINT('Ctrl Pts',(44.1794349421868,0.,-15.6668547352954));
#15711=CARTESIAN_POINT('Ctrl Pts',(44.2697849481895,0.,-15.8902100669407));
#15712=CARTESIAN_POINT('Ctrl Pts',(44.276098265229,0.,-16.1315255618724));
#15713=CARTESIAN_POINT('Ctrl Pts',(44.2795399929127,0.,-16.2630795792289));
#15714=CARTESIAN_POINT('',(44.2795399929127,-2.,-16.2630795792289));
#15715=CARTESIAN_POINT('Ctrl Pts',(43.7270162607273,-2.,-15.1559858874031));
#15716=CARTESIAN_POINT('Ctrl Pts',(43.7270162607273,0.,-15.1559858874031));
#15717=CARTESIAN_POINT('Ctrl Pts',(43.8116474724291,-2.,-15.2082675675688));
#15718=CARTESIAN_POINT('Ctrl Pts',(43.8116474724291,0.,-15.2082675675688));
#15719=CARTESIAN_POINT('Ctrl Pts',(43.9806403557143,-2.,-15.3126644171062));
#15720=CARTESIAN_POINT('Ctrl Pts',(43.9806403557143,0.,-15.3126644171062));
#15721=CARTESIAN_POINT('Ctrl Pts',(44.0858290896305,-2.,-15.4811526326608));
#15722=CARTESIAN_POINT('Ctrl Pts',(44.0858290896305,0.,-15.4811526326608));
#15723=CARTESIAN_POINT('Ctrl Pts',(44.138339569672,-2.,-15.5652623728462));
#15724=CARTESIAN_POINT('Ctrl Pts',(44.138339569672,0.,-15.5652623728462));
#15725=CARTESIAN_POINT('',(43.7270162607273,-2.,-15.1559858874031));
#15726=CARTESIAN_POINT('Ctrl Pts',(43.7270162607273,-2.,-15.1559858874031));
#15727=CARTESIAN_POINT('Ctrl Pts',(43.8116474724291,-2.,-15.2082675675688));
#15728=CARTESIAN_POINT('Ctrl Pts',(43.9806403557143,-2.,-15.3126644171062));
#15729=CARTESIAN_POINT('Ctrl Pts',(44.0858290896305,-2.,-15.4811526326608));
#15730=CARTESIAN_POINT('Ctrl Pts',(44.138339569672,-2.,-15.5652623728462));
#15731=CARTESIAN_POINT('',(43.7270162607273,0.,-15.1559858874031));
#15732=CARTESIAN_POINT('',(43.7270162607273,-2.,-15.1559858874031));
#15733=CARTESIAN_POINT('Ctrl Pts',(43.7270162607273,0.,-15.1559858874031));
#15734=CARTESIAN_POINT('Ctrl Pts',(43.8116474724291,0.,-15.2082675675688));
#15735=CARTESIAN_POINT('Ctrl Pts',(43.9806403557143,0.,-15.3126644171062));
#15736=CARTESIAN_POINT('Ctrl Pts',(44.0858290896305,0.,-15.4811526326608));
#15737=CARTESIAN_POINT('Ctrl Pts',(44.138339569672,0.,-15.5652623728462));
#15738=CARTESIAN_POINT('Ctrl Pts',(42.9903177524647,-2.,-15.014784868116));
#15739=CARTESIAN_POINT('Ctrl Pts',(42.9903177524647,0.,-15.014784868116));
#15740=CARTESIAN_POINT('Ctrl Pts',(43.1313041547255,-2.,-15.0176201530031));
#15741=CARTESIAN_POINT('Ctrl Pts',(43.1313041547255,0.,-15.0176201530031));
#15742=CARTESIAN_POINT('Ctrl Pts',(43.3854771010204,-2.,-15.0227316580971));
#15743=CARTESIAN_POINT('Ctrl Pts',(43.3854771010204,0.,-15.0227316580971));
#15744=CARTESIAN_POINT('Ctrl Pts',(43.6217851773955,-2.,-15.1149291402926));
#15745=CARTESIAN_POINT('Ctrl Pts',(43.6217851773955,0.,-15.1149291402926));
#15746=CARTESIAN_POINT('Ctrl Pts',(43.7270162607273,-2.,-15.1559858874031));
#15747=CARTESIAN_POINT('Ctrl Pts',(43.7270162607273,0.,-15.1559858874031));
#15748=CARTESIAN_POINT('',(42.9903177524647,-2.,-15.014784868116));
#15749=CARTESIAN_POINT('Ctrl Pts',(42.9903177524647,-2.,-15.014784868116));
#15750=CARTESIAN_POINT('Ctrl Pts',(43.1313041547255,-2.,-15.0176201530031));
#15751=CARTESIAN_POINT('Ctrl Pts',(43.3854771010204,-2.,-15.0227316580971));
#15752=CARTESIAN_POINT('Ctrl Pts',(43.6217851773955,-2.,-15.1149291402926));
#15753=CARTESIAN_POINT('Ctrl Pts',(43.7270162607273,-2.,-15.1559858874031));
#15754=CARTESIAN_POINT('',(42.9903177524647,0.,-15.014784868116));
#15755=CARTESIAN_POINT('',(42.9903177524647,-2.,-15.014784868116));
#15756=CARTESIAN_POINT('Ctrl Pts',(42.9903177524647,0.,-15.014784868116));
#15757=CARTESIAN_POINT('Ctrl Pts',(43.1313041547255,0.,-15.0176201530031));
#15758=CARTESIAN_POINT('Ctrl Pts',(43.3854771010204,0.,-15.0227316580971));
#15759=CARTESIAN_POINT('Ctrl Pts',(43.6217851773955,0.,-15.1149291402926));
#15760=CARTESIAN_POINT('Ctrl Pts',(43.7270162607273,0.,-15.1559858874031));
#15761=CARTESIAN_POINT('Ctrl Pts',(42.0878623033604,-2.,-15.3299283341118));
#15762=CARTESIAN_POINT('Ctrl Pts',(42.0878623033604,0.,-15.3299283341118));
#15763=CARTESIAN_POINT('Ctrl Pts',(42.2128973047611,-2.,-15.2381165499107));
#15764=CARTESIAN_POINT('Ctrl Pts',(42.2128973047611,0.,-15.2381165499107));
#15765=CARTESIAN_POINT('Ctrl Pts',(42.480451939428,-2.,-15.041654214526));
#15766=CARTESIAN_POINT('Ctrl Pts',(42.480451939428,0.,-15.041654214526));
#15767=CARTESIAN_POINT('Ctrl Pts',(42.8131159761738,-2.,-15.0241231994767));
#15768=CARTESIAN_POINT('Ctrl Pts',(42.8131159761738,0.,-15.0241231994767));
#15769=CARTESIAN_POINT('Ctrl Pts',(42.9903177524647,-2.,-15.014784868116));
#15770=CARTESIAN_POINT('Ctrl Pts',(42.9903177524647,0.,-15.014784868116));
#15771=CARTESIAN_POINT('',(42.0878623033604,-2.,-15.3299283341118));
#15772=CARTESIAN_POINT('Ctrl Pts',(42.0878623033604,-2.,-15.3299283341118));
#15773=CARTESIAN_POINT('Ctrl Pts',(42.2128973047611,-2.,-15.2381165499107));
#15774=CARTESIAN_POINT('Ctrl Pts',(42.480451939428,-2.,-15.041654214526));
#15775=CARTESIAN_POINT('Ctrl Pts',(42.8131159761738,-2.,-15.0241231994767));
#15776=CARTESIAN_POINT('Ctrl Pts',(42.9903177524647,-2.,-15.014784868116));
#15777=CARTESIAN_POINT('',(42.0878623033604,0.,-15.3299283341118));
#15778=CARTESIAN_POINT('',(42.0878623033604,-2.,-15.3299283341118));
#15779=CARTESIAN_POINT('Ctrl Pts',(42.0878623033604,0.,-15.3299283341118));
#15780=CARTESIAN_POINT('Ctrl Pts',(42.2128973047611,0.,-15.2381165499107));
#15781=CARTESIAN_POINT('Ctrl Pts',(42.480451939428,0.,-15.041654214526));
#15782=CARTESIAN_POINT('Ctrl Pts',(42.8131159761738,0.,-15.0241231994767));
#15783=CARTESIAN_POINT('Ctrl Pts',(42.9903177524647,0.,-15.014784868116));
#15784=CARTESIAN_POINT('Ctrl Pts',(41.7624871040424,-2.,-16.1546211794563));
#15785=CARTESIAN_POINT('Ctrl Pts',(41.7624871040424,0.,-16.1546211794563));
#15786=CARTESIAN_POINT('Ctrl Pts',(41.7741533295512,-2.,-15.9947515475825));
#15787=CARTESIAN_POINT('Ctrl Pts',(41.7741533295512,0.,-15.9947515475825));
#15788=CARTESIAN_POINT('Ctrl Pts',(41.7967368193783,-2.,-15.6852757704867));
#15789=CARTESIAN_POINT('Ctrl Pts',(41.7967368193783,0.,-15.6852757704867));
#15790=CARTESIAN_POINT('Ctrl Pts',(41.9929899955715,-2.,-15.4457293656622));
#15791=CARTESIAN_POINT('Ctrl Pts',(41.9929899955715,0.,-15.4457293656622));
#15792=CARTESIAN_POINT('Ctrl Pts',(42.0878623033604,-2.,-15.3299283341118));
#15793=CARTESIAN_POINT('Ctrl Pts',(42.0878623033604,0.,-15.3299283341118));
#15794=CARTESIAN_POINT('',(41.7624871040424,-2.,-16.1546211794563));
#15795=CARTESIAN_POINT('Ctrl Pts',(41.7624871040424,-2.,-16.1546211794563));
#15796=CARTESIAN_POINT('Ctrl Pts',(41.7741533295512,-2.,-15.9947515475825));
#15797=CARTESIAN_POINT('Ctrl Pts',(41.7967368193783,-2.,-15.6852757704867));
#15798=CARTESIAN_POINT('Ctrl Pts',(41.9929899955715,-2.,-15.4457293656622));
#15799=CARTESIAN_POINT('Ctrl Pts',(42.0878623033604,-2.,-15.3299283341118));
#15800=CARTESIAN_POINT('',(41.7624871040424,0.,-16.1546211794563));
#15801=CARTESIAN_POINT('',(41.7624871040424,-2.,-16.1546211794563));
#15802=CARTESIAN_POINT('Ctrl Pts',(41.7624871040424,0.,-16.1546211794563));
#15803=CARTESIAN_POINT('Ctrl Pts',(41.7741533295512,0.,-15.9947515475825));
#15804=CARTESIAN_POINT('Ctrl Pts',(41.7967368193783,0.,-15.6852757704867));
#15805=CARTESIAN_POINT('Ctrl Pts',(41.9929899955715,0.,-15.4457293656622));
#15806=CARTESIAN_POINT('Ctrl Pts',(42.0878623033604,0.,-15.3299283341118));
#15807=CARTESIAN_POINT('Ctrl Pts',(41.9241509939274,-2.,-16.778768833036));
#15808=CARTESIAN_POINT('Ctrl Pts',(41.9241509939274,0.,-16.778768833036));
#15809=CARTESIAN_POINT('Ctrl Pts',(41.8770168651266,-2.,-16.6841954643312));
#15810=CARTESIAN_POINT('Ctrl Pts',(41.8770168651266,0.,-16.6841954643312));
#15811=CARTESIAN_POINT('Ctrl Pts',(41.779128690308,-2.,-16.4877854598503));
#15812=CARTESIAN_POINT('Ctrl Pts',(41.779128690308,0.,-16.4877854598503));
#15813=CARTESIAN_POINT('Ctrl Pts',(41.7681693915539,-2.,-16.2683804809755));
#15814=CARTESIAN_POINT('Ctrl Pts',(41.7681693915539,0.,-16.2683804809755));
#15815=CARTESIAN_POINT('Ctrl Pts',(41.7624871040424,-2.,-16.1546211794563));
#15816=CARTESIAN_POINT('Ctrl Pts',(41.7624871040424,0.,-16.1546211794563));
#15817=CARTESIAN_POINT('',(41.9241509939274,-2.,-16.778768833036));
#15818=CARTESIAN_POINT('Ctrl Pts',(41.9241509939274,-2.,-16.778768833036));
#15819=CARTESIAN_POINT('Ctrl Pts',(41.8770168651266,-2.,-16.6841954643312));
#15820=CARTESIAN_POINT('Ctrl Pts',(41.779128690308,-2.,-16.4877854598503));
#15821=CARTESIAN_POINT('Ctrl Pts',(41.7681693915539,-2.,-16.2683804809755));
#15822=CARTESIAN_POINT('Ctrl Pts',(41.7624871040424,-2.,-16.1546211794563));
#15823=CARTESIAN_POINT('',(41.9241509939274,0.,-16.778768833036));
#15824=CARTESIAN_POINT('',(41.9241509939274,-2.,-16.778768833036));
#15825=CARTESIAN_POINT('Ctrl Pts',(41.9241509939274,0.,-16.778768833036));
#15826=CARTESIAN_POINT('Ctrl Pts',(41.8770168651266,0.,-16.6841954643312));
#15827=CARTESIAN_POINT('Ctrl Pts',(41.779128690308,0.,-16.4877854598503));
#15828=CARTESIAN_POINT('Ctrl Pts',(41.7681693915539,0.,-16.2683804809755));
#15829=CARTESIAN_POINT('Ctrl Pts',(41.7624871040424,0.,-16.1546211794563));
#15830=CARTESIAN_POINT('Ctrl Pts',(42.3354743028721,-2.,-17.1655356243797));
#15831=CARTESIAN_POINT('Ctrl Pts',(42.3354743028721,0.,-17.1655356243797));
#15832=CARTESIAN_POINT('Ctrl Pts',(42.25564649318,-2.,-17.1174353952629));
#15833=CARTESIAN_POINT('Ctrl Pts',(42.25564649318,0.,-17.1174353952629));
#15834=CARTESIAN_POINT('Ctrl Pts',(42.0908995119602,-2.,-17.0181671380786));
#15835=CARTESIAN_POINT('Ctrl Pts',(42.0908995119602,0.,-17.0181671380786));
#15836=CARTESIAN_POINT('Ctrl Pts',(41.9808673163002,-2.,-16.8601955923529));
#15837=CARTESIAN_POINT('Ctrl Pts',(41.9808673163002,0.,-16.8601955923529));
#15838=CARTESIAN_POINT('Ctrl Pts',(41.9241509939274,-2.,-16.778768833036));
#15839=CARTESIAN_POINT('Ctrl Pts',(41.9241509939274,0.,-16.778768833036));
#15840=CARTESIAN_POINT('',(42.3354743028721,-2.,-17.1655356243797));
#15841=CARTESIAN_POINT('Ctrl Pts',(42.3354743028721,-2.,-17.1655356243797));
#15842=CARTESIAN_POINT('Ctrl Pts',(42.25564649318,-2.,-17.1174353952629));
#15843=CARTESIAN_POINT('Ctrl Pts',(42.0908995119602,-2.,-17.0181671380786));
#15844=CARTESIAN_POINT('Ctrl Pts',(41.9808673163002,-2.,-16.8601955923529));
#15845=CARTESIAN_POINT('Ctrl Pts',(41.9241509939274,-2.,-16.778768833036));
#15846=CARTESIAN_POINT('',(42.3354743028721,0.,-17.1655356243797));
#15847=CARTESIAN_POINT('',(42.3354743028721,-2.,-17.1655356243797));
#15848=CARTESIAN_POINT('Ctrl Pts',(42.3354743028721,0.,-17.1655356243797));
#15849=CARTESIAN_POINT('Ctrl Pts',(42.25564649318,0.,-17.1174353952629));
#15850=CARTESIAN_POINT('Ctrl Pts',(42.0908995119602,0.,-17.0181671380786));
#15851=CARTESIAN_POINT('Ctrl Pts',(41.9808673163002,0.,-16.8601955923529));
#15852=CARTESIAN_POINT('Ctrl Pts',(41.9241509939274,0.,-16.778768833036));
#15853=CARTESIAN_POINT('Ctrl Pts',(43.0148742700657,-2.,-17.2862719849296));
#15854=CARTESIAN_POINT('Ctrl Pts',(43.0148742700657,0.,-17.2862719849296));
#15855=CARTESIAN_POINT('Ctrl Pts',(42.8848068268395,-2.,-17.2839978480792));
#15856=CARTESIAN_POINT('Ctrl Pts',(42.8848068268395,0.,-17.2839978480792));
#15857=CARTESIAN_POINT('Ctrl Pts',(42.6514373850389,-2.,-17.2799175491649));
#15858=CARTESIAN_POINT('Ctrl Pts',(42.6514373850389,0.,-17.2799175491649));
#15859=CARTESIAN_POINT('Ctrl Pts',(42.4324222882052,-2.,-17.2006318042574));
#15860=CARTESIAN_POINT('Ctrl Pts',(42.4324222882052,0.,-17.2006318042574));
#15861=CARTESIAN_POINT('Ctrl Pts',(42.3354743028721,-2.,-17.1655356243797));
#15862=CARTESIAN_POINT('Ctrl Pts',(42.3354743028721,0.,-17.1655356243797));
#15863=CARTESIAN_POINT('',(43.0148742700657,-2.,-17.2862719849296));
#15864=CARTESIAN_POINT('Ctrl Pts',(43.0148742700657,-2.,-17.2862719849296));
#15865=CARTESIAN_POINT('Ctrl Pts',(42.8848068268395,-2.,-17.2839978480792));
#15866=CARTESIAN_POINT('Ctrl Pts',(42.6514373850389,-2.,-17.2799175491649));
#15867=CARTESIAN_POINT('Ctrl Pts',(42.4324222882052,-2.,-17.2006318042574));
#15868=CARTESIAN_POINT('Ctrl Pts',(42.3354743028721,-2.,-17.1655356243797));
#15869=CARTESIAN_POINT('',(43.0148742700657,0.,-17.2862719849296));
#15870=CARTESIAN_POINT('',(43.0148742700657,-2.,-17.2862719849296));
#15871=CARTESIAN_POINT('Ctrl Pts',(43.0148742700657,0.,-17.2862719849296));
#15872=CARTESIAN_POINT('Ctrl Pts',(42.8848068268395,0.,-17.2839978480792));
#15873=CARTESIAN_POINT('Ctrl Pts',(42.6514373850389,0.,-17.2799175491649));
#15874=CARTESIAN_POINT('Ctrl Pts',(42.4324222882052,0.,-17.2006318042574));
#15875=CARTESIAN_POINT('Ctrl Pts',(42.3354743028721,0.,-17.1655356243797));
#15876=CARTESIAN_POINT('Ctrl Pts',(43.7781761194309,-2.,-17.145071561689));
#15877=CARTESIAN_POINT('Ctrl Pts',(43.7781761194309,0.,-17.145071561689));
#15878=CARTESIAN_POINT('Ctrl Pts',(43.6713757392184,-2.,-17.1860836668714));
#15879=CARTESIAN_POINT('Ctrl Pts',(43.6713757392184,0.,-17.1860836668714));
#15880=CARTESIAN_POINT('Ctrl Pts',(43.4263791021089,-2.,-17.2801641170577));
#15881=CARTESIAN_POINT('Ctrl Pts',(43.4263791021089,0.,-17.2801641170577));
#15882=CARTESIAN_POINT('Ctrl Pts',(43.163281060413,-2.,-17.2840692184099));
#15883=CARTESIAN_POINT('Ctrl Pts',(43.163281060413,0.,-17.2840692184099));
#15884=CARTESIAN_POINT('Ctrl Pts',(43.0148742700657,-2.,-17.2862719849296));
#15885=CARTESIAN_POINT('Ctrl Pts',(43.0148742700657,0.,-17.2862719849296));
#15886=CARTESIAN_POINT('',(43.7781761194309,-2.,-17.145071561689));
#15887=CARTESIAN_POINT('Ctrl Pts',(43.7781761194309,-2.,-17.145071561689));
#15888=CARTESIAN_POINT('Ctrl Pts',(43.6713757392184,-2.,-17.1860836668714));
#15889=CARTESIAN_POINT('Ctrl Pts',(43.4263791021089,-2.,-17.2801641170577));
#15890=CARTESIAN_POINT('Ctrl Pts',(43.163281060413,-2.,-17.2840692184099));
#15891=CARTESIAN_POINT('Ctrl Pts',(43.0148742700657,-2.,-17.2862719849296));
#15892=CARTESIAN_POINT('',(43.7781761194309,0.,-17.145071561689));
#15893=CARTESIAN_POINT('',(43.7781761194309,-2.,-17.145071561689));
#15894=CARTESIAN_POINT('Ctrl Pts',(43.7781761194309,0.,-17.145071561689));
#15895=CARTESIAN_POINT('Ctrl Pts',(43.6713757392184,0.,-17.1860836668714));
#15896=CARTESIAN_POINT('Ctrl Pts',(43.4263791021089,0.,-17.2801641170577));
#15897=CARTESIAN_POINT('Ctrl Pts',(43.163281060413,0.,-17.2840692184099));
#15898=CARTESIAN_POINT('Ctrl Pts',(43.0148742700657,0.,-17.2862719849296));
#15899=CARTESIAN_POINT('Ctrl Pts',(44.2324731851658,-2.,-16.6744028881736));
#15900=CARTESIAN_POINT('Ctrl Pts',(44.2324731851658,0.,-16.6744028881736));
#15901=CARTESIAN_POINT('Ctrl Pts',(44.1693888204732,-2.,-16.774232793439));
#15902=CARTESIAN_POINT('Ctrl Pts',(44.1693888204732,0.,-16.774232793439));
#15903=CARTESIAN_POINT('Ctrl Pts',(44.0502318395751,-2.,-16.9627966344595));
#15904=CARTESIAN_POINT('Ctrl Pts',(44.0502318395751,0.,-16.9627966344595));
#15905=CARTESIAN_POINT('Ctrl Pts',(43.8652326226377,-2.,-17.0867444742142));
#15906=CARTESIAN_POINT('Ctrl Pts',(43.8652326226377,0.,-17.0867444742142));
#15907=CARTESIAN_POINT('Ctrl Pts',(43.7781761194309,-2.,-17.145071561689));
#15908=CARTESIAN_POINT('Ctrl Pts',(43.7781761194309,0.,-17.145071561689));
#15909=CARTESIAN_POINT('',(44.2324731851658,-2.,-16.6744028881736));
#15910=CARTESIAN_POINT('Ctrl Pts',(44.2324731851658,-2.,-16.6744028881736));
#15911=CARTESIAN_POINT('Ctrl Pts',(44.1693888204732,-2.,-16.774232793439));
#15912=CARTESIAN_POINT('Ctrl Pts',(44.0502318395751,-2.,-16.9627966344595));
#15913=CARTESIAN_POINT('Ctrl Pts',(43.8652326226377,-2.,-17.0867444742142));
#15914=CARTESIAN_POINT('Ctrl Pts',(43.7781761194309,-2.,-17.145071561689));
#15915=CARTESIAN_POINT('',(44.2324731851658,0.,-16.6744028881736));
#15916=CARTESIAN_POINT('',(44.2324731851658,-2.,-16.6744028881736));
#15917=CARTESIAN_POINT('Ctrl Pts',(44.2324731851658,0.,-16.6744028881736));
#15918=CARTESIAN_POINT('Ctrl Pts',(44.1693888204732,0.,-16.774232793439));
#15919=CARTESIAN_POINT('Ctrl Pts',(44.0502318395751,0.,-16.9627966344595));
#15920=CARTESIAN_POINT('Ctrl Pts',(43.8652326226377,0.,-17.0867444742142));
#15921=CARTESIAN_POINT('Ctrl Pts',(43.7781761194309,0.,-17.145071561689));
#15922=CARTESIAN_POINT('Origin',(43.4118727947315,-2.,-16.5986871079155));
#15923=CARTESIAN_POINT('',(43.4118727947315,-2.,-16.5986871079155));
#15924=CARTESIAN_POINT('',(30.6626914144905,-2.,-15.4223359544056));
#15925=CARTESIAN_POINT('',(43.4118727947315,0.,-16.5986871079155));
#15926=CARTESIAN_POINT('',(43.4118727947315,-2.,-16.5986871079155));
#15927=CARTESIAN_POINT('',(43.4118727947315,0.,-16.5986871079155));
#15928=CARTESIAN_POINT('Ctrl Pts',(43.2665799165806,-2.,-16.7357944801994));
#15929=CARTESIAN_POINT('Ctrl Pts',(43.2665799165806,0.,-16.7357944801994));
#15930=CARTESIAN_POINT('Ctrl Pts',(43.290745765744,-2.,-16.718758746786));
#15931=CARTESIAN_POINT('Ctrl Pts',(43.290745765744,0.,-16.718758746786));
#15932=CARTESIAN_POINT('Ctrl Pts',(43.3456418116502,-2.,-16.6800597382312));
#15933=CARTESIAN_POINT('Ctrl Pts',(43.3456418116502,0.,-16.6800597382312));
#15934=CARTESIAN_POINT('Ctrl Pts',(43.3881033161512,-2.,-16.6278907359356));
#15935=CARTESIAN_POINT('Ctrl Pts',(43.3881033161512,0.,-16.6278907359356));
#15936=CARTESIAN_POINT('Ctrl Pts',(43.4118727947315,-2.,-16.5986871079155));
#15937=CARTESIAN_POINT('Ctrl Pts',(43.4118727947315,0.,-16.5986871079155));
#15938=CARTESIAN_POINT('',(43.2665799165806,-2.,-16.7357944801994));
#15939=CARTESIAN_POINT('Ctrl Pts',(43.2665799165806,-2.,-16.7357944801994));
#15940=CARTESIAN_POINT('Ctrl Pts',(43.290745765744,-2.,-16.718758746786));
#15941=CARTESIAN_POINT('Ctrl Pts',(43.3456418116502,-2.,-16.6800597382312));
#15942=CARTESIAN_POINT('Ctrl Pts',(43.3881033161512,-2.,-16.6278907359356));
#15943=CARTESIAN_POINT('Ctrl Pts',(43.4118727947315,-2.,-16.5986871079155));
#15944=CARTESIAN_POINT('',(43.2665799165806,0.,-16.7357944801994));
#15945=CARTESIAN_POINT('',(43.2665799165806,-2.,-16.7357944801994));
#15946=CARTESIAN_POINT('Ctrl Pts',(43.2665799165806,0.,-16.7357944801994));
#15947=CARTESIAN_POINT('Ctrl Pts',(43.290745765744,0.,-16.718758746786));
#15948=CARTESIAN_POINT('Ctrl Pts',(43.3456418116502,0.,-16.6800597382312));
#15949=CARTESIAN_POINT('Ctrl Pts',(43.3881033161512,0.,-16.6278907359356));
#15950=CARTESIAN_POINT('Ctrl Pts',(43.4118727947315,0.,-16.5986871079155));
#15951=CARTESIAN_POINT('Ctrl Pts',(43.0332915092549,-2.,-16.7971860722252));
#15952=CARTESIAN_POINT('Ctrl Pts',(43.0332915092549,0.,-16.7971860722252));
#15953=CARTESIAN_POINT('Ctrl Pts',(43.0738461870557,-2.,-16.7945506083913));
#15954=CARTESIAN_POINT('Ctrl Pts',(43.0738461870557,0.,-16.7945506083913));
#15955=CARTESIAN_POINT('Ctrl Pts',(43.1555803980239,-2.,-16.7892390742189));
#15956=CARTESIAN_POINT('Ctrl Pts',(43.1555803980239,0.,-16.7892390742189));
#15957=CARTESIAN_POINT('Ctrl Pts',(43.2293919813491,-2.,-16.7536999101212));
#15958=CARTESIAN_POINT('Ctrl Pts',(43.2293919813491,0.,-16.7536999101212));
#15959=CARTESIAN_POINT('Ctrl Pts',(43.2665799165806,-2.,-16.7357944801994));
#15960=CARTESIAN_POINT('Ctrl Pts',(43.2665799165806,0.,-16.7357944801994));
#15961=CARTESIAN_POINT('',(43.0332915092549,-2.,-16.7971860722252));
#15962=CARTESIAN_POINT('Ctrl Pts',(43.0332915092549,-2.,-16.7971860722252));
#15963=CARTESIAN_POINT('Ctrl Pts',(43.0738461870557,-2.,-16.7945506083913));
#15964=CARTESIAN_POINT('Ctrl Pts',(43.1555803980239,-2.,-16.7892390742189));
#15965=CARTESIAN_POINT('Ctrl Pts',(43.2293919813491,-2.,-16.7536999101212));
#15966=CARTESIAN_POINT('Ctrl Pts',(43.2665799165806,-2.,-16.7357944801994));
#15967=CARTESIAN_POINT('',(43.0332915092549,0.,-16.7971860722252));
#15968=CARTESIAN_POINT('',(43.0332915092549,-2.,-16.7971860722252));
#15969=CARTESIAN_POINT('Ctrl Pts',(43.0332915092549,0.,-16.7971860722252));
#15970=CARTESIAN_POINT('Ctrl Pts',(43.0738461870557,0.,-16.7945506083913));
#15971=CARTESIAN_POINT('Ctrl Pts',(43.1555803980239,0.,-16.7892390742189));
#15972=CARTESIAN_POINT('Ctrl Pts',(43.2293919813491,0.,-16.7536999101212));
#15973=CARTESIAN_POINT('Ctrl Pts',(43.2665799165806,0.,-16.7357944801994));
#15974=CARTESIAN_POINT('Ctrl Pts',(42.7181486393055,-2.,-16.6559856489845));
#15975=CARTESIAN_POINT('Ctrl Pts',(42.7181486393055,0.,-16.6559856489845));
#15976=CARTESIAN_POINT('Ctrl Pts',(42.7618769665852,-2.,-16.6971670522127));
#15977=CARTESIAN_POINT('Ctrl Pts',(42.7618769665852,0.,-16.6971670522127));
#15978=CARTESIAN_POINT('Ctrl Pts',(42.8504904983347,-2.,-16.7806193544035));
#15979=CARTESIAN_POINT('Ctrl Pts',(42.8504904983347,0.,-16.7806193544035));
#15980=CARTESIAN_POINT('Ctrl Pts',(42.9718297981945,-2.,-16.7916159781713));
#15981=CARTESIAN_POINT('Ctrl Pts',(42.9718297981945,0.,-16.7916159781713));
#15982=CARTESIAN_POINT('Ctrl Pts',(43.0332915092549,-2.,-16.7971860722252));
#15983=CARTESIAN_POINT('Ctrl Pts',(43.0332915092549,0.,-16.7971860722252));
#15984=CARTESIAN_POINT('',(42.7181486393055,-2.,-16.6559856489845));
#15985=CARTESIAN_POINT('Ctrl Pts',(42.7181486393055,-2.,-16.6559856489845));
#15986=CARTESIAN_POINT('Ctrl Pts',(42.7618769665852,-2.,-16.6971670522127));
#15987=CARTESIAN_POINT('Ctrl Pts',(42.8504904983347,-2.,-16.7806193544035));
#15988=CARTESIAN_POINT('Ctrl Pts',(42.9718297981945,-2.,-16.7916159781713));
#15989=CARTESIAN_POINT('Ctrl Pts',(43.0332915092549,-2.,-16.7971860722252));
#15990=CARTESIAN_POINT('',(42.7181486393055,0.,-16.6559856489845));
#15991=CARTESIAN_POINT('',(42.7181486393055,-2.,-16.6559856489845));
#15992=CARTESIAN_POINT('Ctrl Pts',(42.7181486393055,0.,-16.6559856489845));
#15993=CARTESIAN_POINT('Ctrl Pts',(42.7618769665852,0.,-16.6971670522127));
#15994=CARTESIAN_POINT('Ctrl Pts',(42.8504904983347,0.,-16.7806193544035));
#15995=CARTESIAN_POINT('Ctrl Pts',(42.9718297981945,0.,-16.7916159781713));
#15996=CARTESIAN_POINT('Ctrl Pts',(43.0332915092549,0.,-16.7971860722252));
#15997=CARTESIAN_POINT('Ctrl Pts',(42.6096902395329,-2.,-16.3572137907692));
#15998=CARTESIAN_POINT('Ctrl Pts',(42.6096902395329,0.,-16.3572137907692));
#15999=CARTESIAN_POINT('Ctrl Pts',(42.6178470883037,-2.,-16.4173085736889));
#16000=CARTESIAN_POINT('Ctrl Pts',(42.6178470883037,0.,-16.4173085736889));
#16001=CARTESIAN_POINT('Ctrl Pts',(42.6324825538171,-2.,-16.5251339297378));
#16002=CARTESIAN_POINT('Ctrl Pts',(42.6324825538171,0.,-16.5251339297378));
#16003=CARTESIAN_POINT('Ctrl Pts',(42.6918629722808,-2.,-16.6158352825691));
#16004=CARTESIAN_POINT('Ctrl Pts',(42.6918629722808,0.,-16.6158352825691));
#16005=CARTESIAN_POINT('Ctrl Pts',(42.7181486393055,-2.,-16.6559856489845));
#16006=CARTESIAN_POINT('Ctrl Pts',(42.7181486393055,0.,-16.6559856489845));
#16007=CARTESIAN_POINT('',(42.6096902395329,-2.,-16.3572137907692));
#16008=CARTESIAN_POINT('Ctrl Pts',(42.6096902395329,-2.,-16.3572137907692));
#16009=CARTESIAN_POINT('Ctrl Pts',(42.6178470883037,-2.,-16.4173085736889));
#16010=CARTESIAN_POINT('Ctrl Pts',(42.6324825538171,-2.,-16.5251339297378));
#16011=CARTESIAN_POINT('Ctrl Pts',(42.6918629722808,-2.,-16.6158352825691));
#16012=CARTESIAN_POINT('Ctrl Pts',(42.7181486393055,-2.,-16.6559856489845));
#16013=CARTESIAN_POINT('',(42.6096902395329,0.,-16.3572137907692));
#16014=CARTESIAN_POINT('',(42.6096902395329,-2.,-16.3572137907692));
#16015=CARTESIAN_POINT('Ctrl Pts',(42.6096902395329,0.,-16.3572137907692));
#16016=CARTESIAN_POINT('Ctrl Pts',(42.6178470883037,0.,-16.4173085736889));
#16017=CARTESIAN_POINT('Ctrl Pts',(42.6324825538171,0.,-16.5251339297378));
#16018=CARTESIAN_POINT('Ctrl Pts',(42.6918629722808,0.,-16.6158352825691));
#16019=CARTESIAN_POINT('Ctrl Pts',(42.7181486393055,0.,-16.6559856489845));
#16020=CARTESIAN_POINT('Origin',(44.2795399929127,-2.,-16.3572137907692));
#16021=CARTESIAN_POINT('',(44.2795399929127,-2.,-16.3572137907692));
#16022=CARTESIAN_POINT('',(31.442367088133,-2.,-16.3572137907692));
#16023=CARTESIAN_POINT('',(44.2795399929127,0.,-16.3572137907692));
#16024=CARTESIAN_POINT('',(44.2795399929127,-2.,-16.3572137907692));
#16025=CARTESIAN_POINT('',(44.2795399929127,0.,-16.3572137907692));
#16026=CARTESIAN_POINT('Origin',(44.2795399929127,-2.,-16.2630795792289));
#16027=CARTESIAN_POINT('',(44.2795399929127,-2.,-11.5063288374953));
#16028=CARTESIAN_POINT('',(44.2795399929127,0.,-16.2630795792289));
#16029=CARTESIAN_POINT('Origin',(47.0319274374014,0.,-19.0799278870769));
#16030=CARTESIAN_POINT('Ctrl Pts',(37.3320640231213,-2.,-17.2883188084312));
#16031=CARTESIAN_POINT('Ctrl Pts',(37.3320640231213,0.,-17.2883188084312));
#16032=CARTESIAN_POINT('Ctrl Pts',(37.1090732498914,-2.,-17.2864929224912));
#16033=CARTESIAN_POINT('Ctrl Pts',(37.1090732498914,0.,-17.2864929224912));
#16034=CARTESIAN_POINT('Ctrl Pts',(36.7260410657623,-2.,-17.283356590573));
#16035=CARTESIAN_POINT('Ctrl Pts',(36.7260410657623,0.,-17.283356590573));
#16036=CARTESIAN_POINT('Ctrl Pts',(36.405829793339,-2.,-17.0790177913065));
#16037=CARTESIAN_POINT('Ctrl Pts',(36.405829793339,0.,-17.0790177913065));
#16038=CARTESIAN_POINT('Ctrl Pts',(36.2720366920075,-2.,-16.9936394051262));
#16039=CARTESIAN_POINT('Ctrl Pts',(36.2720366920075,0.,-16.9936394051262));
#16040=CARTESIAN_POINT('',(37.3320640231213,-2.,-17.2883188084312));
#16041=CARTESIAN_POINT('',(36.2720366920075,-2.,-16.9936394051262));
#16042=CARTESIAN_POINT('Ctrl Pts',(37.3320640231213,-2.,-17.2883188084312));
#16043=CARTESIAN_POINT('Ctrl Pts',(37.1090732498914,-2.,-17.2864929224912));
#16044=CARTESIAN_POINT('Ctrl Pts',(36.7260410657623,-2.,-17.283356590573));
#16045=CARTESIAN_POINT('Ctrl Pts',(36.405829793339,-2.,-17.0790177913065));
#16046=CARTESIAN_POINT('Ctrl Pts',(36.2720366920075,-2.,-16.9936394051262));
#16047=CARTESIAN_POINT('',(37.3320640231213,0.,-17.2883188084312));
#16048=CARTESIAN_POINT('',(37.3320640231213,-2.,-17.2883188084312));
#16049=CARTESIAN_POINT('',(36.2720366920075,0.,-16.9936394051262));
#16050=CARTESIAN_POINT('Ctrl Pts',(37.3320640231213,0.,-17.2883188084312));
#16051=CARTESIAN_POINT('Ctrl Pts',(37.1090732498914,0.,-17.2864929224912));
#16052=CARTESIAN_POINT('Ctrl Pts',(36.7260410657623,0.,-17.283356590573));
#16053=CARTESIAN_POINT('Ctrl Pts',(36.405829793339,0.,-17.0790177913065));
#16054=CARTESIAN_POINT('Ctrl Pts',(36.2720366920075,0.,-16.9936394051262));
#16055=CARTESIAN_POINT('',(36.2720366920075,-2.,-16.9936394051262));
#16056=CARTESIAN_POINT('Ctrl Pts',(38.0544378961167,-2.,-17.1634893969246));
#16057=CARTESIAN_POINT('Ctrl Pts',(38.0544378961167,0.,-17.1634893969246));
#16058=CARTESIAN_POINT('Ctrl Pts',(37.9474237760496,-2.,-17.1998287367077));
#16059=CARTESIAN_POINT('Ctrl Pts',(37.9474237760496,0.,-17.1998287367077));
#16060=CARTESIAN_POINT('Ctrl Pts',(37.7135066985518,-2.,-17.2792611719314));
#16061=CARTESIAN_POINT('Ctrl Pts',(37.7135066985518,0.,-17.2792611719314));
#16062=CARTESIAN_POINT('Ctrl Pts',(37.4662201090271,-2.,-17.285133173633));
#16063=CARTESIAN_POINT('Ctrl Pts',(37.4662201090271,0.,-17.285133173633));
#16064=CARTESIAN_POINT('Ctrl Pts',(37.3320640231213,-2.,-17.2883188084312));
#16065=CARTESIAN_POINT('Ctrl Pts',(37.3320640231213,0.,-17.2883188084312));
#16066=CARTESIAN_POINT('',(38.0544378961167,-2.,-17.1634893969246));
#16067=CARTESIAN_POINT('Ctrl Pts',(38.0544378961167,-2.,-17.1634893969246));
#16068=CARTESIAN_POINT('Ctrl Pts',(37.9474237760496,-2.,-17.1998287367077));
#16069=CARTESIAN_POINT('Ctrl Pts',(37.7135066985518,-2.,-17.2792611719314));
#16070=CARTESIAN_POINT('Ctrl Pts',(37.4662201090271,-2.,-17.285133173633));
#16071=CARTESIAN_POINT('Ctrl Pts',(37.3320640231213,-2.,-17.2883188084312));
#16072=CARTESIAN_POINT('',(38.0544378961167,0.,-17.1634893969246));
#16073=CARTESIAN_POINT('',(38.0544378961167,-2.,-17.1634893969246));
#16074=CARTESIAN_POINT('Ctrl Pts',(38.0544378961167,0.,-17.1634893969246));
#16075=CARTESIAN_POINT('Ctrl Pts',(37.9474237760496,0.,-17.1998287367077));
#16076=CARTESIAN_POINT('Ctrl Pts',(37.7135066985518,0.,-17.2792611719314));
#16077=CARTESIAN_POINT('Ctrl Pts',(37.4662201090271,0.,-17.285133173633));
#16078=CARTESIAN_POINT('Ctrl Pts',(37.3320640231213,0.,-17.2883188084312));
#16079=CARTESIAN_POINT('Ctrl Pts',(38.5005496049961,-2.,-16.7930936173149));
#16080=CARTESIAN_POINT('Ctrl Pts',(38.5005496049961,0.,-16.7930936173149));
#16081=CARTESIAN_POINT('Ctrl Pts',(38.4411577589401,-2.,-16.8697998113784));
#16082=CARTESIAN_POINT('Ctrl Pts',(38.4411577589401,0.,-16.8697998113784));
#16083=CARTESIAN_POINT('Ctrl Pts',(38.32001183885,-2.,-17.0262630815663));
#16084=CARTESIAN_POINT('Ctrl Pts',(38.32001183885,0.,-17.0262630815663));
#16085=CARTESIAN_POINT('Ctrl Pts',(38.1441058756024,-2.,-17.1171565138721));
#16086=CARTESIAN_POINT('Ctrl Pts',(38.1441058756024,0.,-17.1171565138721));
#16087=CARTESIAN_POINT('Ctrl Pts',(38.0544378961167,-2.,-17.1634893969246));
#16088=CARTESIAN_POINT('Ctrl Pts',(38.0544378961167,0.,-17.1634893969246));
#16089=CARTESIAN_POINT('',(38.5005496049961,-2.,-16.7930936173149));
#16090=CARTESIAN_POINT('Ctrl Pts',(38.5005496049961,-2.,-16.7930936173149));
#16091=CARTESIAN_POINT('Ctrl Pts',(38.4411577589401,-2.,-16.8697998113784));
#16092=CARTESIAN_POINT('Ctrl Pts',(38.32001183885,-2.,-17.0262630815663));
#16093=CARTESIAN_POINT('Ctrl Pts',(38.1441058756024,-2.,-17.1171565138721));
#16094=CARTESIAN_POINT('Ctrl Pts',(38.0544378961167,-2.,-17.1634893969246));
#16095=CARTESIAN_POINT('',(38.5005496049961,0.,-16.7930936173149));
#16096=CARTESIAN_POINT('',(38.5005496049961,-2.,-16.7930936173149));
#16097=CARTESIAN_POINT('Ctrl Pts',(38.5005496049961,0.,-16.7930936173149));
#16098=CARTESIAN_POINT('Ctrl Pts',(38.4411577589401,0.,-16.8697998113784));
#16099=CARTESIAN_POINT('Ctrl Pts',(38.32001183885,0.,-17.0262630815663));
#16100=CARTESIAN_POINT('Ctrl Pts',(38.1441058756024,0.,-17.1171565138721));
#16101=CARTESIAN_POINT('Ctrl Pts',(38.0544378961167,0.,-17.1634893969246));
#16102=CARTESIAN_POINT('Ctrl Pts',(38.6601675654492,-2.,-16.2610333517738));
#16103=CARTESIAN_POINT('Ctrl Pts',(38.6601675654492,0.,-16.2610333517738));
#16104=CARTESIAN_POINT('Ctrl Pts',(38.6534527842904,-2.,-16.3554350941919));
#16105=CARTESIAN_POINT('Ctrl Pts',(38.6534527842904,0.,-16.3554350941919));
#16106=CARTESIAN_POINT('Ctrl Pts',(38.6399906824823,-2.,-16.5446960451049));
#16107=CARTESIAN_POINT('Ctrl Pts',(38.6399906824823,0.,-16.5446960451049));
#16108=CARTESIAN_POINT('Ctrl Pts',(38.5471048028729,-2.,-16.7101611103749));
#16109=CARTESIAN_POINT('Ctrl Pts',(38.5471048028729,0.,-16.7101611103749));
#16110=CARTESIAN_POINT('Ctrl Pts',(38.5005496049961,-2.,-16.7930936173149));
#16111=CARTESIAN_POINT('Ctrl Pts',(38.5005496049961,0.,-16.7930936173149));
#16112=CARTESIAN_POINT('',(38.6601675654492,-2.,-16.2610333517738));
#16113=CARTESIAN_POINT('Ctrl Pts',(38.6601675654492,-2.,-16.2610333517738));
#16114=CARTESIAN_POINT('Ctrl Pts',(38.6534527842904,-2.,-16.3554350941919));
#16115=CARTESIAN_POINT('Ctrl Pts',(38.6399906824823,-2.,-16.5446960451049));
#16116=CARTESIAN_POINT('Ctrl Pts',(38.5471048028729,-2.,-16.7101611103749));
#16117=CARTESIAN_POINT('Ctrl Pts',(38.5005496049961,-2.,-16.7930936173149));
#16118=CARTESIAN_POINT('',(38.6601675654492,0.,-16.2610333517738));
#16119=CARTESIAN_POINT('',(38.6601675654492,-2.,-16.2610333517738));
#16120=CARTESIAN_POINT('Ctrl Pts',(38.6601675654492,0.,-16.2610333517738));
#16121=CARTESIAN_POINT('Ctrl Pts',(38.6534527842904,0.,-16.3554350941919));
#16122=CARTESIAN_POINT('Ctrl Pts',(38.6399906824823,0.,-16.5446960451049));
#16123=CARTESIAN_POINT('Ctrl Pts',(38.5471048028729,0.,-16.7101611103749));
#16124=CARTESIAN_POINT('Ctrl Pts',(38.5005496049961,0.,-16.7930936173149));
#16125=CARTESIAN_POINT('Ctrl Pts',(38.539430906876,-2.,-15.8169680193611));
#16126=CARTESIAN_POINT('Ctrl Pts',(38.539430906876,0.,-15.8169680193611));
#16127=CARTESIAN_POINT('Ctrl Pts',(38.5746436766059,-2.,-15.8856784271876));
#16128=CARTESIAN_POINT('Ctrl Pts',(38.5746436766059,0.,-15.8856784271876));
#16129=CARTESIAN_POINT('Ctrl Pts',(38.6461157096394,-2.,-16.0251412577346));
#16130=CARTESIAN_POINT('Ctrl Pts',(38.6461157096394,0.,-16.0251412577346));
#16131=CARTESIAN_POINT('Ctrl Pts',(38.6554381139617,-2.,-16.1816388411736));
#16132=CARTESIAN_POINT('Ctrl Pts',(38.6554381139617,0.,-16.1816388411736));
#16133=CARTESIAN_POINT('Ctrl Pts',(38.6601675654492,-2.,-16.2610333517738));
#16134=CARTESIAN_POINT('Ctrl Pts',(38.6601675654492,0.,-16.2610333517738));
#16135=CARTESIAN_POINT('',(38.539430906876,-2.,-15.8169680193611));
#16136=CARTESIAN_POINT('Ctrl Pts',(38.539430906876,-2.,-15.8169680193611));
#16137=CARTESIAN_POINT('Ctrl Pts',(38.5746436766059,-2.,-15.8856784271876));
#16138=CARTESIAN_POINT('Ctrl Pts',(38.6461157096394,-2.,-16.0251412577346));
#16139=CARTESIAN_POINT('Ctrl Pts',(38.6554381139617,-2.,-16.1816388411736));
#16140=CARTESIAN_POINT('Ctrl Pts',(38.6601675654492,-2.,-16.2610333517738));
#16141=CARTESIAN_POINT('',(38.539430906876,0.,-15.8169680193611));
#16142=CARTESIAN_POINT('',(38.539430906876,-2.,-15.8169680193611));
#16143=CARTESIAN_POINT('Ctrl Pts',(38.539430906876,0.,-15.8169680193611));
#16144=CARTESIAN_POINT('Ctrl Pts',(38.5746436766059,0.,-15.8856784271876));
#16145=CARTESIAN_POINT('Ctrl Pts',(38.6461157096394,0.,-16.0251412577346));
#16146=CARTESIAN_POINT('Ctrl Pts',(38.6554381139617,0.,-16.1816388411736));
#16147=CARTESIAN_POINT('Ctrl Pts',(38.6601675654492,0.,-16.2610333517738));
#16148=CARTESIAN_POINT('Ctrl Pts',(38.1567570174774,-2.,-15.4854535416313));
#16149=CARTESIAN_POINT('Ctrl Pts',(38.1567570174774,0.,-15.4854535416313));
#16150=CARTESIAN_POINT('Ctrl Pts',(38.2371844277992,-2.,-15.5301050930166));
#16151=CARTESIAN_POINT('Ctrl Pts',(38.2371844277992,0.,-15.5301050930166));
#16152=CARTESIAN_POINT('Ctrl Pts',(38.3882531248113,-2.,-15.6139751524944));
#16153=CARTESIAN_POINT('Ctrl Pts',(38.3882531248113,0.,-15.6139751524944));
#16154=CARTESIAN_POINT('Ctrl Pts',(38.4912626067133,-2.,-15.7522903848002));
#16155=CARTESIAN_POINT('Ctrl Pts',(38.4912626067133,0.,-15.7522903848002));
#16156=CARTESIAN_POINT('Ctrl Pts',(38.539430906876,-2.,-15.8169680193611));
#16157=CARTESIAN_POINT('Ctrl Pts',(38.539430906876,0.,-15.8169680193611));
#16158=CARTESIAN_POINT('',(38.1567570174774,-2.,-15.4854535416313));
#16159=CARTESIAN_POINT('Ctrl Pts',(38.1567570174774,-2.,-15.4854535416313));
#16160=CARTESIAN_POINT('Ctrl Pts',(38.2371844277992,-2.,-15.5301050930166));
#16161=CARTESIAN_POINT('Ctrl Pts',(38.3882531248113,-2.,-15.6139751524944));
#16162=CARTESIAN_POINT('Ctrl Pts',(38.4912626067133,-2.,-15.7522903848002));
#16163=CARTESIAN_POINT('Ctrl Pts',(38.539430906876,-2.,-15.8169680193611));
#16164=CARTESIAN_POINT('',(38.1567570174774,0.,-15.4854535416313));
#16165=CARTESIAN_POINT('',(38.1567570174774,-2.,-15.4854535416313));
#16166=CARTESIAN_POINT('Ctrl Pts',(38.1567570174774,0.,-15.4854535416313));
#16167=CARTESIAN_POINT('Ctrl Pts',(38.2371844277992,0.,-15.5301050930166));
#16168=CARTESIAN_POINT('Ctrl Pts',(38.3882531248113,0.,-15.6139751524944));
#16169=CARTESIAN_POINT('Ctrl Pts',(38.4912626067133,0.,-15.7522903848002));
#16170=CARTESIAN_POINT('Ctrl Pts',(38.539430906876,0.,-15.8169680193611));
#16171=CARTESIAN_POINT('Ctrl Pts',(37.2870435918411,-2.,-15.219423706884));
#16172=CARTESIAN_POINT('Ctrl Pts',(37.2870435918411,0.,-15.219423706884));
#16173=CARTESIAN_POINT('Ctrl Pts',(37.4627256435487,-2.,-15.2574095131373));
#16174=CARTESIAN_POINT('Ctrl Pts',(37.4627256435487,0.,-15.2574095131373));
#16175=CARTESIAN_POINT('Ctrl Pts',(37.7603577631996,-2.,-15.3217632471811));
#16176=CARTESIAN_POINT('Ctrl Pts',(37.7603577631996,0.,-15.3217632471811));
#16177=CARTESIAN_POINT('Ctrl Pts',(38.0415449865067,-2.,-15.4378775407426));
#16178=CARTESIAN_POINT('Ctrl Pts',(38.0415449865067,0.,-15.4378775407426));
#16179=CARTESIAN_POINT('Ctrl Pts',(38.1567570174774,-2.,-15.4854535416313));
#16180=CARTESIAN_POINT('Ctrl Pts',(38.1567570174774,0.,-15.4854535416313));
#16181=CARTESIAN_POINT('',(37.2870435918411,-2.,-15.219423706884));
#16182=CARTESIAN_POINT('Ctrl Pts',(37.2870435918411,-2.,-15.219423706884));
#16183=CARTESIAN_POINT('Ctrl Pts',(37.4627256435487,-2.,-15.2574095131373));
#16184=CARTESIAN_POINT('Ctrl Pts',(37.7603577631996,-2.,-15.3217632471811));
#16185=CARTESIAN_POINT('Ctrl Pts',(38.0415449865067,-2.,-15.4378775407426));
#16186=CARTESIAN_POINT('Ctrl Pts',(38.1567570174774,-2.,-15.4854535416313));
#16187=CARTESIAN_POINT('',(37.2870435918411,0.,-15.219423706884));
#16188=CARTESIAN_POINT('',(37.2870435918411,-2.,-15.219423706884));
#16189=CARTESIAN_POINT('Ctrl Pts',(37.2870435918411,0.,-15.219423706884));
#16190=CARTESIAN_POINT('Ctrl Pts',(37.4627256435487,0.,-15.2574095131373));
#16191=CARTESIAN_POINT('Ctrl Pts',(37.7603577631996,0.,-15.3217632471811));
#16192=CARTESIAN_POINT('Ctrl Pts',(38.0415449865067,0.,-15.4378775407426));
#16193=CARTESIAN_POINT('Ctrl Pts',(38.1567570174774,0.,-15.4854535416313));
#16194=CARTESIAN_POINT('Ctrl Pts',(36.9759930277905,-2.,-15.1089184836097));
#16195=CARTESIAN_POINT('Ctrl Pts',(36.9759930277905,0.,-15.1089184836097));
#16196=CARTESIAN_POINT('Ctrl Pts',(37.0122148821999,-2.,-15.1296042714621));
#16197=CARTESIAN_POINT('Ctrl Pts',(37.0122148821999,0.,-15.1296042714621));
#16198=CARTESIAN_POINT('Ctrl Pts',(37.1088129682,-2.,-15.1847700697494));
#16199=CARTESIAN_POINT('Ctrl Pts',(37.1088129682,0.,-15.1847700697494));
#16200=CARTESIAN_POINT('Ctrl Pts',(37.2184916556093,-2.,-15.2060950550815));
#16201=CARTESIAN_POINT('Ctrl Pts',(37.2184916556093,0.,-15.2060950550815));
#16202=CARTESIAN_POINT('Ctrl Pts',(37.2870435918411,-2.,-15.219423706884));
#16203=CARTESIAN_POINT('Ctrl Pts',(37.2870435918411,0.,-15.219423706884));
#16204=CARTESIAN_POINT('',(36.9759930277905,-2.,-15.1089184836097));
#16205=CARTESIAN_POINT('Ctrl Pts',(36.9759930277905,-2.,-15.1089184836097));
#16206=CARTESIAN_POINT('Ctrl Pts',(37.0122148821999,-2.,-15.1296042714621));
#16207=CARTESIAN_POINT('Ctrl Pts',(37.1088129682,-2.,-15.1847700697494));
#16208=CARTESIAN_POINT('Ctrl Pts',(37.2184916556093,-2.,-15.2060950550815));
#16209=CARTESIAN_POINT('Ctrl Pts',(37.2870435918411,-2.,-15.219423706884));
#16210=CARTESIAN_POINT('',(36.9759930277905,0.,-15.1089184836097));
#16211=CARTESIAN_POINT('',(36.9759930277905,-2.,-15.1089184836097));
#16212=CARTESIAN_POINT('Ctrl Pts',(36.9759930277905,0.,-15.1089184836097));
#16213=CARTESIAN_POINT('Ctrl Pts',(37.0122148821999,0.,-15.1296042714621));
#16214=CARTESIAN_POINT('Ctrl Pts',(37.1088129682,0.,-15.1847700697494));
#16215=CARTESIAN_POINT('Ctrl Pts',(37.2184916556093,0.,-15.2060950550815));
#16216=CARTESIAN_POINT('Ctrl Pts',(37.2870435918411,0.,-15.219423706884));
#16217=CARTESIAN_POINT('Ctrl Pts',(36.9084623808703,-2.,-14.9799966171928));
#16218=CARTESIAN_POINT('Ctrl Pts',(36.9084623808703,0.,-14.9799966171928));
#16219=CARTESIAN_POINT('Ctrl Pts',(36.9119022724112,-2.,-15.0037846742306));
#16220=CARTESIAN_POINT('Ctrl Pts',(36.9119022724112,0.,-15.0037846742306));
#16221=CARTESIAN_POINT('Ctrl Pts',(36.9192279615258,-2.,-15.0544443849886));
#16222=CARTESIAN_POINT('Ctrl Pts',(36.9192279615258,0.,-15.0544443849886));
#16223=CARTESIAN_POINT('Ctrl Pts',(36.9563187809313,-2.,-15.0900382649431));
#16224=CARTESIAN_POINT('Ctrl Pts',(36.9563187809313,0.,-15.0900382649431));
#16225=CARTESIAN_POINT('Ctrl Pts',(36.9759930277905,-2.,-15.1089184836097));
#16226=CARTESIAN_POINT('Ctrl Pts',(36.9759930277905,0.,-15.1089184836097));
#16227=CARTESIAN_POINT('',(36.9084623808703,-2.,-14.9799966171928));
#16228=CARTESIAN_POINT('Ctrl Pts',(36.9084623808703,-2.,-14.9799966171928));
#16229=CARTESIAN_POINT('Ctrl Pts',(36.9119022724112,-2.,-15.0037846742306));
#16230=CARTESIAN_POINT('Ctrl Pts',(36.9192279615258,-2.,-15.0544443849886));
#16231=CARTESIAN_POINT('Ctrl Pts',(36.9563187809313,-2.,-15.0900382649431));
#16232=CARTESIAN_POINT('Ctrl Pts',(36.9759930277905,-2.,-15.1089184836097));
#16233=CARTESIAN_POINT('',(36.9084623808703,0.,-14.9799966171928));
#16234=CARTESIAN_POINT('',(36.9084623808703,-2.,-14.9799966171928));
#16235=CARTESIAN_POINT('Ctrl Pts',(36.9084623808703,0.,-14.9799966171928));
#16236=CARTESIAN_POINT('Ctrl Pts',(36.9119022724112,0.,-15.0037846742306));
#16237=CARTESIAN_POINT('Ctrl Pts',(36.9192279615258,0.,-15.0544443849886));
#16238=CARTESIAN_POINT('Ctrl Pts',(36.9563187809313,0.,-15.0900382649431));
#16239=CARTESIAN_POINT('Ctrl Pts',(36.9759930277905,0.,-15.1089184836097));
#16240=CARTESIAN_POINT('Ctrl Pts',(36.9903177375635,-2.,-14.8142390803047));
#16241=CARTESIAN_POINT('Ctrl Pts',(36.9903177375635,0.,-14.8142390803047));
#16242=CARTESIAN_POINT('Ctrl Pts',(36.966446744149,-2.,-14.8376471015837));
#16243=CARTESIAN_POINT('Ctrl Pts',(36.966446744149,0.,-14.8376471015837));
#16244=CARTESIAN_POINT('Ctrl Pts',(36.9197485134487,-2.,-14.8834396314101));
#16245=CARTESIAN_POINT('Ctrl Pts',(36.9197485134487,0.,-14.8834396314101));
#16246=CARTESIAN_POINT('Ctrl Pts',(36.9121679471019,-2.,-14.9482941448484));
#16247=CARTESIAN_POINT('Ctrl Pts',(36.9121679471019,0.,-14.9482941448484));
#16248=CARTESIAN_POINT('Ctrl Pts',(36.9084623808703,-2.,-14.9799966171928));
#16249=CARTESIAN_POINT('Ctrl Pts',(36.9084623808703,0.,-14.9799966171928));
#16250=CARTESIAN_POINT('',(36.9903177375635,-2.,-14.8142390803047));
#16251=CARTESIAN_POINT('Ctrl Pts',(36.9903177375635,-2.,-14.8142390803047));
#16252=CARTESIAN_POINT('Ctrl Pts',(36.966446744149,-2.,-14.8376471015837));
#16253=CARTESIAN_POINT('Ctrl Pts',(36.9197485134487,-2.,-14.8834396314101));
#16254=CARTESIAN_POINT('Ctrl Pts',(36.9121679471019,-2.,-14.9482941448484));
#16255=CARTESIAN_POINT('Ctrl Pts',(36.9084623808703,-2.,-14.9799966171928));
#16256=CARTESIAN_POINT('',(36.9903177375635,0.,-14.8142390803047));
#16257=CARTESIAN_POINT('',(36.9903177375635,-2.,-14.8142390803047));
#16258=CARTESIAN_POINT('Ctrl Pts',(36.9903177375635,0.,-14.8142390803047));
#16259=CARTESIAN_POINT('Ctrl Pts',(36.966446744149,0.,-14.8376471015837));
#16260=CARTESIAN_POINT('Ctrl Pts',(36.9197485134487,0.,-14.8834396314101));
#16261=CARTESIAN_POINT('Ctrl Pts',(36.9121679471019,0.,-14.9482941448484));
#16262=CARTESIAN_POINT('Ctrl Pts',(36.9084623808703,0.,-14.9799966171928));
#16263=CARTESIAN_POINT('Ctrl Pts',(37.2338375056824,-2.,-14.7446625784584));
#16264=CARTESIAN_POINT('Ctrl Pts',(37.2338375056824,0.,-14.7446625784584));
#16265=CARTESIAN_POINT('Ctrl Pts',(37.1852441850428,-2.,-14.746044104217));
#16266=CARTESIAN_POINT('Ctrl Pts',(37.1852441850428,0.,-14.746044104217));
#16267=CARTESIAN_POINT('Ctrl Pts',(37.0977144150105,-2.,-14.7485326073766));
#16268=CARTESIAN_POINT('Ctrl Pts',(37.0977144150105,0.,-14.7485326073766));
#16269=CARTESIAN_POINT('Ctrl Pts',(37.0233830518852,-2.,-14.7940093559595));
#16270=CARTESIAN_POINT('Ctrl Pts',(37.0233830518852,0.,-14.7940093559595));
#16271=CARTESIAN_POINT('Ctrl Pts',(36.9903177375635,-2.,-14.8142390803047));
#16272=CARTESIAN_POINT('Ctrl Pts',(36.9903177375635,0.,-14.8142390803047));
#16273=CARTESIAN_POINT('',(37.2338375056824,-2.,-14.7446625784584));
#16274=CARTESIAN_POINT('Ctrl Pts',(37.2338375056824,-2.,-14.7446625784584));
#16275=CARTESIAN_POINT('Ctrl Pts',(37.1852441850428,-2.,-14.746044104217));
#16276=CARTESIAN_POINT('Ctrl Pts',(37.0977144150105,-2.,-14.7485326073766));
#16277=CARTESIAN_POINT('Ctrl Pts',(37.0233830518852,-2.,-14.7940093559595));
#16278=CARTESIAN_POINT('Ctrl Pts',(36.9903177375635,-2.,-14.8142390803047));
#16279=CARTESIAN_POINT('',(37.2338375056824,0.,-14.7446625784584));
#16280=CARTESIAN_POINT('',(37.2338375056824,-2.,-14.7446625784584));
#16281=CARTESIAN_POINT('Ctrl Pts',(37.2338375056824,0.,-14.7446625784584));
#16282=CARTESIAN_POINT('Ctrl Pts',(37.1852441850428,0.,-14.746044104217));
#16283=CARTESIAN_POINT('Ctrl Pts',(37.0977144150105,0.,-14.7485326073766));
#16284=CARTESIAN_POINT('Ctrl Pts',(37.0233830518852,0.,-14.7940093559595));
#16285=CARTESIAN_POINT('Ctrl Pts',(36.9903177375635,0.,-14.8142390803047));
#16286=CARTESIAN_POINT('Ctrl Pts',(37.5407953167996,-2.,-14.8367493704506));
#16287=CARTESIAN_POINT('Ctrl Pts',(37.5407953167996,0.,-14.8367493704506));
#16288=CARTESIAN_POINT('Ctrl Pts',(37.4979961415585,-2.,-14.8099412644333));
#16289=CARTESIAN_POINT('Ctrl Pts',(37.4979961415585,0.,-14.8099412644333));
#16290=CARTESIAN_POINT('Ctrl Pts',(37.4044955790621,-2.,-14.7513753463294));
#16291=CARTESIAN_POINT('Ctrl Pts',(37.4044955790621,0.,-14.7513753463294));
#16292=CARTESIAN_POINT('Ctrl Pts',(37.2938408626521,-2.,-14.747022786791));
#16293=CARTESIAN_POINT('Ctrl Pts',(37.2938408626521,0.,-14.747022786791));
#16294=CARTESIAN_POINT('Ctrl Pts',(37.2338375056824,-2.,-14.7446625784584));
#16295=CARTESIAN_POINT('Ctrl Pts',(37.2338375056824,0.,-14.7446625784584));
#16296=CARTESIAN_POINT('',(37.5407953167996,-2.,-14.8367493704506));
#16297=CARTESIAN_POINT('Ctrl Pts',(37.5407953167996,-2.,-14.8367493704506));
#16298=CARTESIAN_POINT('Ctrl Pts',(37.4979961415585,-2.,-14.8099412644333));
#16299=CARTESIAN_POINT('Ctrl Pts',(37.4044955790621,-2.,-14.7513753463294));
#16300=CARTESIAN_POINT('Ctrl Pts',(37.2938408626521,-2.,-14.747022786791));
#16301=CARTESIAN_POINT('Ctrl Pts',(37.2338375056824,-2.,-14.7446625784584));
#16302=CARTESIAN_POINT('',(37.5407953167996,0.,-14.8367493704506));
#16303=CARTESIAN_POINT('',(37.5407953167996,-2.,-14.8367493704506));
#16304=CARTESIAN_POINT('Ctrl Pts',(37.5407953167996,0.,-14.8367493704506));
#16305=CARTESIAN_POINT('Ctrl Pts',(37.4979961415585,0.,-14.8099412644333));
#16306=CARTESIAN_POINT('Ctrl Pts',(37.4044955790621,0.,-14.7513753463294));
#16307=CARTESIAN_POINT('Ctrl Pts',(37.2938408626521,0.,-14.747022786791));
#16308=CARTESIAN_POINT('Ctrl Pts',(37.2338375056824,0.,-14.7446625784584));
#16309=CARTESIAN_POINT('Ctrl Pts',(37.6881350184521,-2.,-15.1314287737556));
#16310=CARTESIAN_POINT('Ctrl Pts',(37.6881350184521,0.,-15.1314287737556));
#16311=CARTESIAN_POINT('Ctrl Pts',(37.6753679201643,-2.,-15.0703373555598));
#16312=CARTESIAN_POINT('Ctrl Pts',(37.6753679201643,0.,-15.0703373555598));
#16313=CARTESIAN_POINT('Ctrl Pts',(37.6520303744206,-2.,-14.9586656401436));
#16314=CARTESIAN_POINT('Ctrl Pts',(37.6520303744206,0.,-14.9586656401436));
#16315=CARTESIAN_POINT('Ctrl Pts',(37.5754716341184,-2.,-14.8747554392621));
#16316=CARTESIAN_POINT('Ctrl Pts',(37.5754716341184,0.,-14.8747554392621));
#16317=CARTESIAN_POINT('Ctrl Pts',(37.5407953167996,-2.,-14.8367493704506));
#16318=CARTESIAN_POINT('Ctrl Pts',(37.5407953167996,0.,-14.8367493704506));
#16319=CARTESIAN_POINT('',(37.6881350184521,-2.,-15.1314287737556));
#16320=CARTESIAN_POINT('Ctrl Pts',(37.6881350184521,-2.,-15.1314287737556));
#16321=CARTESIAN_POINT('Ctrl Pts',(37.6753679201643,-2.,-15.0703373555598));
#16322=CARTESIAN_POINT('Ctrl Pts',(37.6520303744206,-2.,-14.9586656401436));
#16323=CARTESIAN_POINT('Ctrl Pts',(37.5754716341184,-2.,-14.8747554392621));
#16324=CARTESIAN_POINT('Ctrl Pts',(37.5407953167996,-2.,-14.8367493704506));
#16325=CARTESIAN_POINT('',(37.6881350184521,0.,-15.1314287737556));
#16326=CARTESIAN_POINT('',(37.6881350184521,-2.,-15.1314287737556));
#16327=CARTESIAN_POINT('Ctrl Pts',(37.6881350184521,0.,-15.1314287737556));
#16328=CARTESIAN_POINT('Ctrl Pts',(37.6753679201643,0.,-15.0703373555598));
#16329=CARTESIAN_POINT('Ctrl Pts',(37.6520303744206,0.,-14.9586656401436));
#16330=CARTESIAN_POINT('Ctrl Pts',(37.5754716341184,0.,-14.8747554392621));
#16331=CARTESIAN_POINT('Ctrl Pts',(37.5407953167996,0.,-14.8367493704506));
#16332=CARTESIAN_POINT('Origin',(38.5619411970219,-2.,-15.0802695110985));
#16333=CARTESIAN_POINT('',(38.5619411970219,-2.,-15.0802695110985));
#16334=CARTESIAN_POINT('',(28.8606928805241,-2.,-15.6482544062596));
#16335=CARTESIAN_POINT('',(38.5619411970219,0.,-15.0802695110985));
#16336=CARTESIAN_POINT('',(38.5619411970219,-2.,-15.0802695110985));
#16337=CARTESIAN_POINT('',(38.5619411970219,0.,-15.0802695110985));
#16338=CARTESIAN_POINT('Ctrl Pts',(38.2017775977692,-2.,-14.4008695439048));
#16339=CARTESIAN_POINT('Ctrl Pts',(38.2017775977692,0.,-14.4008695439048));
#16340=CARTESIAN_POINT('Ctrl Pts',(38.2929775956854,-2.,-14.4870744277887));
#16341=CARTESIAN_POINT('Ctrl Pts',(38.2929775956854,0.,-14.4870744277887));
#16342=CARTESIAN_POINT('Ctrl Pts',(38.4886323080803,-2.,-14.6720129381912));
#16343=CARTESIAN_POINT('Ctrl Pts',(38.4886323080803,0.,-14.6720129381912));
#16344=CARTESIAN_POINT('Ctrl Pts',(38.5364256404367,-2.,-14.9381735956141));
#16345=CARTESIAN_POINT('Ctrl Pts',(38.5364256404367,0.,-14.9381735956141));
#16346=CARTESIAN_POINT('Ctrl Pts',(38.5619411970219,-2.,-15.0802695110985));
#16347=CARTESIAN_POINT('Ctrl Pts',(38.5619411970219,0.,-15.0802695110985));
#16348=CARTESIAN_POINT('',(38.2017775977692,-2.,-14.4008695439048));
#16349=CARTESIAN_POINT('Ctrl Pts',(38.2017775977692,-2.,-14.4008695439048));
#16350=CARTESIAN_POINT('Ctrl Pts',(38.2929775956854,-2.,-14.4870744277887));
#16351=CARTESIAN_POINT('Ctrl Pts',(38.4886323080803,-2.,-14.6720129381912));
#16352=CARTESIAN_POINT('Ctrl Pts',(38.5364256404367,-2.,-14.9381735956141));
#16353=CARTESIAN_POINT('Ctrl Pts',(38.5619411970219,-2.,-15.0802695110985));
#16354=CARTESIAN_POINT('',(38.2017775977692,0.,-14.4008695439048));
#16355=CARTESIAN_POINT('',(38.2017775977692,-2.,-14.4008695439048));
#16356=CARTESIAN_POINT('Ctrl Pts',(38.2017775977692,0.,-14.4008695439048));
#16357=CARTESIAN_POINT('Ctrl Pts',(38.2929775956854,0.,-14.4870744277887));
#16358=CARTESIAN_POINT('Ctrl Pts',(38.4886323080803,0.,-14.6720129381912));
#16359=CARTESIAN_POINT('Ctrl Pts',(38.5364256404367,0.,-14.9381735956141));
#16360=CARTESIAN_POINT('Ctrl Pts',(38.5619411970219,0.,-15.0802695110985));
#16361=CARTESIAN_POINT('Ctrl Pts',(37.325924893721,-2.,-14.1859992698379));
#16362=CARTESIAN_POINT('Ctrl Pts',(37.325924893721,0.,-14.1859992698379));
#16363=CARTESIAN_POINT('Ctrl Pts',(37.498441280443,-2.,-14.1899528501345));
#16364=CARTESIAN_POINT('Ctrl Pts',(37.498441280443,0.,-14.1899528501345));
#16365=CARTESIAN_POINT('Ctrl Pts',(37.8074600170635,-2.,-14.1970346723985));
#16366=CARTESIAN_POINT('Ctrl Pts',(37.8074600170635,0.,-14.1970346723985));
#16367=CARTESIAN_POINT('Ctrl Pts',(38.0809633916602,-2.,-14.3384169691698));
#16368=CARTESIAN_POINT('Ctrl Pts',(38.0809633916602,0.,-14.3384169691698));
#16369=CARTESIAN_POINT('Ctrl Pts',(38.2017775977692,-2.,-14.4008695439048));
#16370=CARTESIAN_POINT('Ctrl Pts',(38.2017775977692,0.,-14.4008695439048));
#16371=CARTESIAN_POINT('',(37.325924893721,-2.,-14.1859992698379));
#16372=CARTESIAN_POINT('Ctrl Pts',(37.325924893721,-2.,-14.1859992698379));
#16373=CARTESIAN_POINT('Ctrl Pts',(37.498441280443,-2.,-14.1899528501345));
#16374=CARTESIAN_POINT('Ctrl Pts',(37.8074600170635,-2.,-14.1970346723985));
#16375=CARTESIAN_POINT('Ctrl Pts',(38.0809633916602,-2.,-14.3384169691698));
#16376=CARTESIAN_POINT('Ctrl Pts',(38.2017775977692,-2.,-14.4008695439048));
#16377=CARTESIAN_POINT('',(37.325924893721,0.,-14.1859992698379));
#16378=CARTESIAN_POINT('',(37.325924893721,-2.,-14.1859992698379));
#16379=CARTESIAN_POINT('Ctrl Pts',(37.325924893721,0.,-14.1859992698379));
#16380=CARTESIAN_POINT('Ctrl Pts',(37.498441280443,0.,-14.1899528501345));
#16381=CARTESIAN_POINT('Ctrl Pts',(37.8074600170635,0.,-14.1970346723985));
#16382=CARTESIAN_POINT('Ctrl Pts',(38.0809633916602,0.,-14.3384169691698));
#16383=CARTESIAN_POINT('Ctrl Pts',(38.2017775977692,0.,-14.4008695439048));
#16384=CARTESIAN_POINT('Ctrl Pts',(36.5871799344858,-2.,-14.3046897009559));
#16385=CARTESIAN_POINT('Ctrl Pts',(36.5871799344858,0.,-14.3046897009559));
#16386=CARTESIAN_POINT('Ctrl Pts',(36.6929289327305,-2.,-14.2701931870791));
#16387=CARTESIAN_POINT('Ctrl Pts',(36.6929289327305,0.,-14.2701931870791));
#16388=CARTESIAN_POINT('Ctrl Pts',(36.9325087853656,-2.,-14.1920395416714));
#16389=CARTESIAN_POINT('Ctrl Pts',(36.9325087853656,0.,-14.1920395416714));
#16390=CARTESIAN_POINT('Ctrl Pts',(37.1849240790106,-2.,-14.1881641106553));
#16391=CARTESIAN_POINT('Ctrl Pts',(37.1849240790106,0.,-14.1881641106553));
#16392=CARTESIAN_POINT('Ctrl Pts',(37.325924893721,-2.,-14.1859992698379));
#16393=CARTESIAN_POINT('Ctrl Pts',(37.325924893721,0.,-14.1859992698379));
#16394=CARTESIAN_POINT('',(36.5871799344858,-2.,-14.3046897009559));
#16395=CARTESIAN_POINT('Ctrl Pts',(36.5871799344858,-2.,-14.3046897009559));
#16396=CARTESIAN_POINT('Ctrl Pts',(36.6929289327305,-2.,-14.2701931870791));
#16397=CARTESIAN_POINT('Ctrl Pts',(36.9325087853656,-2.,-14.1920395416714));
#16398=CARTESIAN_POINT('Ctrl Pts',(37.1849240790106,-2.,-14.1881641106553));
#16399=CARTESIAN_POINT('Ctrl Pts',(37.325924893721,-2.,-14.1859992698379));
#16400=CARTESIAN_POINT('',(36.5871799344858,0.,-14.3046897009559));
#16401=CARTESIAN_POINT('',(36.5871799344858,-2.,-14.3046897009559));
#16402=CARTESIAN_POINT('Ctrl Pts',(36.5871799344858,0.,-14.3046897009559));
#16403=CARTESIAN_POINT('Ctrl Pts',(36.6929289327305,0.,-14.2701931870791));
#16404=CARTESIAN_POINT('Ctrl Pts',(36.9325087853656,0.,-14.1920395416714));
#16405=CARTESIAN_POINT('Ctrl Pts',(37.1849240790106,0.,-14.1881641106553));
#16406=CARTESIAN_POINT('Ctrl Pts',(37.325924893721,0.,-14.1859992698379));
#16407=CARTESIAN_POINT('Ctrl Pts',(36.184042168661,-2.,-14.6280183747955));
#16408=CARTESIAN_POINT('Ctrl Pts',(36.184042168661,0.,-14.6280183747955));
#16409=CARTESIAN_POINT('Ctrl Pts',(36.2364599187542,-2.,-14.5620918351652));
#16410=CARTESIAN_POINT('Ctrl Pts',(36.2364599187542,0.,-14.5620918351652));
#16411=CARTESIAN_POINT('Ctrl Pts',(36.3462235534543,-2.,-14.4240405719927));
#16412=CARTESIAN_POINT('Ctrl Pts',(36.3462235534543,0.,-14.4240405719927));
#16413=CARTESIAN_POINT('Ctrl Pts',(36.5044925036367,-2.,-14.3456465615022));
#16414=CARTESIAN_POINT('Ctrl Pts',(36.5044925036367,0.,-14.3456465615022));
#16415=CARTESIAN_POINT('Ctrl Pts',(36.5871799344858,-2.,-14.3046897009559));
#16416=CARTESIAN_POINT('Ctrl Pts',(36.5871799344858,0.,-14.3046897009559));
#16417=CARTESIAN_POINT('',(36.184042168661,-2.,-14.6280183747955));
#16418=CARTESIAN_POINT('Ctrl Pts',(36.184042168661,-2.,-14.6280183747955));
#16419=CARTESIAN_POINT('Ctrl Pts',(36.2364599187542,-2.,-14.5620918351652));
#16420=CARTESIAN_POINT('Ctrl Pts',(36.3462235534543,-2.,-14.4240405719927));
#16421=CARTESIAN_POINT('Ctrl Pts',(36.5044925036367,-2.,-14.3456465615022));
#16422=CARTESIAN_POINT('Ctrl Pts',(36.5871799344858,-2.,-14.3046897009559));
#16423=CARTESIAN_POINT('',(36.184042168661,0.,-14.6280183747955));
#16424=CARTESIAN_POINT('',(36.184042168661,-2.,-14.6280183747955));
#16425=CARTESIAN_POINT('Ctrl Pts',(36.184042168661,0.,-14.6280183747955));
#16426=CARTESIAN_POINT('Ctrl Pts',(36.2364599187542,0.,-14.5620918351652));
#16427=CARTESIAN_POINT('Ctrl Pts',(36.3462235534543,0.,-14.4240405719927));
#16428=CARTESIAN_POINT('Ctrl Pts',(36.5044925036367,0.,-14.3456465615022));
#16429=CARTESIAN_POINT('Ctrl Pts',(36.5871799344858,0.,-14.3046897009559));
#16430=CARTESIAN_POINT('Ctrl Pts',(36.0510271395287,-2.,-15.0638984993644));
#16431=CARTESIAN_POINT('Ctrl Pts',(36.0510271395287,0.,-15.0638984993644));
#16432=CARTESIAN_POINT('Ctrl Pts',(36.0568811045688,-2.,-14.9874508254685));
#16433=CARTESIAN_POINT('Ctrl Pts',(36.0568811045688,0.,-14.9874508254685));
#16434=CARTESIAN_POINT('Ctrl Pts',(36.0687596544899,-2.,-14.8323273314759));
#16435=CARTESIAN_POINT('Ctrl Pts',(36.0687596544899,0.,-14.8323273314759));
#16436=CARTESIAN_POINT('Ctrl Pts',(36.1452484434504,-2.,-14.6967703930918));
#16437=CARTESIAN_POINT('Ctrl Pts',(36.1452484434504,0.,-14.6967703930918));
#16438=CARTESIAN_POINT('Ctrl Pts',(36.184042168661,-2.,-14.6280183747955));
#16439=CARTESIAN_POINT('Ctrl Pts',(36.184042168661,0.,-14.6280183747955));
#16440=CARTESIAN_POINT('',(36.0510271395287,-2.,-15.0638984993644));
#16441=CARTESIAN_POINT('Ctrl Pts',(36.0510271395287,-2.,-15.0638984993644));
#16442=CARTESIAN_POINT('Ctrl Pts',(36.0568811045688,-2.,-14.9874508254685));
#16443=CARTESIAN_POINT('Ctrl Pts',(36.0687596544899,-2.,-14.8323273314759));
#16444=CARTESIAN_POINT('Ctrl Pts',(36.1452484434504,-2.,-14.6967703930918));
#16445=CARTESIAN_POINT('Ctrl Pts',(36.184042168661,-2.,-14.6280183747955));
#16446=CARTESIAN_POINT('',(36.0510271395287,0.,-15.0638984993644));
#16447=CARTESIAN_POINT('',(36.0510271395287,-2.,-15.0638984993644));
#16448=CARTESIAN_POINT('Ctrl Pts',(36.0510271395287,0.,-15.0638984993644));
#16449=CARTESIAN_POINT('Ctrl Pts',(36.0568811045688,0.,-14.9874508254685));
#16450=CARTESIAN_POINT('Ctrl Pts',(36.0687596544899,0.,-14.8323273314759));
#16451=CARTESIAN_POINT('Ctrl Pts',(36.1452484434504,0.,-14.6967703930918));
#16452=CARTESIAN_POINT('Ctrl Pts',(36.184042168661,0.,-14.6280183747955));
#16453=CARTESIAN_POINT('Ctrl Pts',(36.312964407607,-2.,-15.643024976606));
#16454=CARTESIAN_POINT('Ctrl Pts',(36.312964407607,0.,-15.643024976606));
#16455=CARTESIAN_POINT('Ctrl Pts',(36.2365664406806,-2.,-15.561855607146));
#16456=CARTESIAN_POINT('Ctrl Pts',(36.2365664406806,0.,-15.561855607146));
#16457=CARTESIAN_POINT('Ctrl Pts',(36.0831059539395,-2.,-15.3988108109699));
#16458=CARTESIAN_POINT('Ctrl Pts',(36.0831059539395,0.,-15.3988108109699));
#16459=CARTESIAN_POINT('Ctrl Pts',(36.0617509033217,-2.,-15.1758577655343));
#16460=CARTESIAN_POINT('Ctrl Pts',(36.0617509033217,0.,-15.1758577655343));
#16461=CARTESIAN_POINT('Ctrl Pts',(36.0510271395287,-2.,-15.0638984993644));
#16462=CARTESIAN_POINT('Ctrl Pts',(36.0510271395287,0.,-15.0638984993644));
#16463=CARTESIAN_POINT('',(36.312964407607,-2.,-15.643024976606));
#16464=CARTESIAN_POINT('Ctrl Pts',(36.312964407607,-2.,-15.643024976606));
#16465=CARTESIAN_POINT('Ctrl Pts',(36.2365664406806,-2.,-15.561855607146));
#16466=CARTESIAN_POINT('Ctrl Pts',(36.0831059539395,-2.,-15.3988108109699));
#16467=CARTESIAN_POINT('Ctrl Pts',(36.0617509033217,-2.,-15.1758577655343));
#16468=CARTESIAN_POINT('Ctrl Pts',(36.0510271395287,-2.,-15.0638984993644));
#16469=CARTESIAN_POINT('',(36.312964407607,0.,-15.643024976606));
#16470=CARTESIAN_POINT('',(36.312964407607,-2.,-15.643024976606));
#16471=CARTESIAN_POINT('Ctrl Pts',(36.312964407607,0.,-15.643024976606));
#16472=CARTESIAN_POINT('Ctrl Pts',(36.2365664406806,0.,-15.561855607146));
#16473=CARTESIAN_POINT('Ctrl Pts',(36.0831059539395,0.,-15.3988108109699));
#16474=CARTESIAN_POINT('Ctrl Pts',(36.0617509033217,0.,-15.1758577655343));
#16475=CARTESIAN_POINT('Ctrl Pts',(36.0510271395287,0.,-15.0638984993644));
#16476=CARTESIAN_POINT('Ctrl Pts',(37.182677945002,-2.,-16.0072814778038));
#16477=CARTESIAN_POINT('Ctrl Pts',(37.182677945002,0.,-16.0072814778038));
#16478=CARTESIAN_POINT('Ctrl Pts',(37.0036031641297,-2.,-15.9653527240281));
#16479=CARTESIAN_POINT('Ctrl Pts',(37.0036031641297,0.,-15.9653527240281));
#16480=CARTESIAN_POINT('Ctrl Pts',(36.6923431969421,-2.,-15.8924739944779));
#16481=CARTESIAN_POINT('Ctrl Pts',(36.6923431969421,0.,-15.8924739944779));
#16482=CARTESIAN_POINT('Ctrl Pts',(36.4260522507286,-2.,-15.7173824583444));
#16483=CARTESIAN_POINT('Ctrl Pts',(36.4260522507286,0.,-15.7173824583444));
#16484=CARTESIAN_POINT('Ctrl Pts',(36.312964407607,-2.,-15.643024976606));
#16485=CARTESIAN_POINT('Ctrl Pts',(36.312964407607,0.,-15.643024976606));
#16486=CARTESIAN_POINT('',(37.182677945002,-2.,-16.0072814778038));
#16487=CARTESIAN_POINT('Ctrl Pts',(37.182677945002,-2.,-16.0072814778038));
#16488=CARTESIAN_POINT('Ctrl Pts',(37.0036031641297,-2.,-15.9653527240281));
#16489=CARTESIAN_POINT('Ctrl Pts',(36.6923431969421,-2.,-15.8924739944779));
#16490=CARTESIAN_POINT('Ctrl Pts',(36.4260522507286,-2.,-15.7173824583444));
#16491=CARTESIAN_POINT('Ctrl Pts',(36.312964407607,-2.,-15.643024976606));
#16492=CARTESIAN_POINT('',(37.182677945002,0.,-16.0072814778038));
#16493=CARTESIAN_POINT('',(37.182677945002,-2.,-16.0072814778038));
#16494=CARTESIAN_POINT('Ctrl Pts',(37.182677945002,0.,-16.0072814778038));
#16495=CARTESIAN_POINT('Ctrl Pts',(37.0036031641297,0.,-15.9653527240281));
#16496=CARTESIAN_POINT('Ctrl Pts',(36.6923431969421,0.,-15.8924739944779));
#16497=CARTESIAN_POINT('Ctrl Pts',(36.4260522507286,0.,-15.7173824583444));
#16498=CARTESIAN_POINT('Ctrl Pts',(36.312964407607,0.,-15.643024976606));
#16499=CARTESIAN_POINT('Ctrl Pts',(37.6574392224392,-2.,-16.1812245205589));
#16500=CARTESIAN_POINT('Ctrl Pts',(37.6574392224392,0.,-16.1812245205589));
#16501=CARTESIAN_POINT('Ctrl Pts',(37.6017787599634,-2.,-16.1489705997324));
#16502=CARTESIAN_POINT('Ctrl Pts',(37.6017787599634,0.,-16.1489705997324));
#16503=CARTESIAN_POINT('Ctrl Pts',(37.4544007670165,-2.,-16.0635685404497));
#16504=CARTESIAN_POINT('Ctrl Pts',(37.4544007670165,0.,-16.0635685404497));
#16505=CARTESIAN_POINT('Ctrl Pts',(37.2869113737652,-2.,-16.0288733098446));
#16506=CARTESIAN_POINT('Ctrl Pts',(37.2869113737652,0.,-16.0288733098446));
#16507=CARTESIAN_POINT('Ctrl Pts',(37.182677945002,-2.,-16.0072814778038));
#16508=CARTESIAN_POINT('Ctrl Pts',(37.182677945002,0.,-16.0072814778038));
#16509=CARTESIAN_POINT('',(37.6574392224392,-2.,-16.1812245205589));
#16510=CARTESIAN_POINT('Ctrl Pts',(37.6574392224392,-2.,-16.1812245205589));
#16511=CARTESIAN_POINT('Ctrl Pts',(37.6017787599634,-2.,-16.1489705997324));
#16512=CARTESIAN_POINT('Ctrl Pts',(37.4544007670165,-2.,-16.0635685404497));
#16513=CARTESIAN_POINT('Ctrl Pts',(37.2869113737652,-2.,-16.0288733098446));
#16514=CARTESIAN_POINT('Ctrl Pts',(37.182677945002,-2.,-16.0072814778038));
#16515=CARTESIAN_POINT('',(37.6574392224392,0.,-16.1812245205589));
#16516=CARTESIAN_POINT('',(37.6574392224392,-2.,-16.1812245205589));
#16517=CARTESIAN_POINT('Ctrl Pts',(37.6574392224392,0.,-16.1812245205589));
#16518=CARTESIAN_POINT('Ctrl Pts',(37.6017787599634,0.,-16.1489705997324));
#16519=CARTESIAN_POINT('Ctrl Pts',(37.4544007670165,0.,-16.0635685404497));
#16520=CARTESIAN_POINT('Ctrl Pts',(37.2869113737652,0.,-16.0288733098446));
#16521=CARTESIAN_POINT('Ctrl Pts',(37.182677945002,0.,-16.0072814778038));
#16522=CARTESIAN_POINT('Ctrl Pts',(37.7597583438,-2.,-16.3899558142372));
#16523=CARTESIAN_POINT('Ctrl Pts',(37.7597583438,0.,-16.3899558142372));
#16524=CARTESIAN_POINT('Ctrl Pts',(37.7547455322745,-2.,-16.3514437701567));
#16525=CARTESIAN_POINT('Ctrl Pts',(37.7547455322745,0.,-16.3514437701567));
#16526=CARTESIAN_POINT('Ctrl Pts',(37.7442239325537,-2.,-16.2706092304617));
#16527=CARTESIAN_POINT('Ctrl Pts',(37.7442239325537,0.,-16.2706092304617));
#16528=CARTESIAN_POINT('Ctrl Pts',(37.6872624924131,-2.,-16.2119412716024));
#16529=CARTESIAN_POINT('Ctrl Pts',(37.6872624924131,0.,-16.2119412716024));
#16530=CARTESIAN_POINT('Ctrl Pts',(37.6574392224392,-2.,-16.1812245205589));
#16531=CARTESIAN_POINT('Ctrl Pts',(37.6574392224392,0.,-16.1812245205589));
#16532=CARTESIAN_POINT('',(37.7597583438,-2.,-16.3899558142372));
#16533=CARTESIAN_POINT('Ctrl Pts',(37.7597583438,-2.,-16.3899558142372));
#16534=CARTESIAN_POINT('Ctrl Pts',(37.7547455322745,-2.,-16.3514437701567));
#16535=CARTESIAN_POINT('Ctrl Pts',(37.7442239325537,-2.,-16.2706092304617));
#16536=CARTESIAN_POINT('Ctrl Pts',(37.6872624924131,-2.,-16.2119412716024));
#16537=CARTESIAN_POINT('Ctrl Pts',(37.6574392224392,-2.,-16.1812245205589));
#16538=CARTESIAN_POINT('',(37.7597583438,0.,-16.3899558142372));
#16539=CARTESIAN_POINT('',(37.7597583438,-2.,-16.3899558142372));
#16540=CARTESIAN_POINT('Ctrl Pts',(37.7597583438,0.,-16.3899558142372));
#16541=CARTESIAN_POINT('Ctrl Pts',(37.7547455322745,0.,-16.3514437701567));
#16542=CARTESIAN_POINT('Ctrl Pts',(37.7442239325537,0.,-16.2706092304617));
#16543=CARTESIAN_POINT('Ctrl Pts',(37.6872624924131,0.,-16.2119412716024));
#16544=CARTESIAN_POINT('Ctrl Pts',(37.6574392224392,0.,-16.1812245205589));
#16545=CARTESIAN_POINT('Ctrl Pts',(37.651300093039,-2.,-16.6068726137825));
#16546=CARTESIAN_POINT('Ctrl Pts',(37.651300093039,0.,-16.6068726137825));
#16547=CARTESIAN_POINT('Ctrl Pts',(37.6829147619068,-2.,-16.5753004396255));
#16548=CARTESIAN_POINT('Ctrl Pts',(37.6829147619068,0.,-16.5753004396255));
#16549=CARTESIAN_POINT('Ctrl Pts',(37.7434292562289,-2.,-16.5148672855809));
#16550=CARTESIAN_POINT('Ctrl Pts',(37.7434292562289,0.,-16.5148672855809));
#16551=CARTESIAN_POINT('Ctrl Pts',(37.7544805786522,-2.,-16.430328762643));
#16552=CARTESIAN_POINT('Ctrl Pts',(37.7544805786522,0.,-16.430328762643));
#16553=CARTESIAN_POINT('Ctrl Pts',(37.7597583438,-2.,-16.3899558142372));
#16554=CARTESIAN_POINT('Ctrl Pts',(37.7597583438,0.,-16.3899558142372));
#16555=CARTESIAN_POINT('',(37.651300093039,-2.,-16.6068726137825));
#16556=CARTESIAN_POINT('Ctrl Pts',(37.651300093039,-2.,-16.6068726137825));
#16557=CARTESIAN_POINT('Ctrl Pts',(37.6829147619068,-2.,-16.5753004396255));
#16558=CARTESIAN_POINT('Ctrl Pts',(37.7434292562289,-2.,-16.5148672855809));
#16559=CARTESIAN_POINT('Ctrl Pts',(37.7544805786522,-2.,-16.430328762643));
#16560=CARTESIAN_POINT('Ctrl Pts',(37.7597583438,-2.,-16.3899558142372));
#16561=CARTESIAN_POINT('',(37.651300093039,0.,-16.6068726137825));
#16562=CARTESIAN_POINT('',(37.651300093039,-2.,-16.6068726137825));
#16563=CARTESIAN_POINT('Ctrl Pts',(37.651300093039,0.,-16.6068726137825));
#16564=CARTESIAN_POINT('Ctrl Pts',(37.6829147619068,0.,-16.5753004396255));
#16565=CARTESIAN_POINT('Ctrl Pts',(37.7434292562289,0.,-16.5148672855809));
#16566=CARTESIAN_POINT('Ctrl Pts',(37.7544805786522,0.,-16.430328762643));
#16567=CARTESIAN_POINT('Ctrl Pts',(37.7597583438,0.,-16.3899558142372));
#16568=CARTESIAN_POINT('Ctrl Pts',(37.3463886583885,-2.,-16.6989600018211));
#16569=CARTESIAN_POINT('Ctrl Pts',(37.3463886583885,0.,-16.6989600018211));
#16570=CARTESIAN_POINT('Ctrl Pts',(37.406643073279,-2.,-16.6967803957294));
#16571=CARTESIAN_POINT('Ctrl Pts',(37.406643073279,0.,-16.6967803957294));
#16572=CARTESIAN_POINT('Ctrl Pts',(37.5168450047372,-2.,-16.6927940189375));
#16573=CARTESIAN_POINT('Ctrl Pts',(37.5168450047372,0.,-16.6927940189375));
#16574=CARTESIAN_POINT('Ctrl Pts',(37.6093661505037,-2.,-16.633669838877));
#16575=CARTESIAN_POINT('Ctrl Pts',(37.6093661505037,0.,-16.633669838877));
#16576=CARTESIAN_POINT('Ctrl Pts',(37.651300093039,-2.,-16.6068726137825));
#16577=CARTESIAN_POINT('Ctrl Pts',(37.651300093039,0.,-16.6068726137825));
#16578=CARTESIAN_POINT('',(37.3463886583885,-2.,-16.6989600018211));
#16579=CARTESIAN_POINT('Ctrl Pts',(37.3463886583885,-2.,-16.6989600018211));
#16580=CARTESIAN_POINT('Ctrl Pts',(37.406643073279,-2.,-16.6967803957294));
#16581=CARTESIAN_POINT('Ctrl Pts',(37.5168450047372,-2.,-16.6927940189375));
#16582=CARTESIAN_POINT('Ctrl Pts',(37.6093661505037,-2.,-16.633669838877));
#16583=CARTESIAN_POINT('Ctrl Pts',(37.651300093039,-2.,-16.6068726137825));
#16584=CARTESIAN_POINT('',(37.3463886583885,0.,-16.6989600018211));
#16585=CARTESIAN_POINT('',(37.3463886583885,-2.,-16.6989600018211));
#16586=CARTESIAN_POINT('Ctrl Pts',(37.3463886583885,0.,-16.6989600018211));
#16587=CARTESIAN_POINT('Ctrl Pts',(37.406643073279,0.,-16.6967803957294));
#16588=CARTESIAN_POINT('Ctrl Pts',(37.5168450047372,0.,-16.6927940189375));
#16589=CARTESIAN_POINT('Ctrl Pts',(37.6093661505037,0.,-16.633669838877));
#16590=CARTESIAN_POINT('Ctrl Pts',(37.651300093039,0.,-16.6068726137825));
#16591=CARTESIAN_POINT('Ctrl Pts',(36.9371117259106,-2.,-16.516831453199));
#16592=CARTESIAN_POINT('Ctrl Pts',(36.9371117259106,0.,-16.516831453199));
#16593=CARTESIAN_POINT('Ctrl Pts',(36.9916376322991,-2.,-16.5699287606587));
#16594=CARTESIAN_POINT('Ctrl Pts',(36.9916376322991,0.,-16.5699287606587));
#16595=CARTESIAN_POINT('Ctrl Pts',(37.1052582218414,-2.,-16.6805724487011));
#16596=CARTESIAN_POINT('Ctrl Pts',(37.1052582218414,0.,-16.6805724487011));
#16597=CARTESIAN_POINT('Ctrl Pts',(37.2638856664756,-2.,-16.692668684275));
#16598=CARTESIAN_POINT('Ctrl Pts',(37.2638856664756,0.,-16.692668684275));
#16599=CARTESIAN_POINT('Ctrl Pts',(37.3463886583885,-2.,-16.6989600018211));
#16600=CARTESIAN_POINT('Ctrl Pts',(37.3463886583885,0.,-16.6989600018211));
#16601=CARTESIAN_POINT('',(36.9371117259106,-2.,-16.516831453199));
#16602=CARTESIAN_POINT('Ctrl Pts',(36.9371117259106,-2.,-16.516831453199));
#16603=CARTESIAN_POINT('Ctrl Pts',(36.9916376322991,-2.,-16.5699287606587));
#16604=CARTESIAN_POINT('Ctrl Pts',(37.1052582218414,-2.,-16.6805724487011));
#16605=CARTESIAN_POINT('Ctrl Pts',(37.2638856664756,-2.,-16.692668684275));
#16606=CARTESIAN_POINT('Ctrl Pts',(37.3463886583885,-2.,-16.6989600018211));
#16607=CARTESIAN_POINT('',(36.9371117259106,0.,-16.516831453199));
#16608=CARTESIAN_POINT('',(36.9371117259106,-2.,-16.516831453199));
#16609=CARTESIAN_POINT('Ctrl Pts',(36.9371117259106,0.,-16.516831453199));
#16610=CARTESIAN_POINT('Ctrl Pts',(36.9916376322991,0.,-16.5699287606587));
#16611=CARTESIAN_POINT('Ctrl Pts',(37.1052582218414,0.,-16.6805724487011));
#16612=CARTESIAN_POINT('Ctrl Pts',(37.2638856664756,0.,-16.692668684275));
#16613=CARTESIAN_POINT('Ctrl Pts',(37.3463886583885,0.,-16.6989600018211));
#16614=CARTESIAN_POINT('Ctrl Pts',(36.8204678202709,-2.,-16.1894100264259));
#16615=CARTESIAN_POINT('Ctrl Pts',(36.8204678202709,0.,-16.1894100264259));
#16616=CARTESIAN_POINT('Ctrl Pts',(36.8305841456439,-2.,-16.2541375702243));
#16617=CARTESIAN_POINT('Ctrl Pts',(36.8305841456439,0.,-16.2541375702243));
#16618=CARTESIAN_POINT('Ctrl Pts',(36.8488419738059,-2.,-16.3709570998898));
#16619=CARTESIAN_POINT('Ctrl Pts',(36.8488419738059,0.,-16.3709570998898));
#16620=CARTESIAN_POINT('Ctrl Pts',(36.9098895044733,-2.,-16.4718440837648));
#16621=CARTESIAN_POINT('Ctrl Pts',(36.9098895044733,0.,-16.4718440837648));
#16622=CARTESIAN_POINT('Ctrl Pts',(36.9371117259106,-2.,-16.516831453199));
#16623=CARTESIAN_POINT('Ctrl Pts',(36.9371117259106,0.,-16.516831453199));
#16624=CARTESIAN_POINT('',(36.8204678202709,-2.,-16.1894100264259));
#16625=CARTESIAN_POINT('Ctrl Pts',(36.8204678202709,-2.,-16.1894100264259));
#16626=CARTESIAN_POINT('Ctrl Pts',(36.8305841456439,-2.,-16.2541375702243));
#16627=CARTESIAN_POINT('Ctrl Pts',(36.8488419738059,-2.,-16.3709570998898));
#16628=CARTESIAN_POINT('Ctrl Pts',(36.9098895044733,-2.,-16.4718440837648));
#16629=CARTESIAN_POINT('Ctrl Pts',(36.9371117259106,-2.,-16.516831453199));
#16630=CARTESIAN_POINT('',(36.8204678202709,0.,-16.1894100264259));
#16631=CARTESIAN_POINT('',(36.8204678202709,-2.,-16.1894100264259));
#16632=CARTESIAN_POINT('Ctrl Pts',(36.8204678202709,0.,-16.1894100264259));
#16633=CARTESIAN_POINT('Ctrl Pts',(36.8305841456439,0.,-16.2541375702243));
#16634=CARTESIAN_POINT('Ctrl Pts',(36.8488419738059,0.,-16.3709570998898));
#16635=CARTESIAN_POINT('Ctrl Pts',(36.9098895044733,0.,-16.4718440837648));
#16636=CARTESIAN_POINT('Ctrl Pts',(36.9371117259106,0.,-16.516831453199));
#16637=CARTESIAN_POINT('Origin',(35.9384759775093,-2.,-16.2446623400398));
#16638=CARTESIAN_POINT('',(35.9384759775093,-2.,-16.2446623400398));
#16639=CARTESIAN_POINT('',(27.6019602166646,-2.,-16.7669027519501));
#16640=CARTESIAN_POINT('',(35.9384759775093,0.,-16.2446623400398));
#16641=CARTESIAN_POINT('',(35.9384759775093,-2.,-16.2446623400398));
#16642=CARTESIAN_POINT('',(35.9384759775093,0.,-16.2446623400398));
#16643=CARTESIAN_POINT('Ctrl Pts',(36.2720366920075,-2.,-16.9936394051262));
#16644=CARTESIAN_POINT('Ctrl Pts',(36.2720366920075,0.,-16.9936394051262));
#16645=CARTESIAN_POINT('Ctrl Pts',(36.1843291199767,-2.,-16.8869783470161));
#16646=CARTESIAN_POINT('Ctrl Pts',(36.1843291199767,0.,-16.8869783470161));
#16647=CARTESIAN_POINT('Ctrl Pts',(36.0044826794324,-2.,-16.668267337218));
#16648=CARTESIAN_POINT('Ctrl Pts',(36.0044826794324,0.,-16.668267337218));
#16649=CARTESIAN_POINT('Ctrl Pts',(35.9608366809259,-2.,-16.3881645213594));
#16650=CARTESIAN_POINT('Ctrl Pts',(35.9608366809259,0.,-16.3881645213594));
#16651=CARTESIAN_POINT('Ctrl Pts',(35.9384759775093,-2.,-16.2446623400398));
#16652=CARTESIAN_POINT('Ctrl Pts',(35.9384759775093,0.,-16.2446623400398));
#16653=CARTESIAN_POINT('Ctrl Pts',(36.2720366920075,-2.,-16.9936394051262));
#16654=CARTESIAN_POINT('Ctrl Pts',(36.1843291199767,-2.,-16.8869783470161));
#16655=CARTESIAN_POINT('Ctrl Pts',(36.0044826794324,-2.,-16.668267337218));
#16656=CARTESIAN_POINT('Ctrl Pts',(35.9608366809259,-2.,-16.3881645213594));
#16657=CARTESIAN_POINT('Ctrl Pts',(35.9384759775093,-2.,-16.2446623400398));
#16658=CARTESIAN_POINT('Ctrl Pts',(36.2720366920075,0.,-16.9936394051262));
#16659=CARTESIAN_POINT('Ctrl Pts',(36.1843291199767,0.,-16.8869783470161));
#16660=CARTESIAN_POINT('Ctrl Pts',(36.0044826794324,0.,-16.668267337218));
#16661=CARTESIAN_POINT('Ctrl Pts',(35.9608366809259,0.,-16.3881645213594));
#16662=CARTESIAN_POINT('Ctrl Pts',(35.9384759775093,0.,-16.2446623400398));
#16663=CARTESIAN_POINT('Origin',(47.0319274374014,0.,-19.0799278870769));
#16664=CARTESIAN_POINT('Origin',(18.6051941833533,-2.,-6.74957809576175));
#16665=CARTESIAN_POINT('',(-40.8248058166467,-2.,19.2554219042382));
#16666=CARTESIAN_POINT('',(-35.8248058166467,-2.,24.2554219042382));
#16667=CARTESIAN_POINT('Origin',(-35.8248058166467,-2.,19.2554219042382));
#16668=CARTESIAN_POINT('',(-40.8248058166467,-2.,-32.7545780957618));
#16669=CARTESIAN_POINT('',(-40.8248058166467,-2.,24.2554219042382));
#16670=CARTESIAN_POINT('',(-35.8248058166467,-2.,-37.7545780957618));
#16671=CARTESIAN_POINT('Origin',(-35.8248058166467,-2.,-32.7545780957618));
#16672=CARTESIAN_POINT('',(73.0351941833533,-2.,-37.7545780957618));
#16673=CARTESIAN_POINT('',(-40.8248058166467,-2.,-37.7545780957618));
#16674=CARTESIAN_POINT('',(78.0351941833533,-2.,-32.7545780957618));
#16675=CARTESIAN_POINT('Origin',(73.0351941833533,-2.,-32.7545780957618));
#16676=CARTESIAN_POINT('',(78.0351941833533,-2.,19.2554219042382));
#16677=CARTESIAN_POINT('',(78.0351941833533,-2.,-37.7545780957618));
#16678=CARTESIAN_POINT('',(73.0351941833533,-2.,24.2554219042382));
#16679=CARTESIAN_POINT('Origin',(73.0351941833533,-2.,19.2554219042382));
#16680=CARTESIAN_POINT('',(78.0351941833533,-2.,24.2554219042382));
#16681=CARTESIAN_POINT('',(-38.8248058166467,-2.,-32.7545780957618));
#16682=CARTESIAN_POINT('Origin',(-35.8248058166467,-2.,-32.7545780957618));
#16683=CARTESIAN_POINT('',(70.0351941833533,-2.,19.2554219042382));
#16684=CARTESIAN_POINT('Origin',(73.0351941833533,-2.,19.2554219042382));
#16685=CARTESIAN_POINT('',(-38.8248058166467,-2.,19.2554219042382));
#16686=CARTESIAN_POINT('Origin',(-35.8248058166467,-2.,19.2554219042382));
#16687=CARTESIAN_POINT('',(70.0353218390342,-2.,-32.7545780957618));
#16688=CARTESIAN_POINT('Origin',(73.0351941833533,-2.,-32.7545780957618));
#16689=CARTESIAN_POINT('Origin',(18.6051941833533,-2.,-6.74957809576175));
#16690=CARTESIAN_POINT('Origin',(18.6051941833533,-2.,-6.74957809576175));
#16691=CARTESIAN_POINT('Origin',(18.6051941833533,-2.,-6.74957809576175));
#16692=CARTESIAN_POINT('Origin',(18.6051941833533,-2.,-6.74957809576175));
#16693=CARTESIAN_POINT('Origin',(18.6051941833533,-2.,-6.74957809576175));
#16694=CARTESIAN_POINT('Origin',(-40.8248058166467,0.,24.2554219042382));
#16695=CARTESIAN_POINT('',(-35.8248058166467,13.,24.2554219042382));
#16696=CARTESIAN_POINT('',(-35.8248058166467,0.,24.2554219042382));
#16697=CARTESIAN_POINT('',(73.0351941833533,13.,24.2554219042382));
#16698=CARTESIAN_POINT('',(73.0351941833533,0.,24.2554219042382));
#16699=CARTESIAN_POINT('',(78.0351941833533,13.,24.2554219042382));
#16700=CARTESIAN_POINT('Origin',(18.6051941833533,-2.,-6.74957809576175));
#16701=CARTESIAN_POINT('Origin',(78.0351941833533,0.,24.2554219042382));
#16702=CARTESIAN_POINT('',(78.0351941833533,13.,19.2554219042382));
#16703=CARTESIAN_POINT('',(78.0351941833533,0.,19.2554219042382));
#16704=CARTESIAN_POINT('',(78.0351941833533,13.,-32.7545780957618));
#16705=CARTESIAN_POINT('',(78.0351941833533,0.,-32.7545780957618));
#16706=CARTESIAN_POINT('',(78.0351941833533,13.,-37.7545780957618));
#16707=CARTESIAN_POINT('Origin',(-40.8248058166467,0.,-37.7545780957618));
#16708=CARTESIAN_POINT('',(-40.8248058166467,13.,19.2554219042382));
#16709=CARTESIAN_POINT('',(-40.8248058166467,0.,19.2554219042382));
#16710=CARTESIAN_POINT('',(-40.8248058166467,13.,-32.7545780957618));
#16711=CARTESIAN_POINT('',(-40.8248058166467,13.,24.2554219042382));
#16712=CARTESIAN_POINT('',(-40.8248058166467,0.,-32.7545780957618));
#16713=CARTESIAN_POINT('Origin',(73.0351941833533,0.,19.2554219042382));
#16714=CARTESIAN_POINT('',(71.3351941833533,3.1,19.2554219042382));
#16715=CARTESIAN_POINT('Origin',(73.0351941833533,3.1,19.2554219042382));
#16716=CARTESIAN_POINT('',(71.3351941833533,10.,19.2554219042382));
#16717=CARTESIAN_POINT('',(71.3351941833533,0.,19.2554219042382));
#16718=CARTESIAN_POINT('Origin',(73.0351941833533,10.,19.2554219042382));
#16719=CARTESIAN_POINT('Origin',(73.0351941833533,10.,19.2554219042382));
#16720=CARTESIAN_POINT('',(70.0351941833533,10.,19.2554219042382));
#16721=CARTESIAN_POINT('Origin',(73.0351941833533,10.,19.2554219042382));
#16722=CARTESIAN_POINT('Origin',(73.0351941833533,0.,19.2554219042382));
#16723=CARTESIAN_POINT('Origin',(73.0351941833533,13.,19.2554219042382));
#16724=CARTESIAN_POINT('Origin',(73.0351941833533,13.,19.2554219042382));
#16725=CARTESIAN_POINT('',(73.0351941833533,13.,-37.7545780957618));
#16726=CARTESIAN_POINT('Origin',(73.0351941833533,13.,-32.7545780957618));
#16727=CARTESIAN_POINT('',(-10.5298058166467,13.,-37.7545780957618));
#16728=CARTESIAN_POINT('',(-40.8248058166467,13.,-37.7545780957618));
#16729=CARTESIAN_POINT('',(-10.5298058166467,13.,-28.2545780957618));
#16730=CARTESIAN_POINT('',(-10.5298058166467,13.,-4.51335889787959));
#16731=CARTESIAN_POINT('',(67.5351941833534,13.,-28.2545780957618));
#16732=CARTESIAN_POINT('',(-31.3248058166467,13.,-28.2545780957618));
#16733=CARTESIAN_POINT('',(67.5351941833534,13.,13.7554219042382));
#16734=CARTESIAN_POINT('',(67.5351941833534,13.,-28.2545780957618));
#16735=CARTESIAN_POINT('',(-31.3248058166467,13.,13.7554219042382));
#16736=CARTESIAN_POINT('',(67.5351941833534,13.,13.7554219042382));
#16737=CARTESIAN_POINT('',(-31.3248058166467,13.,-28.2545780957618));
#16738=CARTESIAN_POINT('',(-31.3248058166467,13.,13.7554219042382));
#16739=CARTESIAN_POINT('',(-29.0298058166467,13.,-28.2545780957618));
#16740=CARTESIAN_POINT('',(-31.3248058166467,13.,-28.2545780957618));
#16741=CARTESIAN_POINT('',(-29.0298058166467,13.,-37.7545780957618));
#16742=CARTESIAN_POINT('',(-29.0298058166467,13.,-4.51335889787959));
#16743=CARTESIAN_POINT('',(-35.8248058166467,13.,-37.7545780957618));
#16744=CARTESIAN_POINT('',(-40.8248058166467,13.,-37.7545780957618));
#16745=CARTESIAN_POINT('Origin',(-35.8248058166467,13.,-32.7545780957618));
#16746=CARTESIAN_POINT('Origin',(-35.8248058166467,13.,19.2554219042382));
#16747=CARTESIAN_POINT('',(71.5079993261427,13.,-32.7545780957618));
#16748=CARTESIAN_POINT('Origin',(73.0351941833533,13.,-32.7545780957618));
#16749=CARTESIAN_POINT('',(-37.3520006738573,13.,19.2554219042382));
#16750=CARTESIAN_POINT('Origin',(-35.8248058166467,13.,19.2554219042382));
#16751=CARTESIAN_POINT('',(-37.3520006738573,13.,-32.7545780957618));
#16752=CARTESIAN_POINT('Origin',(-35.8248058166467,13.,-32.7545780957618));
#16753=CARTESIAN_POINT('',(71.5079993261427,13.,19.2554219042382));
#16754=CARTESIAN_POINT('Origin',(73.0351941833533,13.,19.2554219042382));
#16755=CARTESIAN_POINT('Origin',(73.0351941833533,0.,-32.7545780957618));
#16756=CARTESIAN_POINT('',(73.0351941833533,0.,-37.7545780957618));
#16757=CARTESIAN_POINT('Origin',(-35.8248058166467,0.,19.2554219042382));
#16758=CARTESIAN_POINT('Origin',(-35.8248058166467,0.,-32.7545780957618));
#16759=CARTESIAN_POINT('',(-35.8248058166467,0.,-37.7545780957618));
#16760=CARTESIAN_POINT('Origin',(-29.0298058166467,13.,-28.2821396999974));
#16761=CARTESIAN_POINT('',(-29.0298058166467,5.5,-28.2545780957618));
#16762=CARTESIAN_POINT('',(-29.0298058166467,6.5,-28.2545780957618));
#16763=CARTESIAN_POINT('',(-29.0298058166467,5.5,-37.7545780957618));
#16764=CARTESIAN_POINT('',(-29.0298058166467,5.5,-28.2821396999974));
#16765=CARTESIAN_POINT('',(-29.0298058166467,6.5,-37.7545780957618));
#16766=CARTESIAN_POINT('Origin',(-10.5298058166467,13.,-37.7545780957618));
#16767=CARTESIAN_POINT('',(-10.5298058166467,5.5,-37.7545780957618));
#16768=CARTESIAN_POINT('',(-10.5298058166467,6.5,-37.7545780957618));
#16769=CARTESIAN_POINT('',(-10.5298058166467,5.5,-28.2545780957618));
#16770=CARTESIAN_POINT('',(-10.5298058166467,5.5,-28.2821396999974));
#16771=CARTESIAN_POINT('',(-10.5298058166467,2.75,-28.2545780957618));
#16772=CARTESIAN_POINT('Origin',(-19.7798058166467,5.5,-33.0183588978796));
#16773=CARTESIAN_POINT('',(29.1276941833533,5.5,-37.7545780957618));
#16774=CARTESIAN_POINT('',(-30.1773058166467,5.5,-28.2545780957618));
#16775=CARTESIAN_POINT('Origin',(78.0351941833533,0.,-37.7545780957618));
#16776=CARTESIAN_POINT('Origin',(18.1051941833533,3.,-7.24957809576175));
#16777=CARTESIAN_POINT('',(67.5351941833534,3.,13.7554219042382));
#16778=CARTESIAN_POINT('',(-31.3248058166467,3.,13.7554219042382));
#16779=CARTESIAN_POINT('',(42.8201941833533,3.,13.7554219042382));
#16780=CARTESIAN_POINT('',(67.5351941833534,3.,-28.2545780957618));
#16781=CARTESIAN_POINT('',(67.5351941833534,3.,-17.7520780957618));
#16782=CARTESIAN_POINT('',(-31.3248058166467,3.,-28.2545780957618));
#16783=CARTESIAN_POINT('',(-6.60980581664667,3.,-28.2545780957618));
#16784=CARTESIAN_POINT('',(-31.3248058166467,3.,3.25292190423825));
#16785=CARTESIAN_POINT('Origin',(-31.3248058166467,0.,-28.2545780957618));
#16786=CARTESIAN_POINT('',(-31.3248058166467,0.,-28.2545780957618));
#16787=CARTESIAN_POINT('',(67.5351941833534,0.,-28.2545780957618));
#16788=CARTESIAN_POINT('Origin',(67.5351941833534,0.,-28.2545780957618));
#16789=CARTESIAN_POINT('',(67.5351941833534,0.,13.7554219042382));
#16790=CARTESIAN_POINT('Origin',(73.0351941833533,0.,19.2554219042382));
#16791=CARTESIAN_POINT('',(70.0351941833533,0.,19.2554219042382));
#16792=CARTESIAN_POINT('Origin',(73.0351941833533,0.,-32.7545780957618));
#16793=CARTESIAN_POINT('',(70.0353218390342,3.1,-32.7545780957618));
#16794=CARTESIAN_POINT('Origin',(73.0351941833533,3.1,-32.7545780957618));
#16795=CARTESIAN_POINT('',(70.0353218390342,0.,-32.7545780957618));
#16796=CARTESIAN_POINT('Origin',(-35.8248058166467,0.,-32.7545780957618));
#16797=CARTESIAN_POINT('',(-38.8248058166467,3.1,-32.7545780957618));
#16798=CARTESIAN_POINT('Origin',(-35.8248058166467,3.1,-32.7545780957618));
#16799=CARTESIAN_POINT('',(-38.8248058166467,0.,-32.7545780957618));
#16800=CARTESIAN_POINT('Origin',(-35.8248058166467,0.,19.2554219042382));
#16801=CARTESIAN_POINT('',(-38.8248058166467,3.1,19.2554219042382));
#16802=CARTESIAN_POINT('Origin',(-35.8248058166467,3.1,19.2554219042382));
#16803=CARTESIAN_POINT('',(-38.8248058166467,0.,19.2554219042382));
#16804=CARTESIAN_POINT('Origin',(-31.3248058166467,0.,13.7554219042382));
#16805=CARTESIAN_POINT('',(-31.3248058166467,0.,13.7554219042382));
#16806=CARTESIAN_POINT('Origin',(67.5351941833534,0.,13.7554219042382));
#16807=CARTESIAN_POINT('Origin',(-35.8248058166467,3.1,19.2554219042382));
#16808=CARTESIAN_POINT('',(-37.5248058166467,3.1,19.2554219042382));
#16809=CARTESIAN_POINT('Origin',(-35.8248058166467,3.1,19.2554219042382));
#16810=CARTESIAN_POINT('',(-37.5248058166467,3.1,19.2554219042382));
#16811=CARTESIAN_POINT('Origin',(-35.8248058166467,3.1,19.2554219042382));
#16812=CARTESIAN_POINT('Origin',(-35.8248058166467,3.1,-32.7545780957618));
#16813=CARTESIAN_POINT('',(-37.5248058166467,3.1,-32.7545780957618));
#16814=CARTESIAN_POINT('Origin',(-35.8248058166467,3.1,-32.7545780957618));
#16815=CARTESIAN_POINT('',(-37.5248058166467,3.1,-32.7545780957618));
#16816=CARTESIAN_POINT('Origin',(-35.8248058166467,3.1,-32.7545780957618));
#16817=CARTESIAN_POINT('Origin',(73.0351941833533,3.1,-32.7545780957618));
#16818=CARTESIAN_POINT('',(71.3351941833533,3.1,-32.7545780957618));
#16819=CARTESIAN_POINT('Origin',(73.0351941833533,3.1,-32.7545780957618));
#16820=CARTESIAN_POINT('',(71.3351941833533,3.1,-32.7545780957618));
#16821=CARTESIAN_POINT('Origin',(73.0351941833533,3.1,-32.7545780957618));
#16822=CARTESIAN_POINT('Origin',(73.0351941833533,3.1,19.2554219042382));
#16823=CARTESIAN_POINT('',(71.3351941833533,3.1,19.2554219042382));
#16824=CARTESIAN_POINT('Origin',(73.0351941833533,3.1,-32.7545780957618));
#16825=CARTESIAN_POINT('',(71.3351941833533,13.,-32.7545780957618));
#16826=CARTESIAN_POINT('Origin',(73.0351941833533,13.,-32.7545780957618));
#16827=CARTESIAN_POINT('',(71.3351941833533,3.1,-32.7545780957618));
#16828=CARTESIAN_POINT('',(71.3351941833533,3.1,-32.7545780957618));
#16829=CARTESIAN_POINT('Origin',(73.0351941833533,3.1,-32.7545780957618));
#16830=CARTESIAN_POINT('Origin',(73.0351941833533,3.1,-32.7545780957618));
#16831=CARTESIAN_POINT('',(70.0353218390342,13.,-32.7545780957618));
#16832=CARTESIAN_POINT('Origin',(73.0351941833533,13.,-32.7545780957618));
#16833=CARTESIAN_POINT('',(70.0353218390342,3.1,-32.7545780957618));
#16834=CARTESIAN_POINT('',(70.0353218390342,3.1,-32.7545780957618));
#16835=CARTESIAN_POINT('Origin',(73.0351941833533,3.1,-32.7545780957618));
#16836=CARTESIAN_POINT('Origin',(73.0351941833533,13.,-32.7545780957618));
#16837=CARTESIAN_POINT('Origin',(73.0351941833533,3.1,-32.7545780957618));
#16838=CARTESIAN_POINT('Origin',(-35.8248058166467,3.1,19.2554219042382));
#16839=CARTESIAN_POINT('',(-37.5248058166467,13.,19.2554219042382));
#16840=CARTESIAN_POINT('Origin',(-35.8248058166467,13.,19.2554219042382));
#16841=CARTESIAN_POINT('',(-37.5248058166467,3.1,19.2554219042382));
#16842=CARTESIAN_POINT('',(-37.5248058166467,3.1,19.2554219042382));
#16843=CARTESIAN_POINT('Origin',(-35.8248058166467,3.1,19.2554219042382));
#16844=CARTESIAN_POINT('Origin',(-35.8248058166467,3.1,19.2554219042382));
#16845=CARTESIAN_POINT('',(-38.8248058166467,13.,19.2554219042382));
#16846=CARTESIAN_POINT('Origin',(-35.8248058166467,13.,19.2554219042382));
#16847=CARTESIAN_POINT('',(-38.8248058166467,3.1,19.2554219042382));
#16848=CARTESIAN_POINT('',(-38.8248058166467,3.1,19.2554219042382));
#16849=CARTESIAN_POINT('Origin',(-35.8248058166467,3.1,19.2554219042382));
#16850=CARTESIAN_POINT('Origin',(-35.8248058166467,13.,19.2554219042382));
#16851=CARTESIAN_POINT('Origin',(-35.8248058166467,3.1,19.2554219042382));
#16852=CARTESIAN_POINT('Origin',(73.0351941833533,10.,19.2554219042382));
#16853=CARTESIAN_POINT('',(70.0351941833533,10.,19.2554219042382));
#16854=CARTESIAN_POINT('Origin',(73.0351941833533,10.,19.2554219042382));
#16855=CARTESIAN_POINT('',(71.3351941833533,10.,19.2554219042382));
#16856=CARTESIAN_POINT('Origin',(73.0351941833533,10.,19.2554219042382));
#16857=CARTESIAN_POINT('Origin',(73.0351941833533,3.1,19.2554219042382));
#16858=CARTESIAN_POINT('',(71.3351941833533,13.,19.2554219042382));
#16859=CARTESIAN_POINT('Origin',(73.0351941833533,13.,19.2554219042382));
#16860=CARTESIAN_POINT('',(71.3351941833533,3.1,19.2554219042382));
#16861=CARTESIAN_POINT('Origin',(73.0351941833533,3.1,19.2554219042382));
#16862=CARTESIAN_POINT('',(70.0351941833533,13.,19.2554219042382));
#16863=CARTESIAN_POINT('Origin',(73.0351941833533,13.,19.2554219042382));
#16864=CARTESIAN_POINT('',(70.0351941833533,3.1,19.2554219042382));
#16865=CARTESIAN_POINT('Origin',(73.0351941833533,13.,19.2554219042382));
#16866=CARTESIAN_POINT('',(0.,0.,0.));
#16867=CARTESIAN_POINT('',(0.,0.,0.));
#16868=CARTESIAN_POINT('',(0.,0.,0.));
#16869=CARTESIAN_POINT('Origin',(245.96875,-101.0125,0.));
#16870=CARTESIAN_POINT('',(245.96875,-101.0125,0.));
#16871=CARTESIAN_POINT('',(245.96875,-101.0125,1.51));
#16872=CARTESIAN_POINT('',(245.96875,-101.0125,0.));
#16873=CARTESIAN_POINT('',(147.1,-101.0125,1.51));
#16874=CARTESIAN_POINT('',(245.96875,-101.0125,1.51));
#16875=CARTESIAN_POINT('',(147.1,-101.0125,0.));
#16876=CARTESIAN_POINT('',(147.1,-101.0125,0.));
#16877=CARTESIAN_POINT('',(245.96875,-101.0125,0.));
#16878=CARTESIAN_POINT('Origin',(245.96875,-59.,0.));
#16879=CARTESIAN_POINT('',(245.96875,-59.,0.));
#16880=CARTESIAN_POINT('',(245.96875,-59.,1.51));
#16881=CARTESIAN_POINT('',(245.96875,-59.,0.));
#16882=CARTESIAN_POINT('',(245.96875,-59.,1.51));
#16883=CARTESIAN_POINT('',(245.96875,-59.,0.));
#16884=CARTESIAN_POINT('Origin',(147.1,-101.0125,0.));
#16885=CARTESIAN_POINT('',(147.1,-59.,1.51));
#16886=CARTESIAN_POINT('',(147.1,-101.0125,1.51));
#16887=CARTESIAN_POINT('',(147.1,-59.,0.));
#16888=CARTESIAN_POINT('',(147.1,-59.,0.));
#16889=CARTESIAN_POINT('',(147.1,-101.0125,0.));
#16890=CARTESIAN_POINT('Origin',(0.,0.,0.));
#16891=CARTESIAN_POINT('',(147.1,-59.,0.));
#16892=CARTESIAN_POINT('',(153.035,-90.11375,0.));
#16893=CARTESIAN_POINT('Origin',(153.035,-90.96375,0.));
#16894=CARTESIAN_POINT('',(158.115,-88.96375,0.));
#16895=CARTESIAN_POINT('Origin',(158.115,-90.96375,0.));
#16896=CARTESIAN_POINT('',(163.195,-90.11375,0.));
#16897=CARTESIAN_POINT('Origin',(163.195,-90.96375,0.));
#16898=CARTESIAN_POINT('',(172.085,-90.11375,0.));
#16899=CARTESIAN_POINT('Origin',(172.085,-90.96375,0.));
#16900=CARTESIAN_POINT('',(154.305,-87.67375,0.));
#16901=CARTESIAN_POINT('Origin',(154.305,-88.42375,0.));
#16902=CARTESIAN_POINT('',(160.655,-85.13375,0.));
#16903=CARTESIAN_POINT('Origin',(160.655,-85.88375,0.));
#16904=CARTESIAN_POINT('',(177.165,-88.96375,0.));
#16905=CARTESIAN_POINT('Origin',(177.165,-90.96375,0.));
#16906=CARTESIAN_POINT('',(182.245,-90.11375,0.));
#16907=CARTESIAN_POINT('Origin',(182.245,-90.96375,0.));
#16908=CARTESIAN_POINT('',(190.8175,-90.11375,0.));
#16909=CARTESIAN_POINT('Origin',(190.8175,-90.96375,0.));
#16910=CARTESIAN_POINT('',(173.355,-87.67375,0.));
#16911=CARTESIAN_POINT('Origin',(173.355,-88.42375,0.));
#16912=CARTESIAN_POINT('',(179.705,-85.13375,0.));
#16913=CARTESIAN_POINT('Origin',(179.705,-85.88375,0.));
#16914=CARTESIAN_POINT('',(192.0875,-87.67375,0.));
#16915=CARTESIAN_POINT('Origin',(192.0875,-88.42375,0.));
#16916=CARTESIAN_POINT('',(195.8975,-88.96375,0.));
#16917=CARTESIAN_POINT('Origin',(195.8975,-90.96375,0.));
#16918=CARTESIAN_POINT('',(200.9775,-90.11375,0.));
#16919=CARTESIAN_POINT('Origin',(200.9775,-90.96375,0.));
#16920=CARTESIAN_POINT('',(210.185,-90.11375,0.));
#16921=CARTESIAN_POINT('Origin',(210.185,-90.96375,0.));
#16922=CARTESIAN_POINT('',(215.265,-88.96375,0.));
#16923=CARTESIAN_POINT('Origin',(215.265,-90.96375,0.));
#16924=CARTESIAN_POINT('',(198.4375,-85.13375,0.));
#16925=CARTESIAN_POINT('Origin',(198.4375,-85.88375,0.));
#16926=CARTESIAN_POINT('',(211.455,-87.67375,0.));
#16927=CARTESIAN_POINT('Origin',(211.455,-88.42375,0.));
#16928=CARTESIAN_POINT('',(220.345,-90.11375,0.));
#16929=CARTESIAN_POINT('Origin',(220.345,-90.96375,0.));
#16930=CARTESIAN_POINT('',(229.235,-90.11375,0.));
#16931=CARTESIAN_POINT('Origin',(229.235,-90.96375,0.));
#16932=CARTESIAN_POINT('',(234.315,-88.96375,0.));
#16933=CARTESIAN_POINT('Origin',(234.315,-90.96375,0.));
#16934=CARTESIAN_POINT('',(239.395,-90.11375,0.));
#16935=CARTESIAN_POINT('Origin',(239.395,-90.96375,0.));
#16936=CARTESIAN_POINT('',(217.805,-85.13375,0.));
#16937=CARTESIAN_POINT('Origin',(217.805,-85.88375,0.));
#16938=CARTESIAN_POINT('',(230.505,-87.67375,0.));
#16939=CARTESIAN_POINT('Origin',(230.505,-88.42375,0.));
#16940=CARTESIAN_POINT('',(236.855,-85.13375,0.));
#16941=CARTESIAN_POINT('Origin',(236.855,-85.88375,0.));
#16942=CARTESIAN_POINT('',(150.01875,-76.708,0.));
#16943=CARTESIAN_POINT('Origin',(150.01875,-77.1525,0.));
#16944=CARTESIAN_POINT('',(150.01875,-74.168,0.));
#16945=CARTESIAN_POINT('Origin',(150.01875,-74.6125,0.));
#16946=CARTESIAN_POINT('',(165.25875,-76.708,0.));
#16947=CARTESIAN_POINT('Origin',(165.25875,-77.1525,0.));
#16948=CARTESIAN_POINT('',(165.25875,-74.168,0.));
#16949=CARTESIAN_POINT('Origin',(165.25875,-74.6125,0.));
#16950=CARTESIAN_POINT('',(150.01875,-71.628,0.));
#16951=CARTESIAN_POINT('Origin',(150.01875,-72.0725,0.));
#16952=CARTESIAN_POINT('',(150.01875,-69.088,0.));
#16953=CARTESIAN_POINT('Origin',(150.01875,-69.5325,0.));
#16954=CARTESIAN_POINT('',(165.25875,-71.628,0.));
#16955=CARTESIAN_POINT('Origin',(165.25875,-72.0725,0.));
#16956=CARTESIAN_POINT('',(165.25875,-69.088,0.));
#16957=CARTESIAN_POINT('Origin',(165.25875,-69.5325,0.));
#16958=CARTESIAN_POINT('',(182.5775,-74.26375,0.));
#16959=CARTESIAN_POINT('',(182.5775,-75.76375,0.));
#16960=CARTESIAN_POINT('Origin',(182.5775,-75.01375,0.));
#16961=CARTESIAN_POINT('',(181.2775,-74.26375,0.));
#16962=CARTESIAN_POINT('',(91.28875,-74.26375,0.));
#16963=CARTESIAN_POINT('',(181.2775,-75.76375,0.));
#16964=CARTESIAN_POINT('Origin',(181.2775,-75.01375,0.));
#16965=CARTESIAN_POINT('',(90.63875,-75.76375,0.));
#16966=CARTESIAN_POINT('',(174.4275,-71.41375,0.));
#16967=CARTESIAN_POINT('Origin',(174.4275,-71.91375,0.));
#16968=CARTESIAN_POINT('',(174.4275,-68.91375,0.));
#16969=CARTESIAN_POINT('Origin',(174.4275,-69.41375,0.));
#16970=CARTESIAN_POINT('',(188.9275,-71.41375,0.));
#16971=CARTESIAN_POINT('Origin',(188.9275,-71.91375,0.));
#16972=CARTESIAN_POINT('',(150.01875,-66.548,0.));
#16973=CARTESIAN_POINT('Origin',(150.01875,-66.9925,0.));
#16974=CARTESIAN_POINT('',(165.25875,-66.548,0.));
#16975=CARTESIAN_POINT('Origin',(165.25875,-66.9925,0.));
#16976=CARTESIAN_POINT('',(150.01875,-64.008,0.));
#16977=CARTESIAN_POINT('Origin',(150.01875,-64.4525,0.));
#16978=CARTESIAN_POINT('',(150.01875,-61.468,0.));
#16979=CARTESIAN_POINT('Origin',(150.01875,-61.9125,0.));
#16980=CARTESIAN_POINT('',(165.25875,-64.008,0.));
#16981=CARTESIAN_POINT('Origin',(165.25875,-64.4525,0.));
#16982=CARTESIAN_POINT('',(165.25875,-61.468,0.));
#16983=CARTESIAN_POINT('Origin',(165.25875,-61.9125,0.));
#16984=CARTESIAN_POINT('',(174.4275,-66.41375,0.));
#16985=CARTESIAN_POINT('Origin',(174.4275,-66.91375,0.));
#16986=CARTESIAN_POINT('',(188.9275,-66.41375,0.));
#16987=CARTESIAN_POINT('Origin',(188.9275,-66.91375,0.));
#16988=CARTESIAN_POINT('',(182.5775,-63.06375,0.));
#16989=CARTESIAN_POINT('',(182.5775,-64.56375,0.));
#16990=CARTESIAN_POINT('Origin',(182.5775,-63.81375,0.));
#16991=CARTESIAN_POINT('',(181.2775,-63.06375,0.));
#16992=CARTESIAN_POINT('',(91.28875,-63.06375,0.));
#16993=CARTESIAN_POINT('',(181.2775,-64.56375,0.));
#16994=CARTESIAN_POINT('Origin',(181.2775,-63.81375,0.));
#16995=CARTESIAN_POINT('',(90.63875,-64.56375,0.));
#16996=CARTESIAN_POINT('',(231.93375,-73.95375,0.));
#16997=CARTESIAN_POINT('Origin',(231.93375,-74.45375,0.));
#16998=CARTESIAN_POINT('',(231.93375,-71.41375,0.));
#16999=CARTESIAN_POINT('Origin',(231.93375,-71.91375,0.));
#17000=CARTESIAN_POINT('',(231.93375,-68.87375,0.));
#17001=CARTESIAN_POINT('Origin',(231.93375,-69.37375,0.));
#17002=CARTESIAN_POINT('',(231.93375,-66.33375,0.));
#17003=CARTESIAN_POINT('Origin',(231.93375,-66.83375,0.));
#17004=CARTESIAN_POINT('Origin',(0.,0.,1.51));
#17005=CARTESIAN_POINT('',(147.1,-59.,1.51));
#17006=CARTESIAN_POINT('',(153.035,-90.11375,1.51));
#17007=CARTESIAN_POINT('Origin',(153.035,-90.96375,1.51));
#17008=CARTESIAN_POINT('',(158.115,-88.96375,1.51));
#17009=CARTESIAN_POINT('Origin',(158.115,-90.96375,1.51));
#17010=CARTESIAN_POINT('',(163.195,-90.11375,1.51));
#17011=CARTESIAN_POINT('Origin',(163.195,-90.96375,1.51));
#17012=CARTESIAN_POINT('',(172.085,-90.11375,1.51));
#17013=CARTESIAN_POINT('Origin',(172.085,-90.96375,1.51));
#17014=CARTESIAN_POINT('',(154.305,-87.67375,1.51));
#17015=CARTESIAN_POINT('Origin',(154.305,-88.42375,1.51));
#17016=CARTESIAN_POINT('',(160.655,-85.13375,1.51));
#17017=CARTESIAN_POINT('Origin',(160.655,-85.88375,1.51));
#17018=CARTESIAN_POINT('',(177.165,-88.96375,1.51));
#17019=CARTESIAN_POINT('Origin',(177.165,-90.96375,1.51));
#17020=CARTESIAN_POINT('',(182.245,-90.11375,1.51));
#17021=CARTESIAN_POINT('Origin',(182.245,-90.96375,1.51));
#17022=CARTESIAN_POINT('',(190.8175,-90.11375,1.51));
#17023=CARTESIAN_POINT('Origin',(190.8175,-90.96375,1.51));
#17024=CARTESIAN_POINT('',(173.355,-87.67375,1.51));
#17025=CARTESIAN_POINT('Origin',(173.355,-88.42375,1.51));
#17026=CARTESIAN_POINT('',(179.705,-85.13375,1.51));
#17027=CARTESIAN_POINT('Origin',(179.705,-85.88375,1.51));
#17028=CARTESIAN_POINT('',(192.0875,-87.67375,1.51));
#17029=CARTESIAN_POINT('Origin',(192.0875,-88.42375,1.51));
#17030=CARTESIAN_POINT('',(195.8975,-88.96375,1.51));
#17031=CARTESIAN_POINT('Origin',(195.8975,-90.96375,1.51));
#17032=CARTESIAN_POINT('',(200.9775,-90.11375,1.51));
#17033=CARTESIAN_POINT('Origin',(200.9775,-90.96375,1.51));
#17034=CARTESIAN_POINT('',(210.185,-90.11375,1.51));
#17035=CARTESIAN_POINT('Origin',(210.185,-90.96375,1.51));
#17036=CARTESIAN_POINT('',(215.265,-88.96375,1.51));
#17037=CARTESIAN_POINT('Origin',(215.265,-90.96375,1.51));
#17038=CARTESIAN_POINT('',(198.4375,-85.13375,1.51));
#17039=CARTESIAN_POINT('Origin',(198.4375,-85.88375,1.51));
#17040=CARTESIAN_POINT('',(211.455,-87.67375,1.51));
#17041=CARTESIAN_POINT('Origin',(211.455,-88.42375,1.51));
#17042=CARTESIAN_POINT('',(220.345,-90.11375,1.51));
#17043=CARTESIAN_POINT('Origin',(220.345,-90.96375,1.51));
#17044=CARTESIAN_POINT('',(229.235,-90.11375,1.51));
#17045=CARTESIAN_POINT('Origin',(229.235,-90.96375,1.51));
#17046=CARTESIAN_POINT('',(234.315,-88.96375,1.51));
#17047=CARTESIAN_POINT('Origin',(234.315,-90.96375,1.51));
#17048=CARTESIAN_POINT('',(239.395,-90.11375,1.51));
#17049=CARTESIAN_POINT('Origin',(239.395,-90.96375,1.51));
#17050=CARTESIAN_POINT('',(217.805,-85.13375,1.51));
#17051=CARTESIAN_POINT('Origin',(217.805,-85.88375,1.51));
#17052=CARTESIAN_POINT('',(230.505,-87.67375,1.51));
#17053=CARTESIAN_POINT('Origin',(230.505,-88.42375,1.51));
#17054=CARTESIAN_POINT('',(236.855,-85.13375,1.51));
#17055=CARTESIAN_POINT('Origin',(236.855,-85.88375,1.51));
#17056=CARTESIAN_POINT('',(150.01875,-76.708,1.51));
#17057=CARTESIAN_POINT('Origin',(150.01875,-77.1525,1.51));
#17058=CARTESIAN_POINT('',(150.01875,-74.168,1.51));
#17059=CARTESIAN_POINT('Origin',(150.01875,-74.6125,1.51));
#17060=CARTESIAN_POINT('',(165.25875,-76.708,1.51));
#17061=CARTESIAN_POINT('Origin',(165.25875,-77.1525,1.51));
#17062=CARTESIAN_POINT('',(165.25875,-74.168,1.51));
#17063=CARTESIAN_POINT('Origin',(165.25875,-74.6125,1.51));
#17064=CARTESIAN_POINT('',(150.01875,-71.628,1.51));
#17065=CARTESIAN_POINT('Origin',(150.01875,-72.0725,1.51));
#17066=CARTESIAN_POINT('',(150.01875,-69.088,1.51));
#17067=CARTESIAN_POINT('Origin',(150.01875,-69.5325,1.51));
#17068=CARTESIAN_POINT('',(165.25875,-71.628,1.51));
#17069=CARTESIAN_POINT('Origin',(165.25875,-72.0725,1.51));
#17070=CARTESIAN_POINT('',(165.25875,-69.088,1.51));
#17071=CARTESIAN_POINT('Origin',(165.25875,-69.5325,1.51));
#17072=CARTESIAN_POINT('',(182.5775,-74.26375,1.51));
#17073=CARTESIAN_POINT('',(182.5775,-75.76375,1.51));
#17074=CARTESIAN_POINT('Origin',(182.5775,-75.01375,1.51));
#17075=CARTESIAN_POINT('',(181.2775,-75.76375,1.51));
#17076=CARTESIAN_POINT('',(90.63875,-75.76375,1.51));
#17077=CARTESIAN_POINT('',(181.2775,-74.26375,1.51));
#17078=CARTESIAN_POINT('Origin',(181.2775,-75.01375,1.51));
#17079=CARTESIAN_POINT('',(91.28875,-74.26375,1.51));
#17080=CARTESIAN_POINT('',(174.4275,-71.41375,1.51));
#17081=CARTESIAN_POINT('Origin',(174.4275,-71.91375,1.51));
#17082=CARTESIAN_POINT('',(174.4275,-68.91375,1.51));
#17083=CARTESIAN_POINT('Origin',(174.4275,-69.41375,1.51));
#17084=CARTESIAN_POINT('',(188.9275,-71.41375,1.51));
#17085=CARTESIAN_POINT('Origin',(188.9275,-71.91375,1.51));
#17086=CARTESIAN_POINT('',(150.01875,-66.548,1.51));
#17087=CARTESIAN_POINT('Origin',(150.01875,-66.9925,1.51));
#17088=CARTESIAN_POINT('',(165.25875,-66.548,1.51));
#17089=CARTESIAN_POINT('Origin',(165.25875,-66.9925,1.51));
#17090=CARTESIAN_POINT('',(150.01875,-64.008,1.51));
#17091=CARTESIAN_POINT('Origin',(150.01875,-64.4525,1.51));
#17092=CARTESIAN_POINT('',(150.01875,-61.468,1.51));
#17093=CARTESIAN_POINT('Origin',(150.01875,-61.9125,1.51));
#17094=CARTESIAN_POINT('',(165.25875,-64.008,1.51));
#17095=CARTESIAN_POINT('Origin',(165.25875,-64.4525,1.51));
#17096=CARTESIAN_POINT('',(165.25875,-61.468,1.51));
#17097=CARTESIAN_POINT('Origin',(165.25875,-61.9125,1.51));
#17098=CARTESIAN_POINT('',(174.4275,-66.41375,1.51));
#17099=CARTESIAN_POINT('Origin',(174.4275,-66.91375,1.51));
#17100=CARTESIAN_POINT('',(188.9275,-66.41375,1.51));
#17101=CARTESIAN_POINT('Origin',(188.9275,-66.91375,1.51));
#17102=CARTESIAN_POINT('',(182.5775,-63.06375,1.51));
#17103=CARTESIAN_POINT('',(182.5775,-64.56375,1.51));
#17104=CARTESIAN_POINT('Origin',(182.5775,-63.81375,1.51));
#17105=CARTESIAN_POINT('',(181.2775,-64.56375,1.51));
#17106=CARTESIAN_POINT('',(90.63875,-64.56375,1.51));
#17107=CARTESIAN_POINT('',(181.2775,-63.06375,1.51));
#17108=CARTESIAN_POINT('Origin',(181.2775,-63.81375,1.51));
#17109=CARTESIAN_POINT('',(91.28875,-63.06375,1.51));
#17110=CARTESIAN_POINT('',(231.93375,-73.95375,1.51));
#17111=CARTESIAN_POINT('Origin',(231.93375,-74.45375,1.51));
#17112=CARTESIAN_POINT('',(231.93375,-71.41375,1.51));
#17113=CARTESIAN_POINT('Origin',(231.93375,-71.91375,1.51));
#17114=CARTESIAN_POINT('',(231.93375,-68.87375,1.51));
#17115=CARTESIAN_POINT('Origin',(231.93375,-69.37375,1.51));
#17116=CARTESIAN_POINT('',(231.93375,-66.33375,1.51));
#17117=CARTESIAN_POINT('Origin',(231.93375,-66.83375,1.51));
#17118=CARTESIAN_POINT('Origin',(147.1,-59.,0.));
#17119=CARTESIAN_POINT('Origin',(153.035,-90.96375,-0.046));
#17120=CARTESIAN_POINT('',(153.035,-90.11375,-0.046));
#17121=CARTESIAN_POINT('Origin',(158.115,-90.96375,-0.046));
#17122=CARTESIAN_POINT('',(158.115,-88.96375,-0.046));
#17123=CARTESIAN_POINT('Origin',(163.195,-90.96375,-0.046));
#17124=CARTESIAN_POINT('',(163.195,-90.11375,-0.046));
#17125=CARTESIAN_POINT('Origin',(172.085,-90.96375,-0.046));
#17126=CARTESIAN_POINT('',(172.085,-90.11375,-0.046));
#17127=CARTESIAN_POINT('Origin',(154.305,-88.42375,-0.046));
#17128=CARTESIAN_POINT('',(154.305,-87.67375,-0.046));
#17129=CARTESIAN_POINT('Origin',(160.655,-85.88375,-0.046));
#17130=CARTESIAN_POINT('',(160.655,-85.13375,-0.046));
#17131=CARTESIAN_POINT('Origin',(177.165,-90.96375,-0.046));
#17132=CARTESIAN_POINT('',(177.165,-88.96375,-0.046));
#17133=CARTESIAN_POINT('Origin',(182.245,-90.96375,-0.046));
#17134=CARTESIAN_POINT('',(182.245,-90.11375,-0.046));
#17135=CARTESIAN_POINT('Origin',(190.8175,-90.96375,-0.046));
#17136=CARTESIAN_POINT('',(190.8175,-90.11375,-0.046));
#17137=CARTESIAN_POINT('Origin',(173.355,-88.42375,-0.046));
#17138=CARTESIAN_POINT('',(173.355,-87.67375,-0.046));
#17139=CARTESIAN_POINT('Origin',(179.705,-85.88375,-0.046));
#17140=CARTESIAN_POINT('',(179.705,-85.13375,-0.046));
#17141=CARTESIAN_POINT('Origin',(192.0875,-88.42375,-0.046));
#17142=CARTESIAN_POINT('',(192.0875,-87.67375,-0.046));
#17143=CARTESIAN_POINT('Origin',(195.8975,-90.96375,-0.046));
#17144=CARTESIAN_POINT('',(195.8975,-88.96375,-0.046));
#17145=CARTESIAN_POINT('Origin',(200.9775,-90.96375,-0.046));
#17146=CARTESIAN_POINT('',(200.9775,-90.11375,-0.046));
#17147=CARTESIAN_POINT('Origin',(210.185,-90.96375,-0.046));
#17148=CARTESIAN_POINT('',(210.185,-90.11375,-0.046));
#17149=CARTESIAN_POINT('Origin',(215.265,-90.96375,-0.046));
#17150=CARTESIAN_POINT('',(215.265,-88.96375,-0.046));
#17151=CARTESIAN_POINT('Origin',(198.4375,-85.88375,-0.046));
#17152=CARTESIAN_POINT('',(198.4375,-85.13375,-0.046));
#17153=CARTESIAN_POINT('Origin',(211.455,-88.42375,-0.046));
#17154=CARTESIAN_POINT('',(211.455,-87.67375,-0.046));
#17155=CARTESIAN_POINT('Origin',(220.345,-90.96375,-0.046));
#17156=CARTESIAN_POINT('',(220.345,-90.11375,-0.046));
#17157=CARTESIAN_POINT('Origin',(229.235,-90.96375,-0.046));
#17158=CARTESIAN_POINT('',(229.235,-90.11375,-0.046));
#17159=CARTESIAN_POINT('Origin',(234.315,-90.96375,-0.046));
#17160=CARTESIAN_POINT('',(234.315,-88.96375,-0.046));
#17161=CARTESIAN_POINT('Origin',(239.395,-90.96375,-0.046));
#17162=CARTESIAN_POINT('',(239.395,-90.11375,-0.046));
#17163=CARTESIAN_POINT('Origin',(217.805,-85.88375,-0.046));
#17164=CARTESIAN_POINT('',(217.805,-85.13375,-0.046));
#17165=CARTESIAN_POINT('Origin',(230.505,-88.42375,-0.046));
#17166=CARTESIAN_POINT('',(230.505,-87.67375,-0.046));
#17167=CARTESIAN_POINT('Origin',(236.855,-85.88375,-0.046));
#17168=CARTESIAN_POINT('',(236.855,-85.13375,-0.046));
#17169=CARTESIAN_POINT('Origin',(150.01875,-77.1525,-0.046));
#17170=CARTESIAN_POINT('',(150.01875,-76.708,-0.046));
#17171=CARTESIAN_POINT('Origin',(150.01875,-74.6125,-0.046));
#17172=CARTESIAN_POINT('',(150.01875,-74.168,-0.046));
#17173=CARTESIAN_POINT('Origin',(165.25875,-77.1525,-0.046));
#17174=CARTESIAN_POINT('',(165.25875,-76.708,-0.046));
#17175=CARTESIAN_POINT('Origin',(165.25875,-74.6125,-0.046));
#17176=CARTESIAN_POINT('',(165.25875,-74.168,-0.046));
#17177=CARTESIAN_POINT('Origin',(150.01875,-72.0725,-0.046));
#17178=CARTESIAN_POINT('',(150.01875,-71.628,-0.046));
#17179=CARTESIAN_POINT('Origin',(150.01875,-69.5325,-0.046));
#17180=CARTESIAN_POINT('',(150.01875,-69.088,-0.046));
#17181=CARTESIAN_POINT('Origin',(165.25875,-72.0725,-0.046));
#17182=CARTESIAN_POINT('',(165.25875,-71.628,-0.046));
#17183=CARTESIAN_POINT('Origin',(165.25875,-69.5325,-0.046));
#17184=CARTESIAN_POINT('',(165.25875,-69.088,-0.046));
#17185=CARTESIAN_POINT('Origin',(182.5775,-75.01375,-0.046));
#17186=CARTESIAN_POINT('',(182.5775,-75.76375,-0.046));
#17187=CARTESIAN_POINT('',(182.5775,-74.26375,-0.046));
#17188=CARTESIAN_POINT('Origin',(182.5775,-74.26375,-0.046));
#17189=CARTESIAN_POINT('',(181.2775,-74.26375,-0.046));
#17190=CARTESIAN_POINT('Origin',(181.2775,-75.01375,-0.046));
#17191=CARTESIAN_POINT('',(181.2775,-75.76375,-0.046));
#17192=CARTESIAN_POINT('Origin',(181.2775,-75.76375,-0.046));
#17193=CARTESIAN_POINT('Origin',(174.4275,-71.91375,-0.046));
#17194=CARTESIAN_POINT('',(174.4275,-71.41375,-0.046));
#17195=CARTESIAN_POINT('Origin',(174.4275,-69.41375,-0.046));
#17196=CARTESIAN_POINT('',(174.4275,-68.91375,-0.046));
#17197=CARTESIAN_POINT('Origin',(188.9275,-71.91375,-0.046));
#17198=CARTESIAN_POINT('',(188.9275,-71.41375,-0.046));
#17199=CARTESIAN_POINT('Origin',(150.01875,-66.9925,-0.046));
#17200=CARTESIAN_POINT('',(150.01875,-66.548,-0.046));
#17201=CARTESIAN_POINT('Origin',(165.25875,-66.9925,-0.046));
#17202=CARTESIAN_POINT('',(165.25875,-66.548,-0.046));
#17203=CARTESIAN_POINT('Origin',(150.01875,-64.4525,-0.046));
#17204=CARTESIAN_POINT('',(150.01875,-64.008,-0.046));
#17205=CARTESIAN_POINT('Origin',(150.01875,-61.9125,-0.046));
#17206=CARTESIAN_POINT('',(150.01875,-61.468,-0.046));
#17207=CARTESIAN_POINT('Origin',(165.25875,-64.4525,-0.046));
#17208=CARTESIAN_POINT('',(165.25875,-64.008,-0.046));
#17209=CARTESIAN_POINT('Origin',(165.25875,-61.9125,-0.046));
#17210=CARTESIAN_POINT('',(165.25875,-61.468,-0.046));
#17211=CARTESIAN_POINT('Origin',(174.4275,-66.91375,-0.046));
#17212=CARTESIAN_POINT('',(174.4275,-66.41375,-0.046));
#17213=CARTESIAN_POINT('Origin',(188.9275,-66.91375,-0.046));
#17214=CARTESIAN_POINT('',(188.9275,-66.41375,-0.046));
#17215=CARTESIAN_POINT('Origin',(182.5775,-63.81375,-0.046));
#17216=CARTESIAN_POINT('',(182.5775,-64.56375,-0.046));
#17217=CARTESIAN_POINT('',(182.5775,-63.06375,-0.046));
#17218=CARTESIAN_POINT('Origin',(182.5775,-63.06375,-0.046));
#17219=CARTESIAN_POINT('',(181.2775,-63.06375,-0.046));
#17220=CARTESIAN_POINT('Origin',(181.2775,-63.81375,-0.046));
#17221=CARTESIAN_POINT('',(181.2775,-64.56375,-0.046));
#17222=CARTESIAN_POINT('Origin',(181.2775,-64.56375,-0.046));
#17223=CARTESIAN_POINT('Origin',(231.93375,-74.45375,-0.046));
#17224=CARTESIAN_POINT('',(231.93375,-73.95375,-0.046));
#17225=CARTESIAN_POINT('Origin',(231.93375,-71.91375,-0.046));
#17226=CARTESIAN_POINT('',(231.93375,-71.41375,-0.046));
#17227=CARTESIAN_POINT('Origin',(231.93375,-69.37375,-0.046));
#17228=CARTESIAN_POINT('',(231.93375,-68.87375,-0.046));
#17229=CARTESIAN_POINT('Origin',(231.93375,-66.83375,-0.046));
#17230=CARTESIAN_POINT('',(231.93375,-66.33375,-0.046));
#17231=CARTESIAN_POINT('',(0.,0.,0.));
#17232=CARTESIAN_POINT('',(0.,0.,0.));
#17233=CARTESIAN_POINT('Origin',(31.0812946317074,-6.015,0.));
#17234=CARTESIAN_POINT('',(23.0812946317074,-6.015,0.));
#17235=CARTESIAN_POINT('Origin',(31.0812946317074,-6.015,0.));
#17236=CARTESIAN_POINT('',(23.0812946317074,-6.015,1.5));
#17237=CARTESIAN_POINT('',(23.0812946317074,-6.015,0.));
#17238=CARTESIAN_POINT('Origin',(31.0812946317074,-6.015,1.5));
#17239=CARTESIAN_POINT('Origin',(102.925,-43.125,0.));
#17240=CARTESIAN_POINT('',(107.925,-43.125,1.5));
#17241=CARTESIAN_POINT('',(102.925,-48.125,1.5));
#17242=CARTESIAN_POINT('Origin',(102.925,-43.125,1.5));
#17243=CARTESIAN_POINT('',(102.925,-48.125,0.));
#17244=CARTESIAN_POINT('',(102.925,-48.125,0.));
#17245=CARTESIAN_POINT('',(107.925,-43.125,0.));
#17246=CARTESIAN_POINT('Origin',(102.925,-43.125,0.));
#17247=CARTESIAN_POINT('',(107.925,-43.125,0.));
#17248=CARTESIAN_POINT('Origin',(107.925,-48.125,0.));
#17249=CARTESIAN_POINT('',(107.925,8.885,0.));
#17250=CARTESIAN_POINT('',(107.925,-48.125,0.));
#17251=CARTESIAN_POINT('',(107.925,8.885,1.5));
#17252=CARTESIAN_POINT('',(107.925,8.885,0.));
#17253=CARTESIAN_POINT('',(107.925,-48.125,1.5));
#17254=CARTESIAN_POINT('Origin',(48.495,-17.12,0.));
#17255=CARTESIAN_POINT('',(-5.93500000000003,-48.125,0.));
#17256=CARTESIAN_POINT('',(-10.935,-48.125,0.));
#17257=CARTESIAN_POINT('',(-10.935,-43.125,0.));
#17258=CARTESIAN_POINT('Origin',(-5.93500000000003,-43.125,0.));
#17259=CARTESIAN_POINT('',(-10.935,8.885,0.));
#17260=CARTESIAN_POINT('',(-10.935,13.885,0.));
#17261=CARTESIAN_POINT('',(-5.93500000000002,13.885,0.));
#17262=CARTESIAN_POINT('Origin',(-5.93500000000002,8.885,0.));
#17263=CARTESIAN_POINT('',(0.859999999999974,13.885,0.));
#17264=CARTESIAN_POINT('',(107.925,13.885,0.));
#17265=CARTESIAN_POINT('',(0.859999999999974,-17.0881271016722,0.));
#17266=CARTESIAN_POINT('',(0.859999999999976,-1.60406355083608,0.));
#17267=CARTESIAN_POINT('',(19.36,-17.0881271016722,0.));
#17268=CARTESIAN_POINT('',(24.6775,-17.0881271016722,0.));
#17269=CARTESIAN_POINT('',(19.36,13.885,0.));
#17270=CARTESIAN_POINT('',(19.36,-17.1040635508361,0.));
#17271=CARTESIAN_POINT('',(102.925,13.885,0.));
#17272=CARTESIAN_POINT('',(107.925,13.885,0.));
#17273=CARTESIAN_POINT('Origin',(102.925,8.885,0.));
#17274=CARTESIAN_POINT('',(81.565,-20.939,0.));
#17275=CARTESIAN_POINT('',(81.565,-34.939,0.));
#17276=CARTESIAN_POINT('',(81.565,-19.0295,0.));
#17277=CARTESIAN_POINT('',(95.565,-34.939,0.));
#17278=CARTESIAN_POINT('',(65.03,-34.939,0.));
#17279=CARTESIAN_POINT('',(95.565,-20.939,0.));
#17280=CARTESIAN_POINT('',(95.565,-26.0295,0.));
#17281=CARTESIAN_POINT('',(72.03,-20.939,0.));
#17282=CARTESIAN_POINT('',(42.565,-20.939,0.));
#17283=CARTESIAN_POINT('',(42.565,-34.939,0.));
#17284=CARTESIAN_POINT('',(42.565,-19.0295,0.));
#17285=CARTESIAN_POINT('',(56.565,-34.939,0.));
#17286=CARTESIAN_POINT('',(45.53,-34.939,0.));
#17287=CARTESIAN_POINT('',(56.565,-20.939,0.));
#17288=CARTESIAN_POINT('',(56.565,-26.0295,0.));
#17289=CARTESIAN_POINT('',(52.53,-20.939,0.));
#17290=CARTESIAN_POINT('',(62.065,-20.939,0.));
#17291=CARTESIAN_POINT('',(62.065,-34.939,0.));
#17292=CARTESIAN_POINT('',(62.065,-19.0295,0.));
#17293=CARTESIAN_POINT('',(76.065,-34.939,0.));
#17294=CARTESIAN_POINT('',(55.28,-34.939,0.));
#17295=CARTESIAN_POINT('',(76.065,-20.939,0.));
#17296=CARTESIAN_POINT('',(76.065,-26.0295,0.));
#17297=CARTESIAN_POINT('',(62.28,-20.939,0.));
#17298=CARTESIAN_POINT('',(96.6230371281537,-2.315,0.));
#17299=CARTESIAN_POINT('',(91.0230371281537,-2.315,0.));
#17300=CARTESIAN_POINT('',(72.5590185640768,-2.315,0.));
#17301=CARTESIAN_POINT('',(91.0230371281537,-11.196,0.));
#17302=CARTESIAN_POINT('',(91.0230371281537,-9.7175,0.));
#17303=CARTESIAN_POINT('',(96.6230371281537,-11.196,0.));
#17304=CARTESIAN_POINT('',(69.7590185640768,-11.196,0.));
#17305=CARTESIAN_POINT('',(96.6230371281537,-14.158,0.));
#17306=CARTESIAN_POINT('',(3.56499999999998,-20.939,0.));
#17307=CARTESIAN_POINT('',(3.56499999999998,-34.939,0.));
#17308=CARTESIAN_POINT('',(3.56499999999998,-19.0295,0.));
#17309=CARTESIAN_POINT('',(17.565,-34.939,0.));
#17310=CARTESIAN_POINT('',(26.03,-34.939,0.));
#17311=CARTESIAN_POINT('',(17.565,-20.939,0.));
#17312=CARTESIAN_POINT('',(17.565,-26.0295,0.));
#17313=CARTESIAN_POINT('',(33.03,-20.939,0.));
#17314=CARTESIAN_POINT('',(23.065,-20.939,0.));
#17315=CARTESIAN_POINT('',(23.065,-34.939,0.));
#17316=CARTESIAN_POINT('',(23.065,-19.0295,0.));
#17317=CARTESIAN_POINT('',(37.065,-34.939,0.));
#17318=CARTESIAN_POINT('',(35.78,-34.939,0.));
#17319=CARTESIAN_POINT('',(37.065,-20.939,0.));
#17320=CARTESIAN_POINT('',(37.065,-26.0295,0.));
#17321=CARTESIAN_POINT('',(42.78,-20.939,0.));
#17322=CARTESIAN_POINT('',(84.7812946317074,-15.115,0.));
#17323=CARTESIAN_POINT('',(84.7812946317074,-1.115,0.));
#17324=CARTESIAN_POINT('',(84.7812946317074,-16.1175,0.));
#17325=CARTESIAN_POINT('',(44.7812946317074,-1.115,0.));
#17326=CARTESIAN_POINT('',(66.6381473158537,-1.115,0.));
#17327=CARTESIAN_POINT('',(44.7812946317074,-15.115,0.));
#17328=CARTESIAN_POINT('',(44.7812946317074,-9.1175,0.));
#17329=CARTESIAN_POINT('',(46.6381473158537,-15.115,0.));
#17330=CARTESIAN_POINT('',(101.225,8.885,0.));
#17331=CARTESIAN_POINT('Origin',(102.925,8.885,0.));
#17332=CARTESIAN_POINT('',(-7.63500000000002,8.885,0.));
#17333=CARTESIAN_POINT('Origin',(-5.93500000000002,8.885,0.));
#17334=CARTESIAN_POINT('',(101.225,-43.125,0.));
#17335=CARTESIAN_POINT('Origin',(102.925,-43.125,0.));
#17336=CARTESIAN_POINT('',(-7.63500000000002,-43.125,0.));
#17337=CARTESIAN_POINT('Origin',(-5.93500000000003,-43.125,0.));
#17338=CARTESIAN_POINT('Origin',(-5.93500000000003,-43.125,0.));
#17339=CARTESIAN_POINT('',(-5.93500000000003,-48.125,1.5));
#17340=CARTESIAN_POINT('',(-10.935,-43.125,1.5));
#17341=CARTESIAN_POINT('Origin',(-5.93500000000003,-43.125,1.5));
#17342=CARTESIAN_POINT('',(-10.935,-43.125,0.));
#17343=CARTESIAN_POINT('',(-5.93500000000003,-48.125,0.));
#17344=CARTESIAN_POINT('Origin',(-10.935,13.885,0.));
#17345=CARTESIAN_POINT('',(-10.935,8.885,1.5));
#17346=CARTESIAN_POINT('',(-10.935,13.885,1.5));
#17347=CARTESIAN_POINT('',(-10.935,8.885,0.));
#17348=CARTESIAN_POINT('Origin',(-5.93500000000002,8.885,0.));
#17349=CARTESIAN_POINT('',(-5.93500000000002,13.885,1.5));
#17350=CARTESIAN_POINT('Origin',(-5.93500000000002,8.885,1.5));
#17351=CARTESIAN_POINT('',(-5.93500000000002,13.885,0.));
#17352=CARTESIAN_POINT('Origin',(102.925,8.885,0.));
#17353=CARTESIAN_POINT('',(102.925,13.885,1.5));
#17354=CARTESIAN_POINT('Origin',(102.925,8.885,1.5));
#17355=CARTESIAN_POINT('',(102.925,13.885,0.));
#17356=CARTESIAN_POINT('Origin',(107.925,13.885,0.));
#17357=CARTESIAN_POINT('',(19.36,13.885,1.5));
#17358=CARTESIAN_POINT('',(19.36,13.885,0.));
#17359=CARTESIAN_POINT('',(107.925,13.885,1.5));
#17360=CARTESIAN_POINT('Origin',(95.565,-34.939,0.));
#17361=CARTESIAN_POINT('',(95.565,-20.939,1.5));
#17362=CARTESIAN_POINT('',(95.565,-34.939,1.5));
#17363=CARTESIAN_POINT('',(95.565,-26.0295,1.5));
#17364=CARTESIAN_POINT('',(95.565,-20.939,0.));
#17365=CARTESIAN_POINT('',(95.565,-34.939,0.));
#17366=CARTESIAN_POINT('Origin',(81.565,-34.939,0.));
#17367=CARTESIAN_POINT('',(81.565,-34.939,1.5));
#17368=CARTESIAN_POINT('',(65.03,-34.939,1.5));
#17369=CARTESIAN_POINT('',(81.565,-34.939,0.));
#17370=CARTESIAN_POINT('Origin',(81.565,-20.939,0.));
#17371=CARTESIAN_POINT('',(81.565,-20.939,1.5));
#17372=CARTESIAN_POINT('',(81.565,-19.0295,1.5));
#17373=CARTESIAN_POINT('',(81.565,-20.939,0.));
#17374=CARTESIAN_POINT('Origin',(95.565,-20.939,0.));
#17375=CARTESIAN_POINT('',(72.03,-20.939,1.5));
#17376=CARTESIAN_POINT('Origin',(56.565,-34.939,0.));
#17377=CARTESIAN_POINT('',(56.565,-20.939,1.5));
#17378=CARTESIAN_POINT('',(56.565,-34.939,1.5));
#17379=CARTESIAN_POINT('',(56.565,-26.0295,1.5));
#17380=CARTESIAN_POINT('',(56.565,-20.939,0.));
#17381=CARTESIAN_POINT('',(56.565,-34.939,0.));
#17382=CARTESIAN_POINT('Origin',(42.565,-34.939,0.));
#17383=CARTESIAN_POINT('',(42.565,-34.939,1.5));
#17384=CARTESIAN_POINT('',(45.53,-34.939,1.5));
#17385=CARTESIAN_POINT('',(42.565,-34.939,0.));
#17386=CARTESIAN_POINT('Origin',(42.565,-20.939,0.));
#17387=CARTESIAN_POINT('',(42.565,-20.939,1.5));
#17388=CARTESIAN_POINT('',(42.565,-19.0295,1.5));
#17389=CARTESIAN_POINT('',(42.565,-20.939,0.));
#17390=CARTESIAN_POINT('Origin',(56.565,-20.939,0.));
#17391=CARTESIAN_POINT('',(52.53,-20.939,1.5));
#17392=CARTESIAN_POINT('Origin',(76.065,-34.939,0.));
#17393=CARTESIAN_POINT('',(76.065,-20.939,1.5));
#17394=CARTESIAN_POINT('',(76.065,-34.939,1.5));
#17395=CARTESIAN_POINT('',(76.065,-26.0295,1.5));
#17396=CARTESIAN_POINT('',(76.065,-20.939,0.));
#17397=CARTESIAN_POINT('',(76.065,-34.939,0.));
#17398=CARTESIAN_POINT('Origin',(62.065,-34.939,0.));
#17399=CARTESIAN_POINT('',(62.065,-34.939,1.5));
#17400=CARTESIAN_POINT('',(55.28,-34.939,1.5));
#17401=CARTESIAN_POINT('',(62.065,-34.939,0.));
#17402=CARTESIAN_POINT('Origin',(62.065,-20.939,0.));
#17403=CARTESIAN_POINT('',(62.065,-20.939,1.5));
#17404=CARTESIAN_POINT('',(62.065,-19.0295,1.5));
#17405=CARTESIAN_POINT('',(62.065,-20.939,0.));
#17406=CARTESIAN_POINT('Origin',(76.065,-20.939,0.));
#17407=CARTESIAN_POINT('',(62.28,-20.939,1.5));
#17408=CARTESIAN_POINT('Origin',(91.0230371281537,-11.196,0.));
#17409=CARTESIAN_POINT('',(96.6230371281537,-11.196,1.5));
#17410=CARTESIAN_POINT('',(91.0230371281537,-11.196,1.5));
#17411=CARTESIAN_POINT('',(69.7590185640768,-11.196,1.5));
#17412=CARTESIAN_POINT('',(96.6230371281537,-11.196,0.));
#17413=CARTESIAN_POINT('',(91.0230371281537,-11.196,0.));
#17414=CARTESIAN_POINT('Origin',(91.0230371281537,-2.315,0.));
#17415=CARTESIAN_POINT('',(91.0230371281537,-2.315,1.5));
#17416=CARTESIAN_POINT('',(91.0230371281537,-9.7175,1.5));
#17417=CARTESIAN_POINT('',(91.0230371281537,-2.315,0.));
#17418=CARTESIAN_POINT('Origin',(96.6230371281537,-2.315,0.));
#17419=CARTESIAN_POINT('',(96.6230371281537,-2.315,1.5));
#17420=CARTESIAN_POINT('',(72.5590185640768,-2.315,1.5));
#17421=CARTESIAN_POINT('',(96.6230371281537,-2.315,0.));
#17422=CARTESIAN_POINT('Origin',(96.6230371281537,-11.196,0.));
#17423=CARTESIAN_POINT('',(96.6230371281537,-14.158,1.5));
#17424=CARTESIAN_POINT('Origin',(17.565,-34.939,0.));
#17425=CARTESIAN_POINT('',(17.565,-20.939,1.5));
#17426=CARTESIAN_POINT('',(17.565,-34.939,1.5));
#17427=CARTESIAN_POINT('',(17.565,-26.0295,1.5));
#17428=CARTESIAN_POINT('',(17.565,-20.939,0.));
#17429=CARTESIAN_POINT('',(17.565,-34.939,0.));
#17430=CARTESIAN_POINT('Origin',(3.56499999999998,-34.939,0.));
#17431=CARTESIAN_POINT('',(3.56499999999998,-34.939,1.5));
#17432=CARTESIAN_POINT('',(26.03,-34.939,1.5));
#17433=CARTESIAN_POINT('',(3.56499999999998,-34.939,0.));
#17434=CARTESIAN_POINT('Origin',(3.56499999999998,-20.939,0.));
#17435=CARTESIAN_POINT('',(3.56499999999998,-20.939,1.5));
#17436=CARTESIAN_POINT('',(3.56499999999998,-19.0295,1.5));
#17437=CARTESIAN_POINT('',(3.56499999999998,-20.939,0.));
#17438=CARTESIAN_POINT('Origin',(17.565,-20.939,0.));
#17439=CARTESIAN_POINT('',(33.03,-20.939,1.5));
#17440=CARTESIAN_POINT('Origin',(37.065,-34.939,0.));
#17441=CARTESIAN_POINT('',(37.065,-20.939,1.5));
#17442=CARTESIAN_POINT('',(37.065,-34.939,1.5));
#17443=CARTESIAN_POINT('',(37.065,-26.0295,1.5));
#17444=CARTESIAN_POINT('',(37.065,-20.939,0.));
#17445=CARTESIAN_POINT('',(37.065,-34.939,0.));
#17446=CARTESIAN_POINT('Origin',(23.065,-34.939,0.));
#17447=CARTESIAN_POINT('',(23.065,-34.939,1.5));
#17448=CARTESIAN_POINT('',(35.78,-34.939,1.5));
#17449=CARTESIAN_POINT('',(23.065,-34.939,0.));
#17450=CARTESIAN_POINT('Origin',(23.065,-20.939,0.));
#17451=CARTESIAN_POINT('',(23.065,-20.939,1.5));
#17452=CARTESIAN_POINT('',(23.065,-19.0295,1.5));
#17453=CARTESIAN_POINT('',(23.065,-20.939,0.));
#17454=CARTESIAN_POINT('Origin',(37.065,-20.939,0.));
#17455=CARTESIAN_POINT('',(42.78,-20.939,1.5));
#17456=CARTESIAN_POINT('Origin',(44.7812946317074,-1.115,0.));
#17457=CARTESIAN_POINT('',(44.7812946317074,-15.115,1.5));
#17458=CARTESIAN_POINT('',(44.7812946317074,-1.115,1.5));
#17459=CARTESIAN_POINT('',(44.7812946317074,-9.1175,1.5));
#17460=CARTESIAN_POINT('',(44.7812946317074,-15.115,0.));
#17461=CARTESIAN_POINT('',(44.7812946317074,-1.115,0.));
#17462=CARTESIAN_POINT('Origin',(84.7812946317074,-1.115,0.));
#17463=CARTESIAN_POINT('',(84.7812946317074,-1.115,1.5));
#17464=CARTESIAN_POINT('',(66.6381473158537,-1.115,1.5));
#17465=CARTESIAN_POINT('',(84.7812946317074,-1.115,0.));
#17466=CARTESIAN_POINT('Origin',(84.7812946317074,-15.115,0.));
#17467=CARTESIAN_POINT('',(84.7812946317074,-15.115,1.5));
#17468=CARTESIAN_POINT('',(84.7812946317074,-16.1175,1.5));
#17469=CARTESIAN_POINT('',(84.7812946317074,-15.115,0.));
#17470=CARTESIAN_POINT('Origin',(44.7812946317074,-15.115,0.));
#17471=CARTESIAN_POINT('',(46.6381473158537,-15.115,1.5));
#17472=CARTESIAN_POINT('Origin',(0.859999999999974,13.9118728983278,0.));
#17473=CARTESIAN_POINT('',(0.859999999999974,-17.0881271016722,1.5));
#17474=CARTESIAN_POINT('',(0.859999999999967,13.885,1.5));
#17475=CARTESIAN_POINT('',(0.859999999999976,-1.60406355083608,1.5));
#17476=CARTESIAN_POINT('',(0.859999999999974,-17.0881271016722,0.));
#17477=CARTESIAN_POINT('',(0.859999999999967,13.885,0.));
#17478=CARTESIAN_POINT('Origin',(19.36,-17.0881271016722,0.));
#17479=CARTESIAN_POINT('',(19.36,-17.0881271016722,1.5));
#17480=CARTESIAN_POINT('',(19.36,-17.1040635508361,1.5));
#17481=CARTESIAN_POINT('',(19.36,-17.0881271016722,0.));
#17482=CARTESIAN_POINT('Origin',(0.859999999999974,-17.0881271016722,0.));
#17483=CARTESIAN_POINT('',(24.6775,-17.0881271016722,1.5));
#17484=CARTESIAN_POINT('Origin',(107.925,13.885,0.));
#17485=CARTESIAN_POINT('',(107.925,13.885,1.5));
#17486=CARTESIAN_POINT('Origin',(102.925,8.885,0.));
#17487=CARTESIAN_POINT('',(101.225,8.88500000000001,1.5));
#17488=CARTESIAN_POINT('Origin',(102.925,8.885,1.5));
#17489=CARTESIAN_POINT('',(101.225,8.885,0.));
#17490=CARTESIAN_POINT('Origin',(-5.93500000000002,8.885,0.));
#17491=CARTESIAN_POINT('',(-7.63500000000002,8.88500000000001,1.5));
#17492=CARTESIAN_POINT('Origin',(-5.93500000000002,8.885,1.5));
#17493=CARTESIAN_POINT('',(-7.63500000000002,8.885,0.));
#17494=CARTESIAN_POINT('Origin',(102.925,-43.125,0.));
#17495=CARTESIAN_POINT('',(101.225,-43.125,1.5));
#17496=CARTESIAN_POINT('Origin',(102.925,-43.125,1.5));
#17497=CARTESIAN_POINT('',(101.225,-43.125,0.));
#17498=CARTESIAN_POINT('Origin',(-5.93500000000003,-43.125,0.));
#17499=CARTESIAN_POINT('',(-7.63500000000002,-43.125,1.5));
#17500=CARTESIAN_POINT('Origin',(-5.93500000000003,-43.125,1.5));
#17501=CARTESIAN_POINT('',(-7.63500000000002,-43.125,0.));
#17502=CARTESIAN_POINT('Origin',(-10.935,-48.125,0.));
#17503=CARTESIAN_POINT('',(-10.935,-48.125,1.5));
#17504=CARTESIAN_POINT('Origin',(48.495,-17.12,1.5));
#17505=CARTESIAN_POINT('',(0.,0.,0.));
#17506=CARTESIAN_POINT('Origin',(-20.4989223149989,10.9634307985706,-16.600000372529));
#17507=CARTESIAN_POINT('',(-22.7504359685623,17.9634307985706,-14.1180585267101));
#17508=CARTESIAN_POINT('',(-22.7504359685623,17.9634307985706,-19.081942218348));
#17509=CARTESIAN_POINT('Origin',(-20.5004437656582,17.9634307985706,-16.600000372529));
#17510=CARTESIAN_POINT('',(-22.7515226126796,22.9629414791301,-14.1180585267101));
#17511=CARTESIAN_POINT('',(-22.748914411611,10.9629417625765,-14.1180585267101));
#17512=CARTESIAN_POINT('',(-22.7515226126796,22.9629414791301,-19.081942218348));
#17513=CARTESIAN_POINT('Origin',(-20.5015305160675,22.9634305151242,-16.600000372529));
#17514=CARTESIAN_POINT('',(-22.748914411611,10.9629417625765,-19.081942218348));
#17515=CARTESIAN_POINT('Origin',(-22.748914411611,10.9629417625765,-19.081942218348));
#17516=CARTESIAN_POINT('',(-22.7504359685623,17.9634307985706,-17.8409712954385));
#17517=CARTESIAN_POINT('',(-22.7515226126796,22.9629414791301,-19.081942218348));
#17518=CARTESIAN_POINT('Origin',(-19.9515266039379,22.9635500585263,-16.600000372529));
#17519=CARTESIAN_POINT('Origin',(-20.4989223149989,3.21343079857056,-16.600000372529));
#17520=CARTESIAN_POINT('',(-25.7489223149989,3.21343079857056,-16.600000372529));
#17521=CARTESIAN_POINT('Origin',(-20.4989223149989,3.21343079857056,-16.600000372529));
#17522=CARTESIAN_POINT('',(-25.7489223149989,17.9634307985706,-16.600000372529));
#17523=CARTESIAN_POINT('',(-25.7489223149989,3.21343079857056,-16.600000372529));
#17524=CARTESIAN_POINT('Origin',(-20.4989223149989,17.9634307985706,-16.600000372529));
#17525=CARTESIAN_POINT('Origin',(-20.4989223149989,17.9634307985706,-16.600000372529));
#17526=CARTESIAN_POINT('Origin',(-20.4989223149989,20.9634307985706,-16.600000372529));
#17527=CARTESIAN_POINT('',(-27.7489223149989,3.21343079857056,-16.600000372529));
#17528=CARTESIAN_POINT('Origin',(-20.4989223149989,3.21343079857056,-16.600000372529));
#17529=CARTESIAN_POINT('',(-27.7489223149989,25.9634307985706,-16.600000372529));
#17530=CARTESIAN_POINT('',(-27.7489223149989,20.9634307985706,-16.600000372529));
#17531=CARTESIAN_POINT('Origin',(-20.4989223149989,25.9634307985706,-16.600000372529));
#17532=CARTESIAN_POINT('Origin',(-20.1239225840584,3.21343079857056,-16.6));
#17533=CARTESIAN_POINT('Origin',(-20.1239225840584,25.9634307985706,-16.6));
#17534=CARTESIAN_POINT('',(0.,16.755421757698,10.7554215192795));
#17535=CARTESIAN_POINT('',(-178.,105.,15.));
#17536=CARTESIAN_POINT('',(-30.,40.59912,23.));
#17537=CARTESIAN_POINT('',(21.5,18.0335848014548,13.766414453487));
#17538=UNCERTAINTY_MEASURE_WITH_UNIT(LENGTH_MEASURE(0.01),#17554,
'DISTANCE_ACCURACY_VALUE',
'Maximum model space distance between geometric entities at asserted c
onnectivities');
#17539=UNCERTAINTY_MEASURE_WITH_UNIT(LENGTH_MEASURE(0.01),#17554,
'DISTANCE_ACCURACY_VALUE',
'Maximum model space distance between geometric entities at asserted c
onnectivities');
#17540=UNCERTAINTY_MEASURE_WITH_UNIT(LENGTH_MEASURE(0.01),#17554,
'DISTANCE_ACCURACY_VALUE',
'Maximum model space distance between geometric entities at asserted c
onnectivities');
#17541=UNCERTAINTY_MEASURE_WITH_UNIT(LENGTH_MEASURE(0.01),#17554,
'DISTANCE_ACCURACY_VALUE',
'Maximum model space distance between geometric entities at asserted c
onnectivities');
#17542=UNCERTAINTY_MEASURE_WITH_UNIT(LENGTH_MEASURE(0.01),#17554,
'DISTANCE_ACCURACY_VALUE',
'Maximum model space distance between geometric entities at asserted c
onnectivities');
#17543=UNCERTAINTY_MEASURE_WITH_UNIT(LENGTH_MEASURE(0.01),#17554,
'DISTANCE_ACCURACY_VALUE',
'Maximum model space distance between geometric entities at asserted c
onnectivities');
#17544=UNCERTAINTY_MEASURE_WITH_UNIT(LENGTH_MEASURE(0.01),#17554,
'DISTANCE_ACCURACY_VALUE',
'Maximum model space distance between geometric entities at asserted c
onnectivities');
#17545=UNCERTAINTY_MEASURE_WITH_UNIT(LENGTH_MEASURE(0.01),#17554,
'DISTANCE_ACCURACY_VALUE',
'Maximum model space distance between geometric entities at asserted c
onnectivities');
#17546=(
GEOMETRIC_REPRESENTATION_CONTEXT(3)
GLOBAL_UNCERTAINTY_ASSIGNED_CONTEXT((#17538))
GLOBAL_UNIT_ASSIGNED_CONTEXT((#17554,#17556,#17557))
REPRESENTATION_CONTEXT('','3D')
);
#17547=(
GEOMETRIC_REPRESENTATION_CONTEXT(3)
GLOBAL_UNCERTAINTY_ASSIGNED_CONTEXT((#17539))
GLOBAL_UNIT_ASSIGNED_CONTEXT((#17554,#17556,#17557))
REPRESENTATION_CONTEXT('','3D')
);
#17548=(
GEOMETRIC_REPRESENTATION_CONTEXT(3)
GLOBAL_UNCERTAINTY_ASSIGNED_CONTEXT((#17540))
GLOBAL_UNIT_ASSIGNED_CONTEXT((#17554,#17556,#17557))
REPRESENTATION_CONTEXT('','3D')
);
#17549=(
GEOMETRIC_REPRESENTATION_CONTEXT(3)
GLOBAL_UNCERTAINTY_ASSIGNED_CONTEXT((#17541))
GLOBAL_UNIT_ASSIGNED_CONTEXT((#17554,#17556,#17557))
REPRESENTATION_CONTEXT('','3D')
);
#17550=(
GEOMETRIC_REPRESENTATION_CONTEXT(3)
GLOBAL_UNCERTAINTY_ASSIGNED_CONTEXT((#17542))
GLOBAL_UNIT_ASSIGNED_CONTEXT((#17554,#17556,#17557))
REPRESENTATION_CONTEXT('','3D')
);
#17551=(
GEOMETRIC_REPRESENTATION_CONTEXT(3)
GLOBAL_UNCERTAINTY_ASSIGNED_CONTEXT((#17543))
GLOBAL_UNIT_ASSIGNED_CONTEXT((#17554,#17556,#17557))
REPRESENTATION_CONTEXT('','3D')
);
#17552=(
GEOMETRIC_REPRESENTATION_CONTEXT(3)
GLOBAL_UNCERTAINTY_ASSIGNED_CONTEXT((#17544))
GLOBAL_UNIT_ASSIGNED_CONTEXT((#17554,#17556,#17557))
REPRESENTATION_CONTEXT('','3D')
);
#17553=(
GEOMETRIC_REPRESENTATION_CONTEXT(3)
GLOBAL_UNCERTAINTY_ASSIGNED_CONTEXT((#17545))
GLOBAL_UNIT_ASSIGNED_CONTEXT((#17554,#17556,#17557))
REPRESENTATION_CONTEXT('','3D')
);
#17554=(
LENGTH_UNIT()
NAMED_UNIT(*)
SI_UNIT(.MILLI.,.METRE.)
);
#17555=(
LENGTH_UNIT()
NAMED_UNIT(*)
SI_UNIT($,.METRE.)
);
#17556=(
NAMED_UNIT(*)
PLANE_ANGLE_UNIT()
SI_UNIT($,.RADIAN.)
);
#17557=(
NAMED_UNIT(*)
SI_UNIT($,.STERADIAN.)
SOLID_ANGLE_UNIT()
);
#17558=SHAPE_DEFINITION_REPRESENTATION(#17565,#17578);
#17559=SHAPE_DEFINITION_REPRESENTATION(#17566,#17579);
#17560=SHAPE_DEFINITION_REPRESENTATION(#17567,#17580);
#17561=SHAPE_DEFINITION_REPRESENTATION(#17569,#17581);
#17562=SHAPE_DEFINITION_REPRESENTATION(#17570,#17582);
#17563=SHAPE_DEFINITION_REPRESENTATION(#17572,#17583);
#17564=SHAPE_DEFINITION_REPRESENTATION(#17573,#17584);
#17565=PRODUCT_DEFINITION_SHAPE('',$,#17586);
#17566=PRODUCT_DEFINITION_SHAPE('',$,#17587);
#17567=PRODUCT_DEFINITION_SHAPE('',$,#17588);
#17568=PRODUCT_DEFINITION_SHAPE($,$,#29);
#17569=PRODUCT_DEFINITION_SHAPE('',$,#17589);
#17570=PRODUCT_DEFINITION_SHAPE('',$,#17590);
#17571=PRODUCT_DEFINITION_SHAPE($,$,#30);
#17572=PRODUCT_DEFINITION_SHAPE('',$,#17591);
#17573=PRODUCT_DEFINITION_SHAPE('',$,#17592);
#17574=PRODUCT_DEFINITION_SHAPE($,$,#31);
#17575=PRODUCT_DEFINITION_SHAPE($,$,#32);
#17576=PRODUCT_DEFINITION_SHAPE($,$,#33);
#17577=PRODUCT_DEFINITION_SHAPE($,$,#34);
#17578=SHAPE_REPRESENTATION('',(#9191,#9631,#9632,#9633,#9634),#17546);
#17579=SHAPE_REPRESENTATION('',(#9192,#9380),#17547);
#17580=SHAPE_REPRESENTATION('',(#9193),#17548);
#17581=SHAPE_REPRESENTATION('',(#9381,#9549),#17549);
#17582=SHAPE_REPRESENTATION('',(#9382),#17550);
#17583=SHAPE_REPRESENTATION('',(#9550),#17551);
#17584=SHAPE_REPRESENTATION('',(#9616),#17552);
#17585=PRODUCT_DEFINITION_CONTEXT('part definition',#17608,'design');
#17586=PRODUCT_DEFINITION('Sherrifs macro pad assembled',
'Sherrifs macro pad assembled v3',#17593,#17585);
#17587=PRODUCT_DEFINITION('2025-12-29-23-34-00-614',
'sherrifs macro pad v3',#17594,#17585);
#17588=PRODUCT_DEFINITION('2025-12-29-23-49-10-164',
'Shreyas'' Fun MacroPad',#17595,#17585);
#17589=PRODUCT_DEFINITION('test pcb sherrifs macropad 1',
'sherrifs pcb assembled v2',#17596,#17585);
#17590=PRODUCT_DEFINITION('test macropad 1_PCB','test macropad 1_PCB',#17597,
#17585);
#17591=PRODUCT_DEFINITION('sherrifs macro pad top plate v2',
'sherrifs macro pad top plate v2 v5',#17598,#17585);
#17592=PRODUCT_DEFINITION('rotary encoder','rotary encoder v1',#17599,#17585);
#17593=PRODUCT_DEFINITION_FORMATION('',$,#17610);
#17594=PRODUCT_DEFINITION_FORMATION('',$,#17611);
#17595=PRODUCT_DEFINITION_FORMATION('',$,#17612);
#17596=PRODUCT_DEFINITION_FORMATION('',$,#17613);
#17597=PRODUCT_DEFINITION_FORMATION('',$,#17614);
#17598=PRODUCT_DEFINITION_FORMATION('',$,#17615);
#17599=PRODUCT_DEFINITION_FORMATION('',$,#17616);
#17600=PRODUCT_RELATED_PRODUCT_CATEGORY(
'Sherrifs macro pad assembled v3','Sherrifs macro pad assembled v3',(#17610));
#17601=PRODUCT_RELATED_PRODUCT_CATEGORY('sherrifs macro pad v3',
'sherrifs macro pad v3',(#17611));
#17602=PRODUCT_RELATED_PRODUCT_CATEGORY('Shreyas'' Fun MacroPad',
'Shreyas'' Fun MacroPad',(#17612));
#17603=PRODUCT_RELATED_PRODUCT_CATEGORY('sherrifs pcb assembled v2',
'sherrifs pcb assembled v2',(#17613));
#17604=PRODUCT_RELATED_PRODUCT_CATEGORY('test macropad 1_PCB',
'test macropad 1_PCB',(#17614));
#17605=PRODUCT_RELATED_PRODUCT_CATEGORY(
'sherrifs macro pad top plate v2 v5',
'sherrifs macro pad top plate v2 v5',(#17615));
#17606=PRODUCT_RELATED_PRODUCT_CATEGORY('rotary encoder v1',
'rotary encoder v1',(#17616));
#17607=APPLICATION_PROTOCOL_DEFINITION('international standard',
'automotive_design',2009,#17608);
#17608=APPLICATION_CONTEXT(
'Core Data for Automotive Mechanical Design Process');
#17609=PRODUCT_CONTEXT('part definition',#17608,'mechanical');
#17610=PRODUCT('Sherrifs macro pad assembled',
'Sherrifs macro pad assembled v3',$,(#17609));
#17611=PRODUCT('2025-12-29-23-34-00-614','sherrifs macro pad v3',$,(#17609));
#17612=PRODUCT('2025-12-29-23-49-10-164','Shreyas'' Fun MacroPad',$,(#17609));
#17613=PRODUCT('test pcb sherrifs macropad 1',
'sherrifs pcb assembled v2','KiCad electronic assembly',(#17609));
#17614=PRODUCT('test macropad 1_PCB','test macropad 1_PCB',$,(#17609));
#17615=PRODUCT('sherrifs macro pad top plate v2',
'sherrifs macro pad top plate v2 v5',$,(#17609));
#17616=PRODUCT('rotary encoder','rotary encoder v1',$,(#17609));
#17617=PRESENTATION_STYLE_ASSIGNMENT((#17619));
#17618=PRESENTATION_STYLE_ASSIGNMENT((#17620));
#17619=SURFACE_STYLE_USAGE(.BOTH.,#17621);
#17620=SURFACE_STYLE_USAGE(.BOTH.,#17622);
#17621=SURFACE_SIDE_STYLE('',(#17623));
#17622=SURFACE_SIDE_STYLE('',(#17624));
#17623=SURFACE_STYLE_FILL_AREA(#17625);
#17624=SURFACE_STYLE_FILL_AREA(#17626);
#17625=FILL_AREA_STYLE('Stahl - satiniert',(#17627));
#17626=FILL_AREA_STYLE('Opaque(80,124,105)',(#17628));
#17627=FILL_AREA_STYLE_COLOUR('Stahl - satiniert',#17629);
#17628=FILL_AREA_STYLE_COLOUR('Opaque(80,124,105)',#17630);
#17629=COLOUR_RGB('Stahl - satiniert',0.627450980392157,0.627450980392157,
0.627450980392157);
#17630=COLOUR_RGB('Opaque(80,124,105)',0.313725490196078,0.486274509803922,
0.411764705882353);
ENDSEC;
END-ISO-10303-21;
